Watching for file changes with StatReloader
"GET /swagger/ HTTP/1.1" 200 2157
"GET /swagger/?format=openapi HTTP/1.1" 200 9366
"POST /accounts/login/ HTTP/1.1" 200 636
"GET /accounts/profile-crud/ HTTP/1.1" 200 433
C:\Users\Admin\Desktop\DjangoRESTProject\config\settings.py changed, reloading.
Watching for file changes with StatReloader
Watching for file changes with StatReloader
"GET /swagger/ HTTP/1.1" 200 2157
"GET /swagger/?format=openapi HTTP/1.1" 200 9366
Bad Request: /accounts/login/
"POST /accounts/login/ HTTP/1.1" 400 51
C:\Users\Admin\Desktop\DjangoRESTProject\accounts\views.py changed, reloading.
Watching for file changes with StatReloader
C:\Users\Admin\Desktop\DjangoRESTProject\accounts\views.py changed, reloading.
Watching for file changes with StatReloader
Bad Request: /accounts/login/
"POST /accounts/login/ HTTP/1.1" 400 56
C:\Users\Admin\Desktop\DjangoRESTProject\accounts\views.py changed, reloading.
Watching for file changes with StatReloader
C:\Users\Admin\Desktop\DjangoRESTProject\accounts\views.py changed, reloading.
Watching for file changes with StatReloader
Watching for file changes with StatReloader
"GET /swagger/ HTTP/1.1" 200 2157
"GET /static/drf-yasg/swagger-ui-dist/swagger-ui.css HTTP/1.1" 304 0
"GET /static/drf-yasg/style.css HTTP/1.1" 304 0
"GET /static/drf-yasg/swagger-ui-init.js HTTP/1.1" 304 0
"GET /static/drf-yasg/swagger-ui-dist/swagger-ui-standalone-preset.js HTTP/1.1" 304 0
"GET /static/drf-yasg/swagger-ui-dist/swagger-ui-bundle.js HTTP/1.1" 304 0
"GET /static/drf-yasg/immutable.min.js HTTP/1.1" 304 0
"GET /static/drf-yasg/insQ.min.js HTTP/1.1" 304 0
"GET /swagger/?format=openapi HTTP/1.1" 200 9366
"GET /static/drf-yasg/swagger-ui-dist/favicon-32x32.png HTTP/1.1" 304 0
"GET /swagger/ HTTP/1.1" 200 2157
"GET /swagger/?format=openapi HTTP/1.1" 200 9366
"POST /accounts/login/ HTTP/1.1" 200 636
Internal Server Error: /accounts/profile-crud/
Traceback (most recent call last):
  File "C:\Users\Admin\Desktop\DjangoRESTProject\venv\Lib\site-packages\django\core\handlers\exception.py", line 55, in inner
    response = get_response(request)
  File "C:\Users\Admin\Desktop\DjangoRESTProject\venv\Lib\site-packages\django\core\handlers\base.py", line 198, in _get_response
    response = wrapped_callback(request, *callback_args, **callback_kwargs)
  File "C:\Users\Admin\Desktop\DjangoRESTProject\venv\Lib\site-packages\django\views\decorators\csrf.py", line 65, in _view_wrapper
    return view_func(request, *args, **kwargs)
  File "C:\Users\Admin\Desktop\DjangoRESTProject\venv\Lib\site-packages\django\views\generic\base.py", line 106, in view
    return self.dispatch(request, *args, **kwargs)
           ~~~~~~~~~~~~~^^^^^^^^^^^^^^^^^^^^^^^^^^
  File "C:\Users\Admin\Desktop\DjangoRESTProject\venv\Lib\site-packages\rest_framework\views.py", line 515, in dispatch
    response = self.handle_exception(exc)
  File "C:\Users\Admin\Desktop\DjangoRESTProject\venv\Lib\site-packages\rest_framework\views.py", line 475, in handle_exception
    self.raise_uncaught_exception(exc)
    ~~~~~~~~~~~~~~~~~~~~~~~~~~~~~^^^^^
  File "C:\Users\Admin\Desktop\DjangoRESTProject\venv\Lib\site-packages\rest_framework\views.py", line 486, in raise_uncaught_exception
    raise exc
  File "C:\Users\Admin\Desktop\DjangoRESTProject\venv\Lib\site-packages\rest_framework\views.py", line 512, in dispatch
    response = handler(request, *args, **kwargs)
  File "C:\Users\Admin\Desktop\DjangoRESTProject\accounts\views.py", line 126, in get
    profile = get_object_or_404(Profile.objects.select_releated("user"), user=request.user)
                                ^^^^^^^^^^^^^^^^^^^^^^^^^^^^^^^
AttributeError: 'Manager' object has no attribute 'select_releated'. Did you mean: 'select_related'?
"GET /accounts/profile-crud/ HTTP/1.1" 500 20599
C:\Users\Admin\Desktop\DjangoRESTProject\accounts\views.py changed, reloading.
Watching for file changes with StatReloader
Watching for file changes with StatReloader
"GET /swagger/ HTTP/1.1" 200 2157
"GET /swagger/?format=openapi HTTP/1.1" 200 9366
"POST /accounts/login/ HTTP/1.1" 200 636
"GET /accounts/profile-crud/ HTTP/1.1" 200 433
"PUT /accounts/profile-crud/ HTTP/1.1" 200 433
"DELETE /accounts/profile-crud/ HTTP/1.1" 204 43
"POST /accounts/profile-restore/ HTTP/1.1" 200 43
"POST /accounts/change-password/ HTTP/1.1" 200 44
"POST /accounts/login/ HTTP/1.1" 200 636
Bad Request: /accounts/logout/
"POST /accounts/logout/ HTTP/1.1" 400 39
C:\Users\Admin\Desktop\DjangoRESTProject\accounts\views.py changed, reloading.
Watching for file changes with StatReloader
Watching for file changes with StatReloader
"GET /swagger/ HTTP/1.1" 200 2157
"GET /swagger/?format=openapi HTTP/1.1" 200 9640
Bad Request: /accounts/login/
"POST /accounts/login/ HTTP/1.1" 400 56
"POST /accounts/login/ HTTP/1.1" 200 636
Unauthorized: /accounts/logout/
"POST /accounts/logout/ HTTP/1.1" 401 119
"POST /accounts/login/ HTTP/1.1" 200 636
"POST /accounts/logout/ HTTP/1.1" 200 38
"GET /accounts/profile-crud/ HTTP/1.1" 200 433
Internal Server Error: /accounts/profile-crud/
Traceback (most recent call last):
  File "C:\Users\Admin\Desktop\DjangoRESTProject\venv\Lib\site-packages\django\db\backends\utils.py", line 105, in _execute
    return self.cursor.execute(sql, params)
           ~~~~~~~~~~~~~~~~~~~^^^^^^^^^^^^^
psycopg2.errors.UniqueViolation: duplicate key value violates unique constraint "accounts_profile_user_id_key"
DETAIL:  Key (user_id)=(b74f8a3d-e4c1-48ac-9e4c-f6e5d6ecb3c0) already exists.


The above exception was the direct cause of the following exception:

Traceback (most recent call last):
  File "C:\Users\Admin\Desktop\DjangoRESTProject\venv\Lib\site-packages\django\core\handlers\exception.py", line 55, in inner
    response = get_response(request)
  File "C:\Users\Admin\Desktop\DjangoRESTProject\venv\Lib\site-packages\django\core\handlers\base.py", line 198, in _get_response
    response = wrapped_callback(request, *callback_args, **callback_kwargs)
  File "C:\Users\Admin\Desktop\DjangoRESTProject\venv\Lib\site-packages\django\views\decorators\csrf.py", line 65, in _view_wrapper
    return view_func(request, *args, **kwargs)
  File "C:\Users\Admin\Desktop\DjangoRESTProject\venv\Lib\site-packages\django\views\generic\base.py", line 106, in view
    return self.dispatch(request, *args, **kwargs)
           ~~~~~~~~~~~~~^^^^^^^^^^^^^^^^^^^^^^^^^^
  File "C:\Users\Admin\Desktop\DjangoRESTProject\venv\Lib\site-packages\rest_framework\views.py", line 515, in dispatch
    response = self.handle_exception(exc)
  File "C:\Users\Admin\Desktop\DjangoRESTProject\venv\Lib\site-packages\rest_framework\views.py", line 475, in handle_exception
    self.raise_uncaught_exception(exc)
    ~~~~~~~~~~~~~~~~~~~~~~~~~~~~~^^^^^
  File "C:\Users\Admin\Desktop\DjangoRESTProject\venv\Lib\site-packages\rest_framework\views.py", line 486, in raise_uncaught_exception
    raise exc
  File "C:\Users\Admin\Desktop\DjangoRESTProject\venv\Lib\site-packages\rest_framework\views.py", line 512, in dispatch
    response = handler(request, *args, **kwargs)
  File "C:\Users\Admin\Desktop\DjangoRESTProject\accounts\views.py", line 120, in post
    serializer.save(user=request.user, created_by=request.user, updated_by=request.user)
    ~~~~~~~~~~~~~~~^^^^^^^^^^^^^^^^^^^^^^^^^^^^^^^^^^^^^^^^^^^^^^^^^^^^^^^^^^^^^^^^^^^^^
  File "C:\Users\Admin\Desktop\DjangoRESTProject\venv\Lib\site-packages\rest_framework\serializers.py", line 210, in save
    self.instance = self.create(validated_data)
                    ~~~~~~~~~~~^^^^^^^^^^^^^^^^
  File "C:\Users\Admin\Desktop\DjangoRESTProject\venv\Lib\site-packages\rest_framework\serializers.py", line 1011, in create
    instance = ModelClass._default_manager.create(**validated_data)
  File "C:\Users\Admin\Desktop\DjangoRESTProject\venv\Lib\site-packages\django\db\models\manager.py", line 87, in manager_method
    return getattr(self.get_queryset(), name)(*args, **kwargs)
           ~~~~~~~~~~~~~~~~~~~~~~~~~~~~~~~~~~^^^^^^^^^^^^^^^^^
  File "C:\Users\Admin\Desktop\DjangoRESTProject\venv\Lib\site-packages\django\db\models\query.py", line 669, in create
    obj.save(force_insert=True, using=self.db)
    ~~~~~~~~^^^^^^^^^^^^^^^^^^^^^^^^^^^^^^^^^^
  File "C:\Users\Admin\Desktop\DjangoRESTProject\venv\Lib\site-packages\django\db\models\base.py", line 874, in save
    self.save_base(
    ~~~~~~~~~~~~~~^
        using=using,
        ^^^^^^^^^^^^
    ...<2 lines>...
        update_fields=update_fields,
        ^^^^^^^^^^^^^^^^^^^^^^^^^^^^
    )
    ^
  File "C:\Users\Admin\Desktop\DjangoRESTProject\venv\Lib\site-packages\django\db\models\base.py", line 966, in save_base
    updated = self._save_table(
        raw,
    ...<4 lines>...
        update_fields,
    )
  File "C:\Users\Admin\Desktop\DjangoRESTProject\venv\Lib\site-packages\django\db\models\base.py", line 1169, in _save_table
    results = self._do_insert(
        cls._base_manager, using, insert_fields, returning_fields, raw
    )
  File "C:\Users\Admin\Desktop\DjangoRESTProject\venv\Lib\site-packages\django\db\models\base.py", line 1220, in _do_insert
    return manager._insert(
           ~~~~~~~~~~~~~~~^
        [self],
        ^^^^^^^
    ...<3 lines>...
        raw=raw,
        ^^^^^^^^
    )
    ^
  File "C:\Users\Admin\Desktop\DjangoRESTProject\venv\Lib\site-packages\django\db\models\manager.py", line 87, in manager_method
    return getattr(self.get_queryset(), name)(*args, **kwargs)
           ~~~~~~~~~~~~~~~~~~~~~~~~~~~~~~~~~~^^^^^^^^^^^^^^^^^
  File "C:\Users\Admin\Desktop\DjangoRESTProject\venv\Lib\site-packages\django\db\models\query.py", line 1918, in _insert
    return query.get_compiler(using=using).execute_sql(returning_fields)
           ~~~~~~~~~~~~~~~~~~~~~~~~~~~~~~~~~~~~~~~~~~~^^^^^^^^^^^^^^^^^^
  File "C:\Users\Admin\Desktop\DjangoRESTProject\venv\Lib\site-packages\django\db\models\sql\compiler.py", line 1925, in execute_sql
    cursor.execute(sql, params)
    ~~~~~~~~~~~~~~^^^^^^^^^^^^^
  File "C:\Users\Admin\Desktop\DjangoRESTProject\venv\Lib\site-packages\django\db\backends\utils.py", line 122, in execute
    return super().execute(sql, params)
           ~~~~~~~~~~~~~~~^^^^^^^^^^^^^
  File "C:\Users\Admin\Desktop\DjangoRESTProject\venv\Lib\site-packages\django\db\backends\utils.py", line 79, in execute
    return self._execute_with_wrappers(
           ~~~~~~~~~~~~~~~~~~~~~~~~~~~^
        sql, params, many=False, executor=self._execute
        ^^^^^^^^^^^^^^^^^^^^^^^^^^^^^^^^^^^^^^^^^^^^^^^
    )
    ^
  File "C:\Users\Admin\Desktop\DjangoRESTProject\venv\Lib\site-packages\django\db\backends\utils.py", line 92, in _execute_with_wrappers
    return executor(sql, params, many, context)
  File "C:\Users\Admin\Desktop\DjangoRESTProject\venv\Lib\site-packages\django\db\backends\utils.py", line 100, in _execute
    with self.db.wrap_database_errors:
         ^^^^^^^^^^^^^^^^^^^^^^^^^^^^
  File "C:\Users\Admin\Desktop\DjangoRESTProject\venv\Lib\site-packages\django\db\utils.py", line 94, in __exit__
    raise dj_exc_value.with_traceback(traceback) from exc_value
  File "C:\Users\Admin\Desktop\DjangoRESTProject\venv\Lib\site-packages\django\db\backends\utils.py", line 105, in _execute
    return self.cursor.execute(sql, params)
           ~~~~~~~~~~~~~~~~~~~^^^^^^^^^^^^^
django.db.utils.IntegrityError: duplicate key value violates unique constraint "accounts_profile_user_id_key"
DETAIL:  Key (user_id)=(b74f8a3d-e4c1-48ac-9e4c-f6e5d6ecb3c0) already exists.

"POST /accounts/profile-crud/ HTTP/1.1" 500 24998
Watching for file changes with StatReloader
"GET /admin/ HTTP/1.1" 302 0
"GET /admin/login/?next=/admin/ HTTP/1.1" 200 4077
"GET /static/admin/css/dark_mode.css HTTP/1.1" 304 0
"GET /static/admin/css/responsive.css HTTP/1.1" 304 0
"GET /static/admin/js/theme.js HTTP/1.1" 304 0
"GET /static/admin/css/base.css HTTP/1.1" 304 0
"GET /static/admin/css/nav_sidebar.css HTTP/1.1" 304 0
"GET /static/admin/js/nav_sidebar.js HTTP/1.1" 304 0
"GET /static/admin/css/login.css HTTP/1.1" 200 951
Not Found: /favicon.ico
"GET /favicon.ico HTTP/1.1" 404 3023
"POST /admin/login/?next=/admin/ HTTP/1.1" 200 4252
"POST /admin/login/?next=/admin/ HTTP/1.1" 200 4252
"POST /admin/login/?next=/admin/ HTTP/1.1" 302 0
"GET /admin/ HTTP/1.1" 200 12866
"GET /static/admin/css/dashboard.css HTTP/1.1" 304 0
"GET /static/admin/img/icon-addlink.svg HTTP/1.1" 304 0
"GET /static/admin/img/icon-changelink.svg HTTP/1.1" 304 0
"GET /admin/rides/ HTTP/1.1" 200 7827
"GET /admin/rides/ HTTP/1.1" 200 7827
"GET /admin/rides/ HTTP/1.1" 200 7827
"GET /admin/rides/driverprofile/ HTTP/1.1" 200 16225
"GET /static/admin/css/changelists.css HTTP/1.1" 304 0
"GET /static/admin/js/vendor/jquery/jquery.js HTTP/1.1" 304 0
"GET /static/admin/js/jquery.init.js HTTP/1.1" 304 0
"GET /static/admin/js/core.js HTTP/1.1" 304 0
"GET /static/admin/js/urlify.js HTTP/1.1" 304 0
"GET /static/admin/js/actions.js HTTP/1.1" 304 0
"GET /static/admin/js/prepopulate.js HTTP/1.1" 304 0
"GET /static/admin/js/vendor/xregexp/xregexp.js HTTP/1.1" 304 0
"GET /static/admin/js/admin/RelatedObjectLookups.js HTTP/1.1" 304 0
"GET /static/admin/img/search.svg HTTP/1.1" 304 0
"GET /static/admin/img/icon-yes.svg HTTP/1.1" 304 0
"GET /static/admin/js/filters.js HTTP/1.1" 304 0
"GET /admin/jsi18n/ HTTP/1.1" 200 3342
"GET /static/admin/img/tooltag-add.svg HTTP/1.1" 304 0
"GET /static/admin/img/icon-viewlink.svg HTTP/1.1" 304 0
"GET /static/admin/img/sorting-icons.svg HTTP/1.1" 304 0
"GET /admin/rides/ HTTP/1.1" 200 7827
"GET /admin/rides/ HTTP/1.1" 200 7827
"GET /admin/rides/ride/ HTTP/1.1" 200 17686
"GET /admin/jsi18n/ HTTP/1.1" 200 3342
"GET /admin/rides/ride/?q=testuser%40gmail.com HTTP/1.1" 200 18334
"GET /admin/jsi18n/ HTTP/1.1" 200 3342
"GET /admin/rides/ride/?q=testuser%40gmail.com HTTP/1.1" 200 18334
"GET /admin/jsi18n/ HTTP/1.1" 200 3342
"GET /admin/rides/ride/?_facets=True&q=testuser%40gmail.com HTTP/1.1" 200 18774
"GET /admin/jsi18n/ HTTP/1.1" 200 3342
"GET /static/admin/img/icon-hidelink.svg HTTP/1.1" 200 1131
"GET /admin/rides/ride/?q=testuser%40gmail.com HTTP/1.1" 200 18334
"GET /admin/jsi18n/ HTTP/1.1" 200 3342
"GET /admin/rides/ride/?q=testuser%40gmail.com&ride_type__exact=NOW HTTP/1.1" 200 18977
"GET /admin/jsi18n/ HTTP/1.1" 200 3342
"GET /admin/rides/ride/?q=testuser%40gmail.com&ride_type__exact=NOW HTTP/1.1" 200 18977
"GET /admin/jsi18n/ HTTP/1.1" 200 3342
Watching for file changes with StatReloader
Unauthorized: /api/drivers/
"GET /api/drivers/ HTTP/1.1" 401 233
Bad Request: /accounts/login/
"POST /accounts/login/ HTTP/1.1" 400 56
Bad Request: /accounts/login/
"POST /accounts/login/ HTTP/1.1" 400 56
Bad Request: /accounts/login/
"POST /accounts/login/ HTTP/1.1" 400 56
Bad Request: /accounts/register/
"POST /accounts/register/ HTTP/1.1" 400 107
Unsupported Media Type: /accounts/login/
"POST /accounts/login/ HTTP/1.1" 415 123
Unsupported Media Type: /accounts/login/
"POST /accounts/login/ HTTP/1.1" 415 123
"POST /accounts/login/ HTTP/1.1" 200 636
"POST /accounts/login/ HTTP/1.1" 200 636
"GET /api/drivers/ HTTP/1.1" 200 210
Not Found: /api/drivers/3fc9a0ac-6057-4b9e-b98a-5f643a26e322/
"GET /api/drivers/3fc9a0ac-6057-4b9e-b98a-5f643a26e322/ HTTP/1.1" 404 115
Not Found: /api/drivers/3fc9a0ac-6057-4b9e-b98a-5f543a26e322/
"GET /api/drivers/3fc9a0ac-6057-4b9e-b98a-5f543a26e322/ HTTP/1.1" 404 115
Watching for file changes with StatReloader
"POST /accounts/login/ HTTP/1.1" 200 636
"GET /api/drivers/3fc9a0ac-6057-4b9c-b98a-5f543a26e322/ HTTP/1.1" 200 158
"PATCH /api/drivers/3fc9a0ac-6057-4b9c-b98a-5f543a26e322/ HTTP/1.1" 200 159
"POST /accounts/login/ HTTP/1.1" 200 636
Watching for file changes with StatReloader
"POST /accounts/login/ HTTP/1.1" 200 636
"POST /api/drivers/ HTTP/1.1" 201 159
"GET /api/drivers/ HTTP/1.1" 200 371
Not Found: /api/drivers/3fc9a0ac-6057-4b9e-b98a-5f643a26e322/
"GET /api/drivers/3fc9a0ac-6057-4b9e-b98a-5f643a26e322/ HTTP/1.1" 404 115
Not Found: /api/drivers/3fc9a0ac-6057-4b9e-b98a-5f543a26e322/
"GET /api/drivers/3fc9a0ac-6057-4b9e-b98a-5f543a26e322/ HTTP/1.1" 404 115
"POST /accounts/login/ HTTP/1.1" 200 636
Not Found: /api/drivers/3fc9a0ac-6057-4b9e-b98a-5f543a26e322/
"GET /api/drivers/3fc9a0ac-6057-4b9e-b98a-5f543a26e322/ HTTP/1.1" 404 115
C:\Users\Admin\Desktop\DjangoRESTProject\rides\serializers.py changed, reloading.
Watching for file changes with StatReloader
C:\Users\Admin\Desktop\DjangoRESTProject\api\views.py changed, reloading.
Watching for file changes with StatReloader
C:\Users\Admin\Desktop\DjangoRESTProject\api\urls.py changed, reloading.
Watching for file changes with StatReloader
Watching for file changes with StatReloader
"POST /accounts/login/ HTTP/1.1" 200 636
Watching for file changes with StatReloader
"POST /accounts/login/ HTTP/1.1" 200 636
Bad Request: /api/vehicles/
"POST /api/vehicles/ HTTP/1.1" 400 318
Watching for file changes with StatReloader
"POST /accounts/login/ HTTP/1.1" 200 636
Bad Request: /api/vehicles/
"POST /api/vehicles/ HTTP/1.1" 400 228
Watching for file changes with StatReloader
"POST /accounts/login/ HTTP/1.1" 200 636
"POST /api/vehicles/ HTTP/1.1" 201 312
"GET /api/vehicles/ HTTP/1.1" 200 677
"GET /api/vehicles/3974e767-962b-40d4-a668-8cbdce8e3db7/ HTTP/1.1" 200 312
"PATCH /api/vehicles/3974e767-962b-40d4-a668-8cbdce8e3db7/ HTTP/1.1" 200 312
Internal Server Error: /api/vehicles/3974e767-962b-40d4-a668-8cbdce8e3db7/
Traceback (most recent call last):
  File "C:\Users\Admin\Desktop\DjangoRESTProject\venv\Lib\site-packages\django\core\handlers\exception.py", line 55, in inner
    response = get_response(request)
  File "C:\Users\Admin\Desktop\DjangoRESTProject\venv\Lib\site-packages\django\core\handlers\base.py", line 198, in _get_response
    response = wrapped_callback(request, *callback_args, **callback_kwargs)
  File "C:\Users\Admin\Desktop\DjangoRESTProject\venv\Lib\site-packages\django\views\decorators\csrf.py", line 65, in _view_wrapper
    return view_func(request, *args, **kwargs)
  File "C:\Users\Admin\Desktop\DjangoRESTProject\venv\Lib\site-packages\django\views\generic\base.py", line 106, in view
    return self.dispatch(request, *args, **kwargs)
           ~~~~~~~~~~~~~^^^^^^^^^^^^^^^^^^^^^^^^^^
  File "C:\Users\Admin\Desktop\DjangoRESTProject\venv\Lib\site-packages\rest_framework\views.py", line 515, in dispatch
    response = self.handle_exception(exc)
  File "C:\Users\Admin\Desktop\DjangoRESTProject\venv\Lib\site-packages\rest_framework\views.py", line 475, in handle_exception
    self.raise_uncaught_exception(exc)
    ~~~~~~~~~~~~~~~~~~~~~~~~~~~~~^^^^^
  File "C:\Users\Admin\Desktop\DjangoRESTProject\venv\Lib\site-packages\rest_framework\views.py", line 486, in raise_uncaught_exception
    raise exc
  File "C:\Users\Admin\Desktop\DjangoRESTProject\venv\Lib\site-packages\rest_framework\views.py", line 512, in dispatch
    response = handler(request, *args, **kwargs)
  File "C:\Users\Admin\Desktop\DjangoRESTProject\venv\Lib\site-packages\rest_framework\generics.py", line 295, in delete
    return self.destroy(request, *args, **kwargs)
           ~~~~~~~~~~~~^^^^^^^^^^^^^^^^^^^^^^^^^^
  File "C:\Users\Admin\Desktop\DjangoRESTProject\venv\Lib\site-packages\rest_framework\mixins.py", line 91, in destroy
    self.perform_destroy(instance)
    ~~~~~~~~~~~~~~~~~~~~^^^^^^^^^^
  File "C:\Users\Admin\Desktop\DjangoRESTProject\venv\Lib\site-packages\rest_framework\mixins.py", line 95, in perform_destroy
    instance.delete()
    ~~~~~~~~~~~~~~~^^
  File "C:\Users\Admin\Desktop\DjangoRESTProject\venv\Lib\site-packages\django\db\models\base.py", line 1299, in delete
    collector.collect([self], keep_parents=keep_parents)
    ~~~~~~~~~~~~~~~~~^^^^^^^^^^^^^^^^^^^^^^^^^^^^^^^^^^^
  File "C:\Users\Admin\Desktop\DjangoRESTProject\venv\Lib\site-packages\django\db\models\deletion.py", line 354, in collect
    raise ProtectedError(
    ...<7 lines>...
    )
django.db.models.deletion.ProtectedError: ("Cannot delete some instances of model 'Vehicle' because they are referenced through protected foreign keys: 'Ride.vehicle'.", {<Ride: Ride f0bdd0a9-15a4-4145-b436-de94dc9462c9>})
"DELETE /api/vehicles/3974e767-962b-40d4-a668-8cbdce8e3db7/ HTTP/1.1" 500 117178
Internal Server Error: /api/vehicles/3974e767-962b-40d4-a668-8cbdce8e3db7/
Traceback (most recent call last):
  File "C:\Users\Admin\Desktop\DjangoRESTProject\venv\Lib\site-packages\django\core\handlers\exception.py", line 55, in inner
    response = get_response(request)
  File "C:\Users\Admin\Desktop\DjangoRESTProject\venv\Lib\site-packages\django\core\handlers\base.py", line 198, in _get_response
    response = wrapped_callback(request, *callback_args, **callback_kwargs)
  File "C:\Users\Admin\Desktop\DjangoRESTProject\venv\Lib\site-packages\django\views\decorators\csrf.py", line 65, in _view_wrapper
    return view_func(request, *args, **kwargs)
  File "C:\Users\Admin\Desktop\DjangoRESTProject\venv\Lib\site-packages\django\views\generic\base.py", line 106, in view
    return self.dispatch(request, *args, **kwargs)
           ~~~~~~~~~~~~~^^^^^^^^^^^^^^^^^^^^^^^^^^
  File "C:\Users\Admin\Desktop\DjangoRESTProject\venv\Lib\site-packages\rest_framework\views.py", line 515, in dispatch
    response = self.handle_exception(exc)
  File "C:\Users\Admin\Desktop\DjangoRESTProject\venv\Lib\site-packages\rest_framework\views.py", line 475, in handle_exception
    self.raise_uncaught_exception(exc)
    ~~~~~~~~~~~~~~~~~~~~~~~~~~~~~^^^^^
  File "C:\Users\Admin\Desktop\DjangoRESTProject\venv\Lib\site-packages\rest_framework\views.py", line 486, in raise_uncaught_exception
    raise exc
  File "C:\Users\Admin\Desktop\DjangoRESTProject\venv\Lib\site-packages\rest_framework\views.py", line 512, in dispatch
    response = handler(request, *args, **kwargs)
  File "C:\Users\Admin\Desktop\DjangoRESTProject\venv\Lib\site-packages\rest_framework\generics.py", line 295, in delete
    return self.destroy(request, *args, **kwargs)
           ~~~~~~~~~~~~^^^^^^^^^^^^^^^^^^^^^^^^^^
  File "C:\Users\Admin\Desktop\DjangoRESTProject\venv\Lib\site-packages\rest_framework\mixins.py", line 91, in destroy
    self.perform_destroy(instance)
    ~~~~~~~~~~~~~~~~~~~~^^^^^^^^^^
  File "C:\Users\Admin\Desktop\DjangoRESTProject\venv\Lib\site-packages\rest_framework\mixins.py", line 95, in perform_destroy
    instance.delete()
    ~~~~~~~~~~~~~~~^^
  File "C:\Users\Admin\Desktop\DjangoRESTProject\venv\Lib\site-packages\django\db\models\base.py", line 1299, in delete
    collector.collect([self], keep_parents=keep_parents)
    ~~~~~~~~~~~~~~~~~^^^^^^^^^^^^^^^^^^^^^^^^^^^^^^^^^^^
  File "C:\Users\Admin\Desktop\DjangoRESTProject\venv\Lib\site-packages\django\db\models\deletion.py", line 354, in collect
    raise ProtectedError(
    ...<7 lines>...
    )
django.db.models.deletion.ProtectedError: ("Cannot delete some instances of model 'Vehicle' because they are referenced through protected foreign keys: 'Ride.vehicle'.", {<Ride: Ride f0bdd0a9-15a4-4145-b436-de94dc9462c9>})
"DELETE /api/vehicles/3974e767-962b-40d4-a668-8cbdce8e3db7/ HTTP/1.1" 500 117186
C:\Users\Admin\Desktop\DjangoRESTProject\rides\serializers.py changed, reloading.
Watching for file changes with StatReloader
C:\Users\Admin\Desktop\DjangoRESTProject\rides\serializers.py changed, reloading.
Watching for file changes with StatReloader
Bad Request: /api/vehicles/
"POST /api/vehicles/ HTTP/1.1" 400 158
Watching for file changes with StatReloader
"POST /accounts/login/ HTTP/1.1" 200 636
"POST /api/vehicles/ HTTP/1.1" 201 312
Bad Request: /api/vehicles/
"POST /api/vehicles/ HTTP/1.1" 400 132
Bad Request: /api/vehicles/
"POST /api/vehicles/ HTTP/1.1" 400 222
Bad Request: /api/vehicles/
"POST /api/vehicles/ HTTP/1.1" 400 239
"POST /api/vehicles/ HTTP/1.1" 201 312
C:\Users\Admin\Desktop\DjangoRESTProject\rides\serializers.py changed, reloading.
Watching for file changes with StatReloader
Bad Request: /api/vehicles/
"POST /api/vehicles/ HTTP/1.1" 400 132
Bad Request: /api/vehicles/
"POST /api/vehicles/ HTTP/1.1" 400 113
C:\Users\Admin\Desktop\DjangoRESTProject\api\views.py changed, reloading.
Watching for file changes with StatReloader
C:\Users\Admin\Desktop\DjangoRESTProject\api\views.py changed, reloading.
Watching for file changes with StatReloader
C:\Users\Admin\Desktop\DjangoRESTProject\api\views.py changed, reloading.
Watching for file changes with StatReloader
C:\Users\Admin\Desktop\DjangoRESTProject\rides\permissions.py changed, reloading.
Watching for file changes with StatReloader
C:\Users\Admin\Desktop\DjangoRESTProject\api\views.py changed, reloading.
Watching for file changes with StatReloader
Unauthorized: /api/vehicles/
"POST /api/vehicles/ HTTP/1.1" 401 233
"POST /accounts/login/ HTTP/1.1" 200 636
Bad Request: /api/vehicles/
"POST /api/vehicles/ HTTP/1.1" 400 113
Watching for file changes with StatReloader
"POST /accounts/login/ HTTP/1.1" 200 636
Bad Request: /api/vehicles/
"POST /api/vehicles/ HTTP/1.1" 400 113
"POST /accounts/login/ HTTP/1.1" 200 640
"POST /api/vehicles/ HTTP/1.1" 201 312
Bad Request: /api/vehicles/
"POST /api/vehicles/ HTTP/1.1" 400 112
Bad Request: /api/vehicles/
"POST /api/vehicles/ HTTP/1.1" 400 228
Bad Request: /api/vehicles/
"POST /api/vehicles/ HTTP/1.1" 400 222
"POST /api/vehicles/ HTTP/1.1" 201 312
Bad Request: /api/vehicles/
"POST /api/vehicles/ HTTP/1.1" 400 132
Bad Request: /api/vehicles/
"POST /api/vehicles/ HTTP/1.1" 400 132
Bad Request: /api/vehicles/
"POST /api/vehicles/ HTTP/1.1" 400 132
Bad Request: /api/vehicles/
"POST /api/vehicles/ HTTP/1.1" 400 132
Bad Request: /api/vehicles/
"POST /api/vehicles/ HTTP/1.1" 400 132
Bad Request: /api/vehicles/
"POST /api/vehicles/ HTTP/1.1" 400 113
Bad Request: /api/vehicles/
"POST /api/vehicles/ HTTP/1.1" 400 132
Bad Request: /api/vehicles/
"POST /api/vehicles/ HTTP/1.1" 400 132
"POST /api/vehicles/ HTTP/1.1" 201 312
C:\Users\Admin\Desktop\DjangoRESTProject\rides\serializers.py changed, reloading.
Watching for file changes with StatReloader
C:\Users\Admin\Desktop\DjangoRESTProject\rides\serializers.py changed, reloading.
Watching for file changes with StatReloader
Unauthorized: /api/vehicles/
"POST /api/vehicles/ HTTP/1.1" 401 233
"POST /accounts/login/ HTTP/1.1" 200 640
"GET /api/vehicles/ HTTP/1.1" 200 717
"POST /accounts/login/ HTTP/1.1" 200 640
"GET /api/drivers/ HTTP/1.1" 200 768
Watching for file changes with StatReloader
"POST /accounts/login/ HTTP/1.1" 200 640
Unauthorized: /api/vehicles/
"GET /api/vehicles/ HTTP/1.1" 401 168
"GET /api/vehicles/ HTTP/1.1" 200 717
"GET /api/vehicles/?is_active=true HTTP/1.1" 200 732
"GET /api/vehicles/?vehicle_type=7a8efb0a-2a84-4223-98ee-9f44fc3f3017 HTTP/1.1" 200 767
Internal Server Error: /api/vehicles/
Traceback (most recent call last):
  File "C:\Users\Admin\Desktop\DjangoRESTProject\venv\Lib\site-packages\django\core\handlers\exception.py", line 55, in inner
    response = get_response(request)
  File "C:\Users\Admin\Desktop\DjangoRESTProject\venv\Lib\site-packages\django\core\handlers\base.py", line 198, in _get_response
    response = wrapped_callback(request, *callback_args, **callback_kwargs)
  File "C:\Users\Admin\Desktop\DjangoRESTProject\venv\Lib\site-packages\django\views\decorators\csrf.py", line 65, in _view_wrapper
    return view_func(request, *args, **kwargs)
  File "C:\Users\Admin\Desktop\DjangoRESTProject\venv\Lib\site-packages\django\views\generic\base.py", line 106, in view
    return self.dispatch(request, *args, **kwargs)
           ~~~~~~~~~~~~~^^^^^^^^^^^^^^^^^^^^^^^^^^
  File "C:\Users\Admin\Desktop\DjangoRESTProject\venv\Lib\site-packages\rest_framework\views.py", line 515, in dispatch
    response = self.handle_exception(exc)
  File "C:\Users\Admin\Desktop\DjangoRESTProject\venv\Lib\site-packages\rest_framework\views.py", line 475, in handle_exception
    self.raise_uncaught_exception(exc)
    ~~~~~~~~~~~~~~~~~~~~~~~~~~~~~^^^^^
  File "C:\Users\Admin\Desktop\DjangoRESTProject\venv\Lib\site-packages\rest_framework\views.py", line 486, in raise_uncaught_exception
    raise exc
  File "C:\Users\Admin\Desktop\DjangoRESTProject\venv\Lib\site-packages\rest_framework\views.py", line 512, in dispatch
    response = handler(request, *args, **kwargs)
  File "C:\Users\Admin\Desktop\DjangoRESTProject\venv\Lib\site-packages\rest_framework\generics.py", line 243, in get
    return self.list(request, *args, **kwargs)
           ~~~~~~~~~^^^^^^^^^^^^^^^^^^^^^^^^^^
  File "C:\Users\Admin\Desktop\DjangoRESTProject\venv\Lib\site-packages\rest_framework\mixins.py", line 38, in list
    queryset = self.filter_queryset(self.get_queryset())
  File "C:\Users\Admin\Desktop\DjangoRESTProject\venv\Lib\site-packages\rest_framework\generics.py", line 154, in filter_queryset
    queryset = backend().filter_queryset(self.request, queryset, self)
  File "C:\Users\Admin\Desktop\DjangoRESTProject\venv\Lib\site-packages\rest_framework\filters.py", line 157, in filter_queryset
    queryset = queryset.filter(reduce(operator.and_, conditions))
  File "C:\Users\Admin\Desktop\DjangoRESTProject\venv\Lib\site-packages\django\db\models\query.py", line 1542, in filter
    return self._filter_or_exclude(False, args, kwargs)
           ~~~~~~~~~~~~~~~~~~~~~~~^^^^^^^^^^^^^^^^^^^^^
  File "C:\Users\Admin\Desktop\DjangoRESTProject\venv\Lib\site-packages\django\db\models\query.py", line 1560, in _filter_or_exclude
    clone._filter_or_exclude_inplace(negate, args, kwargs)
    ~~~~~~~~~~~~~~~~~~~~~~~~~~~~~~~~^^^^^^^^^^^^^^^^^^^^^^
  File "C:\Users\Admin\Desktop\DjangoRESTProject\venv\Lib\site-packages\django\db\models\query.py", line 1570, in _filter_or_exclude_inplace
    self._query.add_q(Q(*args, **kwargs))
    ~~~~~~~~~~~~~~~~~^^^^^^^^^^^^^^^^^^^^
  File "C:\Users\Admin\Desktop\DjangoRESTProject\venv\Lib\site-packages\django\db\models\sql\query.py", line 1676, in add_q
    clause, _ = self._add_q(q_object, can_reuse)
                ~~~~~~~~~~~^^^^^^^^^^^^^^^^^^^^^
  File "C:\Users\Admin\Desktop\DjangoRESTProject\venv\Lib\site-packages\django\db\models\sql\query.py", line 1708, in _add_q
    child_clause, needed_inner = self.build_filter(
                                 ~~~~~~~~~~~~~~~~~^
        child,
        ^^^^^^
    ...<7 lines>...
        update_join_types=update_join_types,
        ^^^^^^^^^^^^^^^^^^^^^^^^^^^^^^^^^^^^
    )
    ^
  File "C:\Users\Admin\Desktop\DjangoRESTProject\venv\Lib\site-packages\django\db\models\sql\query.py", line 1533, in build_filter
    return self._add_q(
           ~~~~~~~~~~~^
        filter_expr,
        ^^^^^^^^^^^^
    ...<7 lines>...
        update_join_types=update_join_types,
        ^^^^^^^^^^^^^^^^^^^^^^^^^^^^^^^^^^^^
    )
    ^
  File "C:\Users\Admin\Desktop\DjangoRESTProject\venv\Lib\site-packages\django\db\models\sql\query.py", line 1708, in _add_q
    child_clause, needed_inner = self.build_filter(
                                 ~~~~~~~~~~~~~~~~~^
        child,
        ^^^^^^
    ...<7 lines>...
        update_join_types=update_join_types,
        ^^^^^^^^^^^^^^^^^^^^^^^^^^^^^^^^^^^^
    )
    ^
  File "C:\Users\Admin\Desktop\DjangoRESTProject\venv\Lib\site-packages\django\db\models\sql\query.py", line 1556, in build_filter
    lookups, parts, reffed_expression = self.solve_lookup_type(arg, summarize)
                                        ~~~~~~~~~~~~~~~~~~~~~~^^^^^^^^^^^^^^^^
  File "C:\Users\Admin\Desktop\DjangoRESTProject\venv\Lib\site-packages\django\db\models\sql\query.py", line 1363, in solve_lookup_type
    _, field, _, lookup_parts = self.names_to_path(lookup_splitted, self.get_meta())
                                ~~~~~~~~~~~~~~~~~~^^^^^^^^^^^^^^^^^^^^^^^^^^^^^^^^^^
  File "C:\Users\Admin\Desktop\DjangoRESTProject\venv\Lib\site-packages\django\db\models\sql\query.py", line 1842, in names_to_path
    raise FieldError(
    ...<2 lines>...
    )
django.core.exceptions.FieldError: Cannot resolve keyword 'driver_user_username' into field. Choices are: color, created_at, driver, driver_id, id, is_active, model, rides, updated_at, vehicle_number, vehicle_type, vehicle_type_id
"GET /api/vehicles/?search=Swift HTTP/1.1" 500 167994
C:\Users\Admin\Desktop\DjangoRESTProject\api\views.py changed, reloading.
Watching for file changes with StatReloader
"GET /api/vehicles/?search=Swift HTTP/1.1" 200 730
"GET /api/vehicles/?ordering=created_at HTTP/1.1" 200 737
"GET /api/vehicles/?ordering=-created_at HTTP/1.1" 200 738
"GET /api/vehicles/?page=1 HTTP/1.1" 200 717
"GET /api/vehicles/?page=2 HTTP/1.1" 200 750
"GET /api/vehicles/?page=4 HTTP/1.1" 200 404
Unauthorized: /api/drivers/00000000-0000-0000-0000-000000000000/
"GET /api/drivers/00000000-0000-0000-0000-000000000000/ HTTP/1.1" 401 233
"POST /accounts/login/ HTTP/1.1" 200 640
Not Found: /api/drivers/00000000-0000-0000-0000-000000000000/
"GET /api/drivers/00000000-0000-0000-0000-000000000000/ HTTP/1.1" 404 115
Unauthorized: /api/vehicles/00000000-0000-0000-0000-000000000000/
"GET /api/vehicles/00000000-0000-0000-0000-000000000000/ HTTP/1.1" 401 233
Not Found: /api/vehicles/00000000-0000-0000-0000-000000000000/
"GET /api/vehicles/00000000-0000-0000-0000-000000000000/ HTTP/1.1" 404 109
Bad Request: /api/vehicles/
"POST /api/vehicles/ HTTP/1.1" 400 132
Unauthorized: /api/vehicles/
"POST /api/vehicles/ HTTP/1.1" 401 119
Bad Request: /api/vehicles/
"POST /api/vehicles/ HTTP/1.1" 400 173
Bad Request: /api/vehicles/
"POST /api/vehicles/ HTTP/1.1" 400 103
"POST /api/vehicles/ HTTP/1.1" 201 318
Unauthorized: /api/vehicles/
"POST /api/vehicles/ HTTP/1.1" 401 119
"POST /api/vehicles/ HTTP/1.1" 201 315
Bad Request: /api/vehicles/
"POST /api/vehicles/ HTTP/1.1" 400 173
Unauthorized: /api/vehicles/
"POST /api/vehicles/ HTTP/1.1" 401 233
"POST /accounts/login/ HTTP/1.1" 200 640
Bad Request: /api/vehicles/
"POST /api/vehicles/ HTTP/1.1" 400 132
Watching for file changes with StatReloader
"GET /api/drivers/ HTTP/1.1" 200 14454
"GET /static/rest_framework/css/prettify.css HTTP/1.1" 200 817
"GET /static/rest_framework/js/csrf.js HTTP/1.1" 200 1793
"GET /static/rest_framework/css/bootstrap.min.css HTTP/1.1" 200 121457
"GET /static/rest_framework/js/ajax-form.js HTTP/1.1" 200 3796
"GET /static/rest_framework/js/bootstrap.min.js HTTP/1.1" 200 39680
"GET /static/rest_framework/js/default.js HTTP/1.1" 200 1268
"GET /static/rest_framework/js/load-ajax-form.js HTTP/1.1" 200 59
"GET /static/rest_framework/css/default.css HTTP/1.1" 200 1152
"GET /static/rest_framework/js/prettify-min.js HTTP/1.1" 200 13632
"GET /static/rest_framework/css/bootstrap-tweaks.css HTTP/1.1" 200 3426
"GET /static/rest_framework/img/grid.png HTTP/1.1" 200 1458
"GET /static/rest_framework/fonts/glyphicons-halflings-regular.woff2 HTTP/1.1" 200 18028
"GET /static/rest_framework/js/jquery-3.7.1.min.js HTTP/1.1" 200 87533
Not Found: /favicon.ico
"GET /favicon.ico HTTP/1.1" 404 3170
Unauthorized: /api/drivers/
"GET /api/drivers/ HTTP/1.1" 401 233
"POST /accounts/login/ HTTP/1.1" 200 640
"GET /api/drivers/ HTTP/1.1" 200 883
"GET /api/drivers/ HTTP/1.1" 200 883
"GET /api/drivers/3fc9a0ac-6057-4b9c-b98a-5f543a26e322/ HTTP/1.1" 200 278
"GET /api/drivers/3fc9a0ac-6057-4b9c-b98a-5f543a26e322/ HTTP/1.1" 200 278
"GET /api/rides/ HTTP/1.1" 200 605
Watching for file changes with StatReloader
"POST /accounts/login/ HTTP/1.1" 200 640
"POST /api/rides/ HTTP/1.1" 201 553
"PATCH /api/rides/8b9ce6ee-3c7f-408b-9ecb-72ef0fee4672/status/ HTTP/1.1" 200 553
Bad Request: /api/rides/8b9ce6ee-3c7f-408b-9ecb-72ef0fee4672/status/
"PATCH /api/rides/8b9ce6ee-3c7f-408b-9ecb-72ef0fee4672/status/ HTTP/1.1" 400 138
Watching for file changes with StatReloader
"POST /accounts/login/ HTTP/1.1" 200 640
"PATCH /api/rides/8b9ce6ee-3c7f-408b-9ecb-72ef0fee4672/status/ HTTP/1.1" 200 553
Watching for file changes with StatReloader
"PATCH /api/rides/8b9ce6ee-3c7f-408b-9ecb-72ef0fee4672/status/ HTTP/1.1" 200 553
Watching for file changes with StatReloader
"PATCH /api/rides/8b9ce6ee-3c7f-408b-9ecb-72ef0fee4672/status/ HTTP/1.1" 200 553
"GET /api/rides/ HTTP/1.1" 200 1159
"GET /api/rides/8b9ce6ee-3c7f-408b-9ecb-72ef0fee4672/ HTTP/1.1" 200 553
Watching for file changes with StatReloader
"POST /accounts/login/ HTTP/1.1" 200 640
"POST /api/rides/ HTTP/1.1" 201 483
C:\Users\Admin\Desktop\DjangoRESTProject\rides\views.py changed, reloading.
Watching for file changes with StatReloader
"POST /api/rides/ HTTP/1.1" 201 483
C:\Users\Admin\Desktop\DjangoRESTProject\rides\serializers.py changed, reloading.
Watching for file changes with StatReloader
Watching for file changes with StatReloader
"POST /accounts/login/ HTTP/1.1" 200 640
"POST /api/rides/ HTTP/1.1" 201 553
C:\Users\Admin\Desktop\DjangoRESTProject\rides\serializers.py changed, reloading.
Watching for file changes with StatReloader
C:\Users\Admin\Desktop\DjangoRESTProject\rides\views.py changed, reloading.
Watching for file changes with StatReloader
Watching for file changes with StatReloader
"POST /accounts/login/ HTTP/1.1" 200 640
Bad Request: /api/rides/
"POST /api/rides/ HTTP/1.1" 400 106
Bad Request: /api/rides/
"POST /api/rides/ HTTP/1.1" 400 126
Bad Request: /api/rides/
"POST /api/rides/ HTTP/1.1" 400 112
Bad Request: /api/rides/
"POST /api/rides/ HTTP/1.1" 400 110
Bad Request: /api/rides/
"POST /api/rides/ HTTP/1.1" 400 113
Bad Request: /api/rides/
"POST /api/rides/ HTTP/1.1" 400 106
Unauthorized: /api/rides/fd4beef5-4df0-4384-a786-29c067634984/
"GET /api/rides/fd4beef5-4df0-4384-a786-29c067634984/ HTTP/1.1" 401 119
"POST /accounts/login/ HTTP/1.1" 200 640
"GET /api/rides/fd4beef5-4df0-4384-a786-29c067634984/ HTTP/1.1" 200 553
C:\Users\Admin\Desktop\DjangoRESTProject\rides\serializers.py changed, reloading.
Watching for file changes with StatReloader
"PATCH /api/rides/fd4beef5-4df0-4384-a786-29c067634984/status/ HTTP/1.1" 200 553
"PATCH /api/rides/fd4beef5-4df0-4384-a786-29c067634984/status/ HTTP/1.1" 200 553
Bad Request: /api/rides/fd4beef5-4df0-4384-a786-29c067634984/status/
"PATCH /api/rides/fd4beef5-4df0-4384-a786-29c067634984/status/ HTTP/1.1" 400 124
Bad Request: /api/rides/fd4beef5-4df0-4384-a786-29c067634984/status/
"PATCH /api/rides/fd4beef5-4df0-4384-a786-29c067634984/status/ HTTP/1.1" 400 122
"PATCH /api/rides/fd4beef5-4df0-4384-a786-29c067634984/status/ HTTP/1.1" 200 553
Unauthorized: /api/rides/fd4beef5-4df0-4384-a786-29c067634984/status/
"PATCH /api/rides/fd4beef5-4df0-4384-a786-29c067634984/status/ HTTP/1.1" 401 233
"POST /accounts/login/ HTTP/1.1" 200 640
Unauthorized: /api/rides/fd4beef5-4df0-4384-a786-29c067634984/status/
"PATCH /api/rides/fd4beef5-4df0-4384-a786-29c067634984/status/ HTTP/1.1" 401 237
Unauthorized: /api/rides/fd4beef5-4df0-4384-a786-29c067634984/status/
"PATCH /api/rides/fd4beef5-4df0-4384-a786-29c067634984/status/ HTTP/1.1" 401 237
Bad Request: /api/rides/fd4beef5-4df0-4384-a786-29c067634984/status/
"PATCH /api/rides/fd4beef5-4df0-4384-a786-29c067634984/status/ HTTP/1.1" 400 150
Bad Request: /api/rides/fd4beef5-4df0-4384-a786-29c067634984/status/
"PATCH /api/rides/fd4beef5-4df0-4384-a786-29c067634984/status/ HTTP/1.1" 400 151
C:\Users\Admin\Desktop\DjangoRESTProject\rides\views.py changed, reloading.
Watching for file changes with StatReloader
C:\Users\Admin\Desktop\DjangoRESTProject\rides\views.py changed, reloading.
Watching for file changes with StatReloader
Watching for file changes with StatReloader
"POST /accounts/login/ HTTP/1.1" 200 640
Bad Request: /api/rides/fd4beef5-4df0-4384-a786-29c067634984/accept/
"POST /api/rides/fd4beef5-4df0-4384-a786-29c067634984/accept/ HTTP/1.1" 400 50
Not Found: /api/rides/ee51c361-a752-4a6e-9ad3-b2bbb3bdd90c/accept/
"POST /api/rides/ee51c361-a752-4a6e-9ad3-b2bbb3bdd90c/accept/ HTTP/1.1" 404 106
Bad Request: /api/rides/fd4beef5-4df0-4384-a786-29c067634984/accept/
"POST /api/rides/fd4beef5-4df0-4384-a786-29c067634984/accept/ HTTP/1.1" 400 50
Method Not Allowed: /api/rides/fd4beef5-4df0-4384-a786-29c067634984/accept/
"PATCH /api/rides/fd4beef5-4df0-4384-a786-29c067634984/accept/ HTTP/1.1" 405 103
Bad Request: /api/rides/fd4beef5-4df0-4384-a786-29c067634984/status/
"PATCH /api/rides/fd4beef5-4df0-4384-a786-29c067634984/status/ HTTP/1.1" 400 126
Bad Request: /api/rides/fd4beef5-4df0-4384-a786-29c067634984/status/
"PATCH /api/rides/fd4beef5-4df0-4384-a786-29c067634984/status/ HTTP/1.1" 400 126
Unauthorized: /api/rides/
"POST /api/rides/ HTTP/1.1" 401 233
"POST /accounts/login/ HTTP/1.1" 200 640
Bad Request: /api/rides/
"POST /api/rides/ HTTP/1.1" 400 106
Bad Request: /api/rides/
"POST /api/rides/ HTTP/1.1" 400 106
Bad Request: /api/rides/
"POST /api/rides/ HTTP/1.1" 400 106
"GET /api/rides/ HTTP/1.1" 200 1126
"POST /api/rides/28037fb1-a2bc-48a8-afac-e7cf9087e2fa/accept/ HTTP/1.1" 200 517
C:\Users\Admin\Desktop\DjangoRESTProject\rides\views.py changed, reloading.
Watching for file changes with StatReloader
Unauthorized: /api/rides/28037fb1-a2bc-48a8-afac-e7cf9087e2fa/cancel/
"POST /api/rides/28037fb1-a2bc-48a8-afac-e7cf9087e2fa/cancel/ HTTP/1.1" 401 233
"POST /accounts/login/ HTTP/1.1" 200 640
"POST /api/rides/28037fb1-a2bc-48a8-afac-e7cf9087e2fa/cancel/ HTTP/1.1" 200 517
Bad Request: /api/rides/
"POST /api/rides/ HTTP/1.1" 400 106
Bad Request: /api/rides/28037fb1-a2bc-48a8-afac-e7cf9087e2fa/cancel/
"POST /api/rides/28037fb1-a2bc-48a8-afac-e7cf9087e2fa/cancel/ HTTP/1.1" 400 60
Bad Request: /api/rides/
"POST /api/rides/ HTTP/1.1" 400 106
"GET /api/rides/ HTTP/1.1" 200 1160
Not Found: /api/rides/24d19e50-5a90-4208-b556-c5ad2c8f50ff/cancel/
"POST /api/rides/24d19e50-5a90-4208-b556-c5ad2c8f50ff/cancel/ HTTP/1.1" 404 106
Not Found: /api/rides/24d19e50-5a90-4208-b556-c5ad2c8f50ff/cancel/
"POST /api/rides/24d19e50-5a90-4208-b556-c5ad2c8f50ff/cancel/ HTTP/1.1" 404 106
Bad Request: /api/rides/fd4beef5-4df0-4384-a786-29c067634984/cancel/
"POST /api/rides/fd4beef5-4df0-4384-a786-29c067634984/cancel/ HTTP/1.1" 400 60
Bad Request: /api/rides/28037fb1-a2bc-48a8-afac-e7cf9087e2fa/cancel/
"POST /api/rides/28037fb1-a2bc-48a8-afac-e7cf9087e2fa/cancel/ HTTP/1.1" 400 60
Unauthorized: /api/rides/
"POST /api/rides/ HTTP/1.1" 401 233
"POST /accounts/login/ HTTP/1.1" 200 640
Bad Request: /api/rides/
"POST /api/rides/ HTTP/1.1" 400 106
"GET /api/rides/ HTTP/1.1" 200 1160
Bad Request: /api/rides/fd4beef5-4df0-4384-a786-29c067634984/cancel/
"POST /api/rides/fd4beef5-4df0-4384-a786-29c067634984/cancel/ HTTP/1.1" 400 60
Method Not Allowed: /api/rides/fd4beef5-4df0-4384-a786-29c067634984/cancel/
"GET /api/rides/fd4beef5-4df0-4384-a786-29c067634984/cancel/ HTTP/1.1" 405 101
"GET /api/rides/fd4beef5-4df0-4384-a786-29c067634984/ HTTP/1.1" 200 553
Watching for file changes with StatReloader
"POST /accounts/login/ HTTP/1.1" 200 640
Not Found: /api/rides/94541b74-b7d7-4f49-9799-fa93d9baf1f/cancel/
"POST /api/rides/94541b74-b7d7-4f49-9799-fa93d9baf1f/cancel/ HTTP/1.1" 404 84
"POST /api/rides/94541b74-b7d7-4f49-9799-fa893d9baf1f/cancel/ HTTP/1.1" 200 483
Bad Request: /api/rides/fd4beef5-4df0-4384-a786-29c067634984/cancel/
"POST /api/rides/fd4beef5-4df0-4384-a786-29c067634984/cancel/ HTTP/1.1" 400 60
Bad Request: /api/rides/fd4beef5-4df0-4384-a786-29c067634984/cancel/
"POST /api/rides/fd4beef5-4df0-4384-a786-29c067634984/cancel/ HTTP/1.1" 400 60
Bad Request: /api/rides/94541b74-b7d7-4f49-9799-fa893d9baf1f/cancel/
"POST /api/rides/94541b74-b7d7-4f49-9799-fa893d9baf1f/cancel/ HTTP/1.1" 400 60
"POST /api/rides/ HTTP/1.1" 201 553
"GET /api/rides/ HTTP/1.1" 200 1196
Bad Request: /api/rides/dc482bd8-fd78-4ecc-8583-88e3a7b52018/accept/
"POST /api/rides/dc482bd8-fd78-4ecc-8583-88e3a7b52018/accept/ HTTP/1.1" 400 56
Unauthorized: /api/rides/
"POST /api/rides/ HTTP/1.1" 401 233
"POST /accounts/login/ HTTP/1.1" 200 640
Bad Request: /api/rides/
"POST /api/rides/ HTTP/1.1" 400 106
"GET /api/rides/ HTTP/1.1" 200 1196
"POST /api/rides/dc482bd8-fd78-4ecc-8583-88e3a7b52018/cancel/ HTTP/1.1" 200 553
"POST /api/rides/ HTTP/1.1" 201 519
"POST /api/rides/25be83c0-c7b6-40b8-ad63-fce91348e588/accept/ HTTP/1.1" 200 553
Not Found: /api/rides/25be83c0-c7b6-40b8-ad63-fce91348e588/start/
"POST /api/rides/25be83c0-c7b6-40b8-ad63-fce91348e588/start/ HTTP/1.1" 404 9022
C:\Users\Admin\Desktop\DjangoRESTProject\rides\views.py changed, reloading.
Watching for file changes with StatReloader
C:\Users\Admin\Desktop\DjangoRESTProject\rides\views.py changed, reloading.
Watching for file changes with StatReloader
C:\Users\Admin\Desktop\DjangoRESTProject\rides\views.py changed, reloading.
Watching for file changes with StatReloader
"POST /api/rides/25be83c0-c7b6-40b8-ad63-fce91348e588/start/ HTTP/1.1" 200 553
C:\Users\Admin\Desktop\DjangoRESTProject\rides\views.py changed, reloading.
Watching for file changes with StatReloader
"POST /api/rides/25be83c0-c7b6-40b8-ad63-fce91348e588/complete/ HTTP/1.1" 200 553
Bad Request: /api/rides/25be83c0-c7b6-40b8-ad63-fce91348e588/complete/
"POST /api/rides/25be83c0-c7b6-40b8-ad63-fce91348e588/complete/ HTTP/1.1" 400 60
Watching for file changes with StatReloader
"POST /accounts/login/ HTTP/1.1" 200 640
"GET /api/rides/25be83c0-c7b6-40b8-ad63-fce91348e588/fare/ HTTP/1.1" 200 75
C:\Users\Admin\Desktop\DjangoRESTProject\rides\views.py changed, reloading.
Watching for file changes with StatReloader
C:\Users\Admin\Desktop\DjangoRESTProject\rides\views.py changed, reloading.
Watching for file changes with StatReloader
Bad Request: /api/rides/25be83c0-c7b6-40b8-ad63-fce91348e588/accept/
"POST /api/rides/25be83c0-c7b6-40b8-ad63-fce91348e588/accept/ HTTP/1.1" 400 50
Bad Request: /api/rides/25be83c0-c7b6-40b8-ad63-fce91348e588/accept/
"POST /api/rides/25be83c0-c7b6-40b8-ad63-fce91348e588/accept/ HTTP/1.1" 400 50
"POST /accounts/login/ HTTP/1.1" 200 640
"POST /api/rides/ HTTP/1.1" 201 485
"POST /api/rides/c01581e2-71c5-4015-afb7-4cfa9697d7e9/accept/ HTTP/1.1" 200 519
C:\Users\Admin\Desktop\DjangoRESTProject\rides\views.py changed, reloading.
Watching for file changes with StatReloader
Unauthorized: /api/rides/
"POST /api/rides/ HTTP/1.1" 401 233
"POST /accounts/login/ HTTP/1.1" 200 640
Bad Request: /api/rides/
"POST /api/rides/ HTTP/1.1" 400 106
Unauthorized: /api/rides/c01581e2-71c5-4015-afb7-4cfa9697d7e9/cancel/
"DELETE /api/rides/c01581e2-71c5-4015-afb7-4cfa9697d7e9/cancel/ HTTP/1.1" 401 233
Method Not Allowed: /api/rides/c01581e2-71c5-4015-afb7-4cfa9697d7e9/cancel/
"DELETE /api/rides/c01581e2-71c5-4015-afb7-4cfa9697d7e9/cancel/ HTTP/1.1" 405 104
"POST /api/rides/c01581e2-71c5-4015-afb7-4cfa9697d7e9/cancel/ HTTP/1.1" 200 519
"POST /api/rides/ HTTP/1.1" 201 485
"POST /api/rides/9c3e61f6-3fb8-4893-be19-358d0b5c6753/accept/ HTTP/1.1" 200 519
"POST /accounts/login/ HTTP/1.1" 200 640
Bad Request: /api/rides/9c3e61f6-3fb8-4893-be19-358d0b5c6753/accept/
"POST /api/rides/9c3e61f6-3fb8-4893-be19-358d0b5c6753/accept/ HTTP/1.1" 400 50
Bad Request: /api/rides/40dc12f4-df05-4493-98bc-21dbb0ee0abd/accept/
Bad Request: /api/rides/076147b0-d918-4d80-a8ff-06fca0db8e61/accept/
C:\Users\Admin\Desktop\DjangoRESTProject\rides\views.py changed, reloading.
Watching for file changes with StatReloader
C:\Users\Admin\Desktop\DjangoRESTProject\rides\views.py changed, reloading.
Watching for file changes with StatReloader
C:\Users\Admin\Desktop\DjangoRESTProject\rides\views.py changed, reloading.
Watching for file changes with StatReloader
C:\Users\Admin\Desktop\DjangoRESTProject\rides\services\ride_service.py changed, reloading.
Watching for file changes with StatReloader
C:\Users\Admin\Desktop\DjangoRESTProject\rides\services\ride_service.py changed, reloading.
Watching for file changes with StatReloader
C:\Users\Admin\Desktop\DjangoRESTProject\rides\services\ride_service.py changed, reloading.
Watching for file changes with StatReloader
C:\Users\Admin\Desktop\DjangoRESTProject\rides\services\ride_service.py changed, reloading.
Watching for file changes with StatReloader
Bad Request: /api/rides/e4865c2f-06eb-4f80-a217-18895a29bec5/accept/
Bad Request: /api/rides/c2a282f6-5ffb-4a6b-b592-30b1ac0d476e/accept/
Bad Request: /api/rides/0cffdd9b-c941-4e5c-abcb-da6a5b2e51ed/accept/
C:\Users\Admin\Desktop\DjangoRESTProject\rides\services\ride_service.py changed, reloading.
Watching for file changes with StatReloader
C:\Users\Admin\Desktop\DjangoRESTProject\rides\views.py changed, reloading.
Watching for file changes with StatReloader
C:\Users\Admin\Desktop\DjangoRESTProject\rides\services\ride_service.py changed, reloading.
Watching for file changes with StatReloader
C:\Users\Admin\Desktop\DjangoRESTProject\rides\services\ride_service.py changed, reloading.
Watching for file changes with StatReloader
C:\Users\Admin\Desktop\DjangoRESTProject\rides\views.py changed, reloading.
Watching for file changes with StatReloader
C:\Users\Admin\Desktop\DjangoRESTProject\rides\views.py changed, reloading.
Watching for file changes with StatReloader
C:\Users\Admin\Desktop\DjangoRESTProject\rides\services\ride_service.py changed, reloading.
Watching for file changes with StatReloader
Internal Server Error: /api/rides/fe9fe6ac-f7f9-4037-ba21-53373ff7db92/accept/
Traceback (most recent call last):
  File "C:\Users\Admin\Desktop\DjangoRESTProject\venv\Lib\site-packages\django\core\handlers\exception.py", line 55, in inner
    response = get_response(request)
  File "C:\Users\Admin\Desktop\DjangoRESTProject\venv\Lib\site-packages\django\core\handlers\base.py", line 198, in _get_response
    response = wrapped_callback(request, *callback_args, **callback_kwargs)
  File "C:\Users\Admin\Desktop\DjangoRESTProject\venv\Lib\site-packages\django\views\decorators\csrf.py", line 65, in _view_wrapper
    return view_func(request, *args, **kwargs)
  File "C:\Users\Admin\Desktop\DjangoRESTProject\venv\Lib\site-packages\rest_framework\viewsets.py", line 125, in view
    return self.dispatch(request, *args, **kwargs)
           ~~~~~~~~~~~~~^^^^^^^^^^^^^^^^^^^^^^^^^^
  File "C:\Users\Admin\Desktop\DjangoRESTProject\venv\Lib\site-packages\rest_framework\views.py", line 515, in dispatch
    response = self.handle_exception(exc)
  File "C:\Users\Admin\Desktop\DjangoRESTProject\venv\Lib\site-packages\rest_framework\views.py", line 475, in handle_exception
    self.raise_uncaught_exception(exc)
    ~~~~~~~~~~~~~~~~~~~~~~~~~~~~~^^^^^
  File "C:\Users\Admin\Desktop\DjangoRESTProject\venv\Lib\site-packages\rest_framework\views.py", line 486, in raise_uncaught_exception
    raise exc
  File "C:\Users\Admin\Desktop\DjangoRESTProject\venv\Lib\site-packages\rest_framework\views.py", line 512, in dispatch
    response = handler(request, *args, **kwargs)
  File "C:\Users\Admin\Desktop\DjangoRESTProject\rides\views.py", line 50, in accept_ride
    ride = accept_ride_service(
        ride_id=pk,
        user=request.user
    )
  File "C:\Program Files\WindowsApps\PythonSoftwareFoundation.Python.3.13_3.13.3824.0_x64__qbz5n2kfra8p0\Lib\contextlib.py", line 85, in inner
    return func(*args, **kwds)
  File "C:\Users\Admin\Desktop\DjangoRESTProject\rides\services\ride_service.py", line 31, in accept_ride
    raise ValidationError(
        "Ride is not available for acceptance."
    )
django.core.exceptions.ValidationError: ['Ride is not available for acceptance.']
Internal Server Error: /api/rides/166ee9b6-f5f1-44aa-b6b2-4cb151c69468/accept/
Traceback (most recent call last):
  File "C:\Users\Admin\Desktop\DjangoRESTProject\venv\Lib\site-packages\django\core\handlers\exception.py", line 55, in inner
    response = get_response(request)
  File "C:\Users\Admin\Desktop\DjangoRESTProject\venv\Lib\site-packages\django\core\handlers\base.py", line 198, in _get_response
    response = wrapped_callback(request, *callback_args, **callback_kwargs)
  File "C:\Users\Admin\Desktop\DjangoRESTProject\venv\Lib\site-packages\django\views\decorators\csrf.py", line 65, in _view_wrapper
    return view_func(request, *args, **kwargs)
  File "C:\Users\Admin\Desktop\DjangoRESTProject\venv\Lib\site-packages\rest_framework\viewsets.py", line 125, in view
    return self.dispatch(request, *args, **kwargs)
           ~~~~~~~~~~~~~^^^^^^^^^^^^^^^^^^^^^^^^^^
  File "C:\Users\Admin\Desktop\DjangoRESTProject\venv\Lib\site-packages\rest_framework\views.py", line 515, in dispatch
    response = self.handle_exception(exc)
  File "C:\Users\Admin\Desktop\DjangoRESTProject\venv\Lib\site-packages\rest_framework\views.py", line 475, in handle_exception
    self.raise_uncaught_exception(exc)
    ~~~~~~~~~~~~~~~~~~~~~~~~~~~~~^^^^^
  File "C:\Users\Admin\Desktop\DjangoRESTProject\venv\Lib\site-packages\rest_framework\views.py", line 486, in raise_uncaught_exception
    raise exc
  File "C:\Users\Admin\Desktop\DjangoRESTProject\venv\Lib\site-packages\rest_framework\views.py", line 512, in dispatch
    response = handler(request, *args, **kwargs)
  File "C:\Users\Admin\Desktop\DjangoRESTProject\rides\views.py", line 50, in accept_ride
    ride = accept_ride_service(
        ride_id=pk,
        user=request.user
    )
  File "C:\Program Files\WindowsApps\PythonSoftwareFoundation.Python.3.13_3.13.3824.0_x64__qbz5n2kfra8p0\Lib\contextlib.py", line 85, in inner
    return func(*args, **kwds)
  File "C:\Users\Admin\Desktop\DjangoRESTProject\rides\services\ride_service.py", line 31, in accept_ride
    raise ValidationError(
        "Ride is not available for acceptance."
    )
django.core.exceptions.ValidationError: ['Ride is not available for acceptance.']
C:\Users\Admin\Desktop\DjangoRESTProject\rides\services\ride_service.py changed, reloading.
Watching for file changes with StatReloader
C:\Users\Admin\Desktop\DjangoRESTProject\rides\services\ride_service.py changed, reloading.
Watching for file changes with StatReloader
C:\Users\Admin\Desktop\DjangoRESTProject\rides\services\ride_service.py changed, reloading.
Watching for file changes with StatReloader
Internal Server Error: /api/rides/99d43cde-9641-48a7-8704-c4d1e7e4fd6a/accept/
Traceback (most recent call last):
  File "C:\Users\Admin\Desktop\DjangoRESTProject\venv\Lib\site-packages\django\core\handlers\exception.py", line 55, in inner
    response = get_response(request)
  File "C:\Users\Admin\Desktop\DjangoRESTProject\venv\Lib\site-packages\django\core\handlers\base.py", line 198, in _get_response
    response = wrapped_callback(request, *callback_args, **callback_kwargs)
  File "C:\Users\Admin\Desktop\DjangoRESTProject\venv\Lib\site-packages\django\views\decorators\csrf.py", line 65, in _view_wrapper
    return view_func(request, *args, **kwargs)
  File "C:\Users\Admin\Desktop\DjangoRESTProject\venv\Lib\site-packages\rest_framework\viewsets.py", line 125, in view
    return self.dispatch(request, *args, **kwargs)
           ~~~~~~~~~~~~~^^^^^^^^^^^^^^^^^^^^^^^^^^
  File "C:\Users\Admin\Desktop\DjangoRESTProject\venv\Lib\site-packages\rest_framework\views.py", line 515, in dispatch
    response = self.handle_exception(exc)
  File "C:\Users\Admin\Desktop\DjangoRESTProject\venv\Lib\site-packages\rest_framework\views.py", line 475, in handle_exception
    self.raise_uncaught_exception(exc)
    ~~~~~~~~~~~~~~~~~~~~~~~~~~~~~^^^^^
  File "C:\Users\Admin\Desktop\DjangoRESTProject\venv\Lib\site-packages\rest_framework\views.py", line 486, in raise_uncaught_exception
    raise exc
  File "C:\Users\Admin\Desktop\DjangoRESTProject\venv\Lib\site-packages\rest_framework\views.py", line 512, in dispatch
    response = handler(request, *args, **kwargs)
  File "C:\Users\Admin\Desktop\DjangoRESTProject\rides\views.py", line 50, in accept_ride
    ride = accept_ride_service(
        ride_id=pk,
        user=request.user
    )
  File "C:\Program Files\WindowsApps\PythonSoftwareFoundation.Python.3.13_3.13.3824.0_x64__qbz5n2kfra8p0\Lib\contextlib.py", line 85, in inner
    return func(*args, **kwds)
  File "C:\Users\Admin\Desktop\DjangoRESTProject\rides\services\ride_service.py", line 30, in accept_ride
    raise ValidationError(
        "Ride is not available for acceptance."
    )
django.core.exceptions.ValidationError: ['Ride is not available for acceptance.']
Internal Server Error: /api/rides/86e915d7-c172-4cea-8262-11be1438158c/accept/
Traceback (most recent call last):
  File "C:\Users\Admin\Desktop\DjangoRESTProject\venv\Lib\site-packages\django\core\handlers\exception.py", line 55, in inner
    response = get_response(request)
  File "C:\Users\Admin\Desktop\DjangoRESTProject\venv\Lib\site-packages\django\core\handlers\base.py", line 198, in _get_response
    response = wrapped_callback(request, *callback_args, **callback_kwargs)
  File "C:\Users\Admin\Desktop\DjangoRESTProject\venv\Lib\site-packages\django\views\decorators\csrf.py", line 65, in _view_wrapper
    return view_func(request, *args, **kwargs)
  File "C:\Users\Admin\Desktop\DjangoRESTProject\venv\Lib\site-packages\rest_framework\viewsets.py", line 125, in view
    return self.dispatch(request, *args, **kwargs)
           ~~~~~~~~~~~~~^^^^^^^^^^^^^^^^^^^^^^^^^^
  File "C:\Users\Admin\Desktop\DjangoRESTProject\venv\Lib\site-packages\rest_framework\views.py", line 515, in dispatch
    response = self.handle_exception(exc)
  File "C:\Users\Admin\Desktop\DjangoRESTProject\venv\Lib\site-packages\rest_framework\views.py", line 475, in handle_exception
    self.raise_uncaught_exception(exc)
    ~~~~~~~~~~~~~~~~~~~~~~~~~~~~~^^^^^
  File "C:\Users\Admin\Desktop\DjangoRESTProject\venv\Lib\site-packages\rest_framework\views.py", line 486, in raise_uncaught_exception
    raise exc
  File "C:\Users\Admin\Desktop\DjangoRESTProject\venv\Lib\site-packages\rest_framework\views.py", line 512, in dispatch
    response = handler(request, *args, **kwargs)
  File "C:\Users\Admin\Desktop\DjangoRESTProject\rides\views.py", line 50, in accept_ride
    ride = accept_ride_service(
        ride_id=pk,
        user=request.user
    )
  File "C:\Program Files\WindowsApps\PythonSoftwareFoundation.Python.3.13_3.13.3824.0_x64__qbz5n2kfra8p0\Lib\contextlib.py", line 85, in inner
    return func(*args, **kwds)
  File "C:\Users\Admin\Desktop\DjangoRESTProject\rides\services\ride_service.py", line 30, in accept_ride
    raise ValidationError(
        "Ride is not available for acceptance."
    )
django.core.exceptions.ValidationError: ['Ride is not available for acceptance.']
Internal Server Error: /api/rides/eb0527d1-2edd-49b7-b5ce-e59caee0b7c6/accept/
Traceback (most recent call last):
  File "C:\Users\Admin\Desktop\DjangoRESTProject\venv\Lib\site-packages\django\core\handlers\exception.py", line 55, in inner
    response = get_response(request)
  File "C:\Users\Admin\Desktop\DjangoRESTProject\venv\Lib\site-packages\django\core\handlers\base.py", line 198, in _get_response
    response = wrapped_callback(request, *callback_args, **callback_kwargs)
  File "C:\Users\Admin\Desktop\DjangoRESTProject\venv\Lib\site-packages\django\views\decorators\csrf.py", line 65, in _view_wrapper
    return view_func(request, *args, **kwargs)
  File "C:\Users\Admin\Desktop\DjangoRESTProject\venv\Lib\site-packages\rest_framework\viewsets.py", line 125, in view
    return self.dispatch(request, *args, **kwargs)
           ~~~~~~~~~~~~~^^^^^^^^^^^^^^^^^^^^^^^^^^
  File "C:\Users\Admin\Desktop\DjangoRESTProject\venv\Lib\site-packages\rest_framework\views.py", line 515, in dispatch
    response = self.handle_exception(exc)
  File "C:\Users\Admin\Desktop\DjangoRESTProject\venv\Lib\site-packages\rest_framework\views.py", line 475, in handle_exception
    self.raise_uncaught_exception(exc)
    ~~~~~~~~~~~~~~~~~~~~~~~~~~~~~^^^^^
  File "C:\Users\Admin\Desktop\DjangoRESTProject\venv\Lib\site-packages\rest_framework\views.py", line 486, in raise_uncaught_exception
    raise exc
  File "C:\Users\Admin\Desktop\DjangoRESTProject\venv\Lib\site-packages\rest_framework\views.py", line 512, in dispatch
    response = handler(request, *args, **kwargs)
  File "C:\Users\Admin\Desktop\DjangoRESTProject\rides\views.py", line 50, in accept_ride
    ride = accept_ride_service(
        ride_id=pk,
        user=request.user
    )
  File "C:\Program Files\WindowsApps\PythonSoftwareFoundation.Python.3.13_3.13.3824.0_x64__qbz5n2kfra8p0\Lib\contextlib.py", line 85, in inner
    return func(*args, **kwds)
  File "C:\Users\Admin\Desktop\DjangoRESTProject\rides\services\ride_service.py", line 30, in accept_ride
    raise ValidationError(
        "Ride is not available for acceptance."
    )
django.core.exceptions.ValidationError: ['Ride is not available for acceptance.']
Internal Server Error: /api/rides/813f34e8-2318-4e53-808c-63dbbdfd3e8e/accept/
Traceback (most recent call last):
  File "C:\Users\Admin\Desktop\DjangoRESTProject\venv\Lib\site-packages\django\core\handlers\exception.py", line 55, in inner
    response = get_response(request)
  File "C:\Users\Admin\Desktop\DjangoRESTProject\venv\Lib\site-packages\django\core\handlers\base.py", line 198, in _get_response
    response = wrapped_callback(request, *callback_args, **callback_kwargs)
  File "C:\Users\Admin\Desktop\DjangoRESTProject\venv\Lib\site-packages\django\views\decorators\csrf.py", line 65, in _view_wrapper
    return view_func(request, *args, **kwargs)
  File "C:\Users\Admin\Desktop\DjangoRESTProject\venv\Lib\site-packages\rest_framework\viewsets.py", line 125, in view
    return self.dispatch(request, *args, **kwargs)
           ~~~~~~~~~~~~~^^^^^^^^^^^^^^^^^^^^^^^^^^
  File "C:\Users\Admin\Desktop\DjangoRESTProject\venv\Lib\site-packages\rest_framework\views.py", line 515, in dispatch
    response = self.handle_exception(exc)
  File "C:\Users\Admin\Desktop\DjangoRESTProject\venv\Lib\site-packages\rest_framework\views.py", line 475, in handle_exception
    self.raise_uncaught_exception(exc)
    ~~~~~~~~~~~~~~~~~~~~~~~~~~~~~^^^^^
  File "C:\Users\Admin\Desktop\DjangoRESTProject\venv\Lib\site-packages\rest_framework\views.py", line 486, in raise_uncaught_exception
    raise exc
  File "C:\Users\Admin\Desktop\DjangoRESTProject\venv\Lib\site-packages\rest_framework\views.py", line 512, in dispatch
    response = handler(request, *args, **kwargs)
  File "C:\Users\Admin\Desktop\DjangoRESTProject\rides\views.py", line 50, in accept_ride
    ride = accept_ride_service(
        ride_id=pk,
        user=request.user
    )
  File "C:\Program Files\WindowsApps\PythonSoftwareFoundation.Python.3.13_3.13.3824.0_x64__qbz5n2kfra8p0\Lib\contextlib.py", line 85, in inner
    return func(*args, **kwds)
  File "C:\Users\Admin\Desktop\DjangoRESTProject\rides\services\ride_service.py", line 30, in accept_ride
    raise ValidationError(
        "Ride is not available for acceptance."
    )
django.core.exceptions.ValidationError: ['Ride is not available for acceptance.']
Internal Server Error: /api/rides/1637b748-6898-4c57-ae1d-622972c96988/accept/
Traceback (most recent call last):
  File "C:\Users\Admin\Desktop\DjangoRESTProject\venv\Lib\site-packages\django\core\handlers\exception.py", line 55, in inner
    response = get_response(request)
  File "C:\Users\Admin\Desktop\DjangoRESTProject\venv\Lib\site-packages\django\core\handlers\base.py", line 198, in _get_response
    response = wrapped_callback(request, *callback_args, **callback_kwargs)
  File "C:\Users\Admin\Desktop\DjangoRESTProject\venv\Lib\site-packages\django\views\decorators\csrf.py", line 65, in _view_wrapper
    return view_func(request, *args, **kwargs)
  File "C:\Users\Admin\Desktop\DjangoRESTProject\venv\Lib\site-packages\rest_framework\viewsets.py", line 125, in view
    return self.dispatch(request, *args, **kwargs)
           ~~~~~~~~~~~~~^^^^^^^^^^^^^^^^^^^^^^^^^^
  File "C:\Users\Admin\Desktop\DjangoRESTProject\venv\Lib\site-packages\rest_framework\views.py", line 515, in dispatch
    response = self.handle_exception(exc)
  File "C:\Users\Admin\Desktop\DjangoRESTProject\venv\Lib\site-packages\rest_framework\views.py", line 475, in handle_exception
    self.raise_uncaught_exception(exc)
    ~~~~~~~~~~~~~~~~~~~~~~~~~~~~~^^^^^
  File "C:\Users\Admin\Desktop\DjangoRESTProject\venv\Lib\site-packages\rest_framework\views.py", line 486, in raise_uncaught_exception
    raise exc
  File "C:\Users\Admin\Desktop\DjangoRESTProject\venv\Lib\site-packages\rest_framework\views.py", line 512, in dispatch
    response = handler(request, *args, **kwargs)
  File "C:\Users\Admin\Desktop\DjangoRESTProject\rides\views.py", line 50, in accept_ride
    ride = accept_ride_service(
        ride_id=pk,
        user=request.user
    )
  File "C:\Program Files\WindowsApps\PythonSoftwareFoundation.Python.3.13_3.13.3824.0_x64__qbz5n2kfra8p0\Lib\contextlib.py", line 85, in inner
    return func(*args, **kwds)
  File "C:\Users\Admin\Desktop\DjangoRESTProject\rides\services\ride_service.py", line 30, in accept_ride
    raise ValidationError(
        "Ride is not available for acceptance."
    )
django.core.exceptions.ValidationError: ['Ride is not available for acceptance.']
Internal Server Error: /api/rides/a71dae05-a16f-47d8-80c5-ab4612041307/accept/
Traceback (most recent call last):
  File "C:\Users\Admin\Desktop\DjangoRESTProject\venv\Lib\site-packages\django\core\handlers\exception.py", line 55, in inner
    response = get_response(request)
  File "C:\Users\Admin\Desktop\DjangoRESTProject\venv\Lib\site-packages\django\core\handlers\base.py", line 198, in _get_response
    response = wrapped_callback(request, *callback_args, **callback_kwargs)
  File "C:\Users\Admin\Desktop\DjangoRESTProject\venv\Lib\site-packages\django\views\decorators\csrf.py", line 65, in _view_wrapper
    return view_func(request, *args, **kwargs)
  File "C:\Users\Admin\Desktop\DjangoRESTProject\venv\Lib\site-packages\rest_framework\viewsets.py", line 125, in view
    return self.dispatch(request, *args, **kwargs)
           ~~~~~~~~~~~~~^^^^^^^^^^^^^^^^^^^^^^^^^^
  File "C:\Users\Admin\Desktop\DjangoRESTProject\venv\Lib\site-packages\rest_framework\views.py", line 515, in dispatch
    response = self.handle_exception(exc)
  File "C:\Users\Admin\Desktop\DjangoRESTProject\venv\Lib\site-packages\rest_framework\views.py", line 475, in handle_exception
    self.raise_uncaught_exception(exc)
    ~~~~~~~~~~~~~~~~~~~~~~~~~~~~~^^^^^
  File "C:\Users\Admin\Desktop\DjangoRESTProject\venv\Lib\site-packages\rest_framework\views.py", line 486, in raise_uncaught_exception
    raise exc
  File "C:\Users\Admin\Desktop\DjangoRESTProject\venv\Lib\site-packages\rest_framework\views.py", line 512, in dispatch
    response = handler(request, *args, **kwargs)
  File "C:\Users\Admin\Desktop\DjangoRESTProject\rides\views.py", line 50, in accept_ride
    ride = accept_ride_service(
        ride_id=pk,
        user=request.user
    )
  File "C:\Program Files\WindowsApps\PythonSoftwareFoundation.Python.3.13_3.13.3824.0_x64__qbz5n2kfra8p0\Lib\contextlib.py", line 85, in inner
    return func(*args, **kwds)
  File "C:\Users\Admin\Desktop\DjangoRESTProject\rides\services\ride_service.py", line 30, in accept_ride
    raise ValidationError(
        "Ride is not available for acceptance."
    )
django.core.exceptions.ValidationError: ['Ride is not available for acceptance.']
C:\Users\Admin\Desktop\DjangoRESTProject\rides\services\ride_service.py changed, reloading.
Watching for file changes with StatReloader
C:\Users\Admin\Desktop\DjangoRESTProject\rides\services\ride_service.py changed, reloading.
Watching for file changes with StatReloader
Bad Request: /api/rides/0b9cbb09-8aa6-4e6b-91e2-6c0f6aa3cb80/accept/
Bad Request: /api/rides/2346dd79-2ca6-44bd-8daf-3280a2aa2c0d/accept/
Bad Request: /api/rides/e802e30a-bb00-467c-813d-59f25e77eae1/accept/
Watching for file changes with StatReloader
"POST /accounts/register/ HTTP/1.1" 201 42
"POST /accounts/login/ HTTP/1.1" 200 638
Method Not Allowed: /accounts/profile/
"POST /accounts/profile/ HTTP/1.1" 405 102
C:\Users\Admin\Desktop\DjangoRESTProject\accounts\views.py changed, reloading.
Watching for file changes with StatReloader
"POST /accounts/profile/ HTTP/1.1" 201 396
Watching for file changes with StatReloader
Internal Server Error: /accounts/profile/
Traceback (most recent call last):
  File "C:\Users\Admin\Desktop\DjangoRESTProject\venv\Lib\site-packages\django\db\backends\utils.py", line 105, in _execute
    return self.cursor.execute(sql, params)
           ~~~~~~~~~~~~~~~~~~~^^^^^^^^^^^^^
psycopg2.errors.UniqueViolation: duplicate key value violates unique constraint "accounts_profile_user_id_key"
DETAIL:  Key (user_id)=(0504e645-d014-4d31-8c5b-399683217ed0) already exists.


The above exception was the direct cause of the following exception:

Traceback (most recent call last):
  File "C:\Users\Admin\Desktop\DjangoRESTProject\venv\Lib\site-packages\django\core\handlers\exception.py", line 55, in inner
    response = get_response(request)
  File "C:\Users\Admin\Desktop\DjangoRESTProject\venv\Lib\site-packages\django\core\handlers\base.py", line 198, in _get_response
    response = wrapped_callback(request, *callback_args, **callback_kwargs)
  File "C:\Users\Admin\Desktop\DjangoRESTProject\venv\Lib\site-packages\django\views\decorators\csrf.py", line 65, in _view_wrapper
    return view_func(request, *args, **kwargs)
  File "C:\Users\Admin\Desktop\DjangoRESTProject\venv\Lib\site-packages\django\views\generic\base.py", line 106, in view
    return self.dispatch(request, *args, **kwargs)
           ~~~~~~~~~~~~~^^^^^^^^^^^^^^^^^^^^^^^^^^
  File "C:\Users\Admin\Desktop\DjangoRESTProject\venv\Lib\site-packages\rest_framework\views.py", line 515, in dispatch
    response = self.handle_exception(exc)
  File "C:\Users\Admin\Desktop\DjangoRESTProject\venv\Lib\site-packages\rest_framework\views.py", line 475, in handle_exception
    self.raise_uncaught_exception(exc)
    ~~~~~~~~~~~~~~~~~~~~~~~~~~~~~^^^^^
  File "C:\Users\Admin\Desktop\DjangoRESTProject\venv\Lib\site-packages\rest_framework\views.py", line 486, in raise_uncaught_exception
    raise exc
  File "C:\Users\Admin\Desktop\DjangoRESTProject\venv\Lib\site-packages\rest_framework\views.py", line 512, in dispatch
    response = handler(request, *args, **kwargs)
  File "C:\Users\Admin\Desktop\DjangoRESTProject\accounts\views.py", line 77, in post
    profile = serializer.save(user=request.user)
  File "C:\Users\Admin\Desktop\DjangoRESTProject\venv\Lib\site-packages\rest_framework\serializers.py", line 210, in save
    self.instance = self.create(validated_data)
                    ~~~~~~~~~~~^^^^^^^^^^^^^^^^
  File "C:\Users\Admin\Desktop\DjangoRESTProject\venv\Lib\site-packages\rest_framework\serializers.py", line 1011, in create
    instance = ModelClass._default_manager.create(**validated_data)
  File "C:\Users\Admin\Desktop\DjangoRESTProject\venv\Lib\site-packages\django\db\models\manager.py", line 87, in manager_method
    return getattr(self.get_queryset(), name)(*args, **kwargs)
           ~~~~~~~~~~~~~~~~~~~~~~~~~~~~~~~~~~^^^^^^^^^^^^^^^^^
  File "C:\Users\Admin\Desktop\DjangoRESTProject\venv\Lib\site-packages\django\db\models\query.py", line 669, in create
    obj.save(force_insert=True, using=self.db)
    ~~~~~~~~^^^^^^^^^^^^^^^^^^^^^^^^^^^^^^^^^^
  File "C:\Users\Admin\Desktop\DjangoRESTProject\venv\Lib\site-packages\django\db\models\base.py", line 874, in save
    self.save_base(
    ~~~~~~~~~~~~~~^
        using=using,
        ^^^^^^^^^^^^
    ...<2 lines>...
        update_fields=update_fields,
        ^^^^^^^^^^^^^^^^^^^^^^^^^^^^
    )
    ^
  File "C:\Users\Admin\Desktop\DjangoRESTProject\venv\Lib\site-packages\django\db\models\base.py", line 966, in save_base
    updated = self._save_table(
        raw,
    ...<4 lines>...
        update_fields,
    )
  File "C:\Users\Admin\Desktop\DjangoRESTProject\venv\Lib\site-packages\django\db\models\base.py", line 1169, in _save_table
    results = self._do_insert(
        cls._base_manager, using, insert_fields, returning_fields, raw
    )
  File "C:\Users\Admin\Desktop\DjangoRESTProject\venv\Lib\site-packages\django\db\models\base.py", line 1220, in _do_insert
    return manager._insert(
           ~~~~~~~~~~~~~~~^
        [self],
        ^^^^^^^
    ...<3 lines>...
        raw=raw,
        ^^^^^^^^
    )
    ^
  File "C:\Users\Admin\Desktop\DjangoRESTProject\venv\Lib\site-packages\django\db\models\manager.py", line 87, in manager_method
    return getattr(self.get_queryset(), name)(*args, **kwargs)
           ~~~~~~~~~~~~~~~~~~~~~~~~~~~~~~~~~~^^^^^^^^^^^^^^^^^
  File "C:\Users\Admin\Desktop\DjangoRESTProject\venv\Lib\site-packages\django\db\models\query.py", line 1918, in _insert
    return query.get_compiler(using=using).execute_sql(returning_fields)
           ~~~~~~~~~~~~~~~~~~~~~~~~~~~~~~~~~~~~~~~~~~~^^^^^^^^^^^^^^^^^^
  File "C:\Users\Admin\Desktop\DjangoRESTProject\venv\Lib\site-packages\django\db\models\sql\compiler.py", line 1925, in execute_sql
    cursor.execute(sql, params)
    ~~~~~~~~~~~~~~^^^^^^^^^^^^^
  File "C:\Users\Admin\Desktop\DjangoRESTProject\venv\Lib\site-packages\django\db\backends\utils.py", line 122, in execute
    return super().execute(sql, params)
           ~~~~~~~~~~~~~~~^^^^^^^^^^^^^
  File "C:\Users\Admin\Desktop\DjangoRESTProject\venv\Lib\site-packages\django\db\backends\utils.py", line 79, in execute
    return self._execute_with_wrappers(
           ~~~~~~~~~~~~~~~~~~~~~~~~~~~^
        sql, params, many=False, executor=self._execute
        ^^^^^^^^^^^^^^^^^^^^^^^^^^^^^^^^^^^^^^^^^^^^^^^
    )
    ^
  File "C:\Users\Admin\Desktop\DjangoRESTProject\venv\Lib\site-packages\django\db\backends\utils.py", line 92, in _execute_with_wrappers
    return executor(sql, params, many, context)
  File "C:\Users\Admin\Desktop\DjangoRESTProject\venv\Lib\site-packages\django\db\backends\utils.py", line 100, in _execute
    with self.db.wrap_database_errors:
         ^^^^^^^^^^^^^^^^^^^^^^^^^^^^
  File "C:\Users\Admin\Desktop\DjangoRESTProject\venv\Lib\site-packages\django\db\utils.py", line 94, in __exit__
    raise dj_exc_value.with_traceback(traceback) from exc_value
  File "C:\Users\Admin\Desktop\DjangoRESTProject\venv\Lib\site-packages\django\db\backends\utils.py", line 105, in _execute
    return self.cursor.execute(sql, params)
           ~~~~~~~~~~~~~~~~~~~^^^^^^^^^^^^^
django.db.utils.IntegrityError: duplicate key value violates unique constraint "accounts_profile_user_id_key"
DETAIL:  Key (user_id)=(0504e645-d014-4d31-8c5b-399683217ed0) already exists.

"POST /accounts/profile/ HTTP/1.1" 500 206667
"POST /accounts/login/ HTTP/1.1" 200 638
"POST /api/drivers/ HTTP/1.1" 201 173
Watching for file changes with StatReloader
Unauthorized: /api/vehicles/
"POST /api/vehicles/ HTTP/1.1" 401 119
"POST /accounts/login/ HTTP/1.1" 200 638
Bad Request: /api/vehicles/
"POST /api/vehicles/ HTTP/1.1" 400 248
Bad Request: /api/vehicles/
"POST /api/vehicles/ HTTP/1.1" 400 152
"POST /api/vehicles/ HTTP/1.1" 201 317
"GET /api/vehicles/ HTTP/1.1" 200 726
"GET /api/vehicles/2cd876c3-31c0-4e12-8a3f-58f4953cfa99/ HTTP/1.1" 200 317
Internal Server Error: /api/vehicles/2cd876c3-31c0-4e12-8a3f-58f4953cfa99/
Traceback (most recent call last):
  File "C:\Users\Admin\Desktop\DjangoRESTProject\venv\Lib\site-packages\django\core\handlers\exception.py", line 55, in inner
    response = get_response(request)
  File "C:\Users\Admin\Desktop\DjangoRESTProject\venv\Lib\site-packages\django\core\handlers\base.py", line 198, in _get_response
    response = wrapped_callback(request, *callback_args, **callback_kwargs)
  File "C:\Users\Admin\Desktop\DjangoRESTProject\venv\Lib\site-packages\django\views\decorators\csrf.py", line 65, in _view_wrapper
    return view_func(request, *args, **kwargs)
  File "C:\Users\Admin\Desktop\DjangoRESTProject\venv\Lib\site-packages\django\views\generic\base.py", line 106, in view
    return self.dispatch(request, *args, **kwargs)
           ~~~~~~~~~~~~~^^^^^^^^^^^^^^^^^^^^^^^^^^
  File "C:\Users\Admin\Desktop\DjangoRESTProject\venv\Lib\site-packages\rest_framework\views.py", line 515, in dispatch
    response = self.handle_exception(exc)
  File "C:\Users\Admin\Desktop\DjangoRESTProject\venv\Lib\site-packages\rest_framework\views.py", line 475, in handle_exception
    self.raise_uncaught_exception(exc)
    ~~~~~~~~~~~~~~~~~~~~~~~~~~~~~^^^^^
  File "C:\Users\Admin\Desktop\DjangoRESTProject\venv\Lib\site-packages\rest_framework\views.py", line 486, in raise_uncaught_exception
    raise exc
  File "C:\Users\Admin\Desktop\DjangoRESTProject\venv\Lib\site-packages\rest_framework\views.py", line 512, in dispatch
    response = handler(request, *args, **kwargs)
  File "C:\Users\Admin\Desktop\DjangoRESTProject\venv\Lib\site-packages\rest_framework\generics.py", line 292, in patch
    return self.partial_update(request, *args, **kwargs)
           ~~~~~~~~~~~~~~~~~~~^^^^^^^^^^^^^^^^^^^^^^^^^^
  File "C:\Users\Admin\Desktop\DjangoRESTProject\venv\Lib\site-packages\rest_framework\mixins.py", line 82, in partial_update
    return self.update(request, *args, **kwargs)
           ~~~~~~~~~~~^^^^^^^^^^^^^^^^^^^^^^^^^^
  File "C:\Users\Admin\Desktop\DjangoRESTProject\venv\Lib\site-packages\rest_framework\mixins.py", line 67, in update
    serializer.is_valid(raise_exception=True)
    ~~~~~~~~~~~~~~~~~~~^^^^^^^^^^^^^^^^^^^^^^
  File "C:\Users\Admin\Desktop\DjangoRESTProject\venv\Lib\site-packages\rest_framework\serializers.py", line 225, in is_valid
    self._validated_data = self.run_validation(self.initial_data)
                           ~~~~~~~~~~~~~~~~~~~^^^^^^^^^^^^^^^^^^^
  File "C:\Users\Admin\Desktop\DjangoRESTProject\venv\Lib\site-packages\rest_framework\serializers.py", line 459, in run_validation
    value = self.validate(value)
  File "C:\Users\Admin\Desktop\DjangoRESTProject\rides\serializers.py", line 82, in validate
    if driver.user != request.user:
       ^^^^^^^^^^^
AttributeError: 'NoneType' object has no attribute 'user'
"PATCH /api/vehicles/2cd876c3-31c0-4e12-8a3f-58f4953cfa99/ HTTP/1.1" 500 122499
Internal Server Error: /api/vehicles/2cd876c3-31c0-4e12-8a3f-58f4953cfa99/
Traceback (most recent call last):
  File "C:\Users\Admin\Desktop\DjangoRESTProject\venv\Lib\site-packages\django\core\handlers\exception.py", line 55, in inner
    response = get_response(request)
  File "C:\Users\Admin\Desktop\DjangoRESTProject\venv\Lib\site-packages\django\core\handlers\base.py", line 198, in _get_response
    response = wrapped_callback(request, *callback_args, **callback_kwargs)
  File "C:\Users\Admin\Desktop\DjangoRESTProject\venv\Lib\site-packages\django\views\decorators\csrf.py", line 65, in _view_wrapper
    return view_func(request, *args, **kwargs)
  File "C:\Users\Admin\Desktop\DjangoRESTProject\venv\Lib\site-packages\django\views\generic\base.py", line 106, in view
    return self.dispatch(request, *args, **kwargs)
           ~~~~~~~~~~~~~^^^^^^^^^^^^^^^^^^^^^^^^^^
  File "C:\Users\Admin\Desktop\DjangoRESTProject\venv\Lib\site-packages\rest_framework\views.py", line 515, in dispatch
    response = self.handle_exception(exc)
  File "C:\Users\Admin\Desktop\DjangoRESTProject\venv\Lib\site-packages\rest_framework\views.py", line 475, in handle_exception
    self.raise_uncaught_exception(exc)
    ~~~~~~~~~~~~~~~~~~~~~~~~~~~~~^^^^^
  File "C:\Users\Admin\Desktop\DjangoRESTProject\venv\Lib\site-packages\rest_framework\views.py", line 486, in raise_uncaught_exception
    raise exc
  File "C:\Users\Admin\Desktop\DjangoRESTProject\venv\Lib\site-packages\rest_framework\views.py", line 512, in dispatch
    response = handler(request, *args, **kwargs)
  File "C:\Users\Admin\Desktop\DjangoRESTProject\venv\Lib\site-packages\rest_framework\generics.py", line 292, in patch
    return self.partial_update(request, *args, **kwargs)
           ~~~~~~~~~~~~~~~~~~~^^^^^^^^^^^^^^^^^^^^^^^^^^
  File "C:\Users\Admin\Desktop\DjangoRESTProject\venv\Lib\site-packages\rest_framework\mixins.py", line 82, in partial_update
    return self.update(request, *args, **kwargs)
           ~~~~~~~~~~~^^^^^^^^^^^^^^^^^^^^^^^^^^
  File "C:\Users\Admin\Desktop\DjangoRESTProject\venv\Lib\site-packages\rest_framework\mixins.py", line 67, in update
    serializer.is_valid(raise_exception=True)
    ~~~~~~~~~~~~~~~~~~~^^^^^^^^^^^^^^^^^^^^^^
  File "C:\Users\Admin\Desktop\DjangoRESTProject\venv\Lib\site-packages\rest_framework\serializers.py", line 225, in is_valid
    self._validated_data = self.run_validation(self.initial_data)
                           ~~~~~~~~~~~~~~~~~~~^^^^^^^^^^^^^^^^^^^
  File "C:\Users\Admin\Desktop\DjangoRESTProject\venv\Lib\site-packages\rest_framework\serializers.py", line 459, in run_validation
    value = self.validate(value)
  File "C:\Users\Admin\Desktop\DjangoRESTProject\rides\serializers.py", line 82, in validate
    if driver.user != request.user:
       ^^^^^^^^^^^
AttributeError: 'NoneType' object has no attribute 'user'
"PATCH /api/vehicles/2cd876c3-31c0-4e12-8a3f-58f4953cfa99/ HTTP/1.1" 500 122499
Watching for file changes with StatReloader
"POST /accounts/login/ HTTP/1.1" 200 638
Internal Server Error: /api/vehicles/2cd876c3-31c0-4e12-8a3f-58f4953cfa99/
Traceback (most recent call last):
  File "C:\Users\Admin\Desktop\DjangoRESTProject\venv\Lib\site-packages\django\core\handlers\exception.py", line 55, in inner
    response = get_response(request)
  File "C:\Users\Admin\Desktop\DjangoRESTProject\venv\Lib\site-packages\django\core\handlers\base.py", line 198, in _get_response
    response = wrapped_callback(request, *callback_args, **callback_kwargs)
  File "C:\Users\Admin\Desktop\DjangoRESTProject\venv\Lib\site-packages\django\views\decorators\csrf.py", line 65, in _view_wrapper
    return view_func(request, *args, **kwargs)
  File "C:\Users\Admin\Desktop\DjangoRESTProject\venv\Lib\site-packages\django\views\generic\base.py", line 106, in view
    return self.dispatch(request, *args, **kwargs)
           ~~~~~~~~~~~~~^^^^^^^^^^^^^^^^^^^^^^^^^^
  File "C:\Users\Admin\Desktop\DjangoRESTProject\venv\Lib\site-packages\rest_framework\views.py", line 515, in dispatch
    response = self.handle_exception(exc)
  File "C:\Users\Admin\Desktop\DjangoRESTProject\venv\Lib\site-packages\rest_framework\views.py", line 475, in handle_exception
    self.raise_uncaught_exception(exc)
    ~~~~~~~~~~~~~~~~~~~~~~~~~~~~~^^^^^
  File "C:\Users\Admin\Desktop\DjangoRESTProject\venv\Lib\site-packages\rest_framework\views.py", line 486, in raise_uncaught_exception
    raise exc
  File "C:\Users\Admin\Desktop\DjangoRESTProject\venv\Lib\site-packages\rest_framework\views.py", line 512, in dispatch
    response = handler(request, *args, **kwargs)
  File "C:\Users\Admin\Desktop\DjangoRESTProject\venv\Lib\site-packages\rest_framework\generics.py", line 292, in patch
    return self.partial_update(request, *args, **kwargs)
           ~~~~~~~~~~~~~~~~~~~^^^^^^^^^^^^^^^^^^^^^^^^^^
  File "C:\Users\Admin\Desktop\DjangoRESTProject\venv\Lib\site-packages\rest_framework\mixins.py", line 82, in partial_update
    return self.update(request, *args, **kwargs)
           ~~~~~~~~~~~^^^^^^^^^^^^^^^^^^^^^^^^^^
  File "C:\Users\Admin\Desktop\DjangoRESTProject\venv\Lib\site-packages\rest_framework\mixins.py", line 67, in update
    serializer.is_valid(raise_exception=True)
    ~~~~~~~~~~~~~~~~~~~^^^^^^^^^^^^^^^^^^^^^^
  File "C:\Users\Admin\Desktop\DjangoRESTProject\venv\Lib\site-packages\rest_framework\serializers.py", line 225, in is_valid
    self._validated_data = self.run_validation(self.initial_data)
                           ~~~~~~~~~~~~~~~~~~~^^^^^^^^^^^^^^^^^^^
  File "C:\Users\Admin\Desktop\DjangoRESTProject\venv\Lib\site-packages\rest_framework\serializers.py", line 459, in run_validation
    value = self.validate(value)
  File "C:\Users\Admin\Desktop\DjangoRESTProject\rides\serializers.py", line 82, in validate
    if driver.user != request.user:
       ^^^^^^^^^^^
AttributeError: 'NoneType' object has no attribute 'user'
"PATCH /api/vehicles/2cd876c3-31c0-4e12-8a3f-58f4953cfa99/ HTTP/1.1" 500 122499
Internal Server Error: /api/vehicles/2cd876c3-31c0-4e12-8a3f-58f4953cfa99/
Traceback (most recent call last):
  File "C:\Users\Admin\Desktop\DjangoRESTProject\venv\Lib\site-packages\django\core\handlers\exception.py", line 55, in inner
    response = get_response(request)
  File "C:\Users\Admin\Desktop\DjangoRESTProject\venv\Lib\site-packages\django\core\handlers\base.py", line 198, in _get_response
    response = wrapped_callback(request, *callback_args, **callback_kwargs)
  File "C:\Users\Admin\Desktop\DjangoRESTProject\venv\Lib\site-packages\django\views\decorators\csrf.py", line 65, in _view_wrapper
    return view_func(request, *args, **kwargs)
  File "C:\Users\Admin\Desktop\DjangoRESTProject\venv\Lib\site-packages\django\views\generic\base.py", line 106, in view
    return self.dispatch(request, *args, **kwargs)
           ~~~~~~~~~~~~~^^^^^^^^^^^^^^^^^^^^^^^^^^
  File "C:\Users\Admin\Desktop\DjangoRESTProject\venv\Lib\site-packages\rest_framework\views.py", line 515, in dispatch
    response = self.handle_exception(exc)
  File "C:\Users\Admin\Desktop\DjangoRESTProject\venv\Lib\site-packages\rest_framework\views.py", line 475, in handle_exception
    self.raise_uncaught_exception(exc)
    ~~~~~~~~~~~~~~~~~~~~~~~~~~~~~^^^^^
  File "C:\Users\Admin\Desktop\DjangoRESTProject\venv\Lib\site-packages\rest_framework\views.py", line 486, in raise_uncaught_exception
    raise exc
  File "C:\Users\Admin\Desktop\DjangoRESTProject\venv\Lib\site-packages\rest_framework\views.py", line 512, in dispatch
    response = handler(request, *args, **kwargs)
  File "C:\Users\Admin\Desktop\DjangoRESTProject\venv\Lib\site-packages\rest_framework\generics.py", line 292, in patch
    return self.partial_update(request, *args, **kwargs)
           ~~~~~~~~~~~~~~~~~~~^^^^^^^^^^^^^^^^^^^^^^^^^^
  File "C:\Users\Admin\Desktop\DjangoRESTProject\venv\Lib\site-packages\rest_framework\mixins.py", line 82, in partial_update
    return self.update(request, *args, **kwargs)
           ~~~~~~~~~~~^^^^^^^^^^^^^^^^^^^^^^^^^^
  File "C:\Users\Admin\Desktop\DjangoRESTProject\venv\Lib\site-packages\rest_framework\mixins.py", line 67, in update
    serializer.is_valid(raise_exception=True)
    ~~~~~~~~~~~~~~~~~~~^^^^^^^^^^^^^^^^^^^^^^
  File "C:\Users\Admin\Desktop\DjangoRESTProject\venv\Lib\site-packages\rest_framework\serializers.py", line 225, in is_valid
    self._validated_data = self.run_validation(self.initial_data)
                           ~~~~~~~~~~~~~~~~~~~^^^^^^^^^^^^^^^^^^^
  File "C:\Users\Admin\Desktop\DjangoRESTProject\venv\Lib\site-packages\rest_framework\serializers.py", line 459, in run_validation
    value = self.validate(value)
  File "C:\Users\Admin\Desktop\DjangoRESTProject\rides\serializers.py", line 82, in validate
    if driver.user != request.user:
       ^^^^^^^^^^^
AttributeError: 'NoneType' object has no attribute 'user'
"PATCH /api/vehicles/2cd876c3-31c0-4e12-8a3f-58f4953cfa99/ HTTP/1.1" 500 122499
Internal Server Error: /api/vehicles/2cd876c3-31c0-4e12-8a3f-58f4953cfa99/
Traceback (most recent call last):
  File "C:\Users\Admin\Desktop\DjangoRESTProject\venv\Lib\site-packages\django\core\handlers\exception.py", line 55, in inner
    response = get_response(request)
  File "C:\Users\Admin\Desktop\DjangoRESTProject\venv\Lib\site-packages\django\core\handlers\base.py", line 198, in _get_response
    response = wrapped_callback(request, *callback_args, **callback_kwargs)
  File "C:\Users\Admin\Desktop\DjangoRESTProject\venv\Lib\site-packages\django\views\decorators\csrf.py", line 65, in _view_wrapper
    return view_func(request, *args, **kwargs)
  File "C:\Users\Admin\Desktop\DjangoRESTProject\venv\Lib\site-packages\django\views\generic\base.py", line 106, in view
    return self.dispatch(request, *args, **kwargs)
           ~~~~~~~~~~~~~^^^^^^^^^^^^^^^^^^^^^^^^^^
  File "C:\Users\Admin\Desktop\DjangoRESTProject\venv\Lib\site-packages\rest_framework\views.py", line 515, in dispatch
    response = self.handle_exception(exc)
  File "C:\Users\Admin\Desktop\DjangoRESTProject\venv\Lib\site-packages\rest_framework\views.py", line 475, in handle_exception
    self.raise_uncaught_exception(exc)
    ~~~~~~~~~~~~~~~~~~~~~~~~~~~~~^^^^^
  File "C:\Users\Admin\Desktop\DjangoRESTProject\venv\Lib\site-packages\rest_framework\views.py", line 486, in raise_uncaught_exception
    raise exc
  File "C:\Users\Admin\Desktop\DjangoRESTProject\venv\Lib\site-packages\rest_framework\views.py", line 512, in dispatch
    response = handler(request, *args, **kwargs)
  File "C:\Users\Admin\Desktop\DjangoRESTProject\venv\Lib\site-packages\rest_framework\generics.py", line 292, in patch
    return self.partial_update(request, *args, **kwargs)
           ~~~~~~~~~~~~~~~~~~~^^^^^^^^^^^^^^^^^^^^^^^^^^
  File "C:\Users\Admin\Desktop\DjangoRESTProject\venv\Lib\site-packages\rest_framework\mixins.py", line 82, in partial_update
    return self.update(request, *args, **kwargs)
           ~~~~~~~~~~~^^^^^^^^^^^^^^^^^^^^^^^^^^
  File "C:\Users\Admin\Desktop\DjangoRESTProject\venv\Lib\site-packages\rest_framework\mixins.py", line 67, in update
    serializer.is_valid(raise_exception=True)
    ~~~~~~~~~~~~~~~~~~~^^^^^^^^^^^^^^^^^^^^^^
  File "C:\Users\Admin\Desktop\DjangoRESTProject\venv\Lib\site-packages\rest_framework\serializers.py", line 225, in is_valid
    self._validated_data = self.run_validation(self.initial_data)
                           ~~~~~~~~~~~~~~~~~~~^^^^^^^^^^^^^^^^^^^
  File "C:\Users\Admin\Desktop\DjangoRESTProject\venv\Lib\site-packages\rest_framework\serializers.py", line 459, in run_validation
    value = self.validate(value)
  File "C:\Users\Admin\Desktop\DjangoRESTProject\rides\serializers.py", line 82, in validate
    if driver.user != request.user:
       ^^^^^^^^^^^
AttributeError: 'NoneType' object has no attribute 'user'
"PATCH /api/vehicles/2cd876c3-31c0-4e12-8a3f-58f4953cfa99/ HTTP/1.1" 500 122499
Unauthorized: /api/vehicles/2cd876c3-31c0-4e12-8a3f-58f4953cfa99/
"GET /api/vehicles/2cd876c3-31c0-4e12-8a3f-58f4953cfa99/ HTTP/1.1" 401 5634
"GET /static/rest_framework/css/bootstrap.min.css HTTP/1.1" 200 121457
"GET /static/rest_framework/css/bootstrap-tweaks.css HTTP/1.1" 200 3426
"GET /static/rest_framework/css/prettify.css HTTP/1.1" 200 817
"GET /static/rest_framework/js/csrf.js HTTP/1.1" 200 1793
"GET /static/rest_framework/css/default.css HTTP/1.1" 200 1152
"GET /static/rest_framework/js/load-ajax-form.js HTTP/1.1" 200 59
"GET /static/rest_framework/js/default.js HTTP/1.1" 200 1268
"GET /static/rest_framework/js/bootstrap.min.js HTTP/1.1" 200 39680
"GET /static/rest_framework/js/prettify-min.js HTTP/1.1" 200 13632
"GET /static/rest_framework/img/grid.png HTTP/1.1" 200 1458
"GET /static/rest_framework/js/ajax-form.js HTTP/1.1" 200 3796
"GET /static/rest_framework/js/jquery-3.7.1.min.js HTTP/1.1" 200 87533
Not Found: /favicon.ico
"GET /favicon.ico HTTP/1.1" 404 3170
"POST /accounts/login/ HTTP/1.1" 200 638
Internal Server Error: /api/vehicles/2cd876c3-31c0-4e12-8a3f-58f4953cfa99/
Traceback (most recent call last):
  File "C:\Users\Admin\Desktop\DjangoRESTProject\venv\Lib\site-packages\django\core\handlers\exception.py", line 55, in inner
    response = get_response(request)
  File "C:\Users\Admin\Desktop\DjangoRESTProject\venv\Lib\site-packages\django\core\handlers\base.py", line 198, in _get_response
    response = wrapped_callback(request, *callback_args, **callback_kwargs)
  File "C:\Users\Admin\Desktop\DjangoRESTProject\venv\Lib\site-packages\django\views\decorators\csrf.py", line 65, in _view_wrapper
    return view_func(request, *args, **kwargs)
  File "C:\Users\Admin\Desktop\DjangoRESTProject\venv\Lib\site-packages\django\views\generic\base.py", line 106, in view
    return self.dispatch(request, *args, **kwargs)
           ~~~~~~~~~~~~~^^^^^^^^^^^^^^^^^^^^^^^^^^
  File "C:\Users\Admin\Desktop\DjangoRESTProject\venv\Lib\site-packages\rest_framework\views.py", line 515, in dispatch
    response = self.handle_exception(exc)
  File "C:\Users\Admin\Desktop\DjangoRESTProject\venv\Lib\site-packages\rest_framework\views.py", line 475, in handle_exception
    self.raise_uncaught_exception(exc)
    ~~~~~~~~~~~~~~~~~~~~~~~~~~~~~^^^^^
  File "C:\Users\Admin\Desktop\DjangoRESTProject\venv\Lib\site-packages\rest_framework\views.py", line 486, in raise_uncaught_exception
    raise exc
  File "C:\Users\Admin\Desktop\DjangoRESTProject\venv\Lib\site-packages\rest_framework\views.py", line 512, in dispatch
    response = handler(request, *args, **kwargs)
  File "C:\Users\Admin\Desktop\DjangoRESTProject\venv\Lib\site-packages\rest_framework\generics.py", line 292, in patch
    return self.partial_update(request, *args, **kwargs)
           ~~~~~~~~~~~~~~~~~~~^^^^^^^^^^^^^^^^^^^^^^^^^^
  File "C:\Users\Admin\Desktop\DjangoRESTProject\venv\Lib\site-packages\rest_framework\mixins.py", line 82, in partial_update
    return self.update(request, *args, **kwargs)
           ~~~~~~~~~~~^^^^^^^^^^^^^^^^^^^^^^^^^^
  File "C:\Users\Admin\Desktop\DjangoRESTProject\venv\Lib\site-packages\rest_framework\mixins.py", line 67, in update
    serializer.is_valid(raise_exception=True)
    ~~~~~~~~~~~~~~~~~~~^^^^^^^^^^^^^^^^^^^^^^
  File "C:\Users\Admin\Desktop\DjangoRESTProject\venv\Lib\site-packages\rest_framework\serializers.py", line 225, in is_valid
    self._validated_data = self.run_validation(self.initial_data)
                           ~~~~~~~~~~~~~~~~~~~^^^^^^^^^^^^^^^^^^^
  File "C:\Users\Admin\Desktop\DjangoRESTProject\venv\Lib\site-packages\rest_framework\serializers.py", line 459, in run_validation
    value = self.validate(value)
  File "C:\Users\Admin\Desktop\DjangoRESTProject\rides\serializers.py", line 82, in validate
    if driver.user != request.user:
       ^^^^^^^^^^^
AttributeError: 'NoneType' object has no attribute 'user'
"PATCH /api/vehicles/2cd876c3-31c0-4e12-8a3f-58f4953cfa99/ HTTP/1.1" 500 122499
Internal Server Error: /api/vehicles/2cd876c3-31c0-4e12-8a3f-58f4953cfa99/
Traceback (most recent call last):
  File "C:\Users\Admin\Desktop\DjangoRESTProject\venv\Lib\site-packages\django\core\handlers\exception.py", line 55, in inner
    response = get_response(request)
  File "C:\Users\Admin\Desktop\DjangoRESTProject\venv\Lib\site-packages\django\core\handlers\base.py", line 198, in _get_response
    response = wrapped_callback(request, *callback_args, **callback_kwargs)
  File "C:\Users\Admin\Desktop\DjangoRESTProject\venv\Lib\site-packages\django\views\decorators\csrf.py", line 65, in _view_wrapper
    return view_func(request, *args, **kwargs)
  File "C:\Users\Admin\Desktop\DjangoRESTProject\venv\Lib\site-packages\django\views\generic\base.py", line 106, in view
    return self.dispatch(request, *args, **kwargs)
           ~~~~~~~~~~~~~^^^^^^^^^^^^^^^^^^^^^^^^^^
  File "C:\Users\Admin\Desktop\DjangoRESTProject\venv\Lib\site-packages\rest_framework\views.py", line 515, in dispatch
    response = self.handle_exception(exc)
  File "C:\Users\Admin\Desktop\DjangoRESTProject\venv\Lib\site-packages\rest_framework\views.py", line 475, in handle_exception
    self.raise_uncaught_exception(exc)
    ~~~~~~~~~~~~~~~~~~~~~~~~~~~~~^^^^^
  File "C:\Users\Admin\Desktop\DjangoRESTProject\venv\Lib\site-packages\rest_framework\views.py", line 486, in raise_uncaught_exception
    raise exc
  File "C:\Users\Admin\Desktop\DjangoRESTProject\venv\Lib\site-packages\rest_framework\views.py", line 512, in dispatch
    response = handler(request, *args, **kwargs)
  File "C:\Users\Admin\Desktop\DjangoRESTProject\venv\Lib\site-packages\rest_framework\generics.py", line 292, in patch
    return self.partial_update(request, *args, **kwargs)
           ~~~~~~~~~~~~~~~~~~~^^^^^^^^^^^^^^^^^^^^^^^^^^
  File "C:\Users\Admin\Desktop\DjangoRESTProject\venv\Lib\site-packages\rest_framework\mixins.py", line 82, in partial_update
    return self.update(request, *args, **kwargs)
           ~~~~~~~~~~~^^^^^^^^^^^^^^^^^^^^^^^^^^
  File "C:\Users\Admin\Desktop\DjangoRESTProject\venv\Lib\site-packages\rest_framework\mixins.py", line 67, in update
    serializer.is_valid(raise_exception=True)
    ~~~~~~~~~~~~~~~~~~~^^^^^^^^^^^^^^^^^^^^^^
  File "C:\Users\Admin\Desktop\DjangoRESTProject\venv\Lib\site-packages\rest_framework\serializers.py", line 225, in is_valid
    self._validated_data = self.run_validation(self.initial_data)
                           ~~~~~~~~~~~~~~~~~~~^^^^^^^^^^^^^^^^^^^
  File "C:\Users\Admin\Desktop\DjangoRESTProject\venv\Lib\site-packages\rest_framework\serializers.py", line 459, in run_validation
    value = self.validate(value)
  File "C:\Users\Admin\Desktop\DjangoRESTProject\rides\serializers.py", line 82, in validate
    if driver.user != request.user:
       ^^^^^^^^^^^
AttributeError: 'NoneType' object has no attribute 'user'
"PATCH /api/vehicles/2cd876c3-31c0-4e12-8a3f-58f4953cfa99/ HTTP/1.1" 500 122492
C:\Users\Admin\Desktop\DjangoRESTProject\rides\serializers.py changed, reloading.
Watching for file changes with StatReloader
"PATCH /api/vehicles/2cd876c3-31c0-4e12-8a3f-58f4953cfa99/ HTTP/1.1" 200 316
"GET /api/vehicles/2cd876c3-31c0-4e12-8a3f-58f4953cfa99/ HTTP/1.1" 200 316
"DELETE /api/vehicles/2cd876c3-31c0-4e12-8a3f-58f4953cfa99/ HTTP/1.1" 204 0
"POST /accounts/login/ HTTP/1.1" 200 638
Bad Request: /api/rides/
"POST /api/rides/ HTTP/1.1" 400 332
"POST /api/rides/ HTTP/1.1" 201 485
"POST /api/rides/2bc53ddd-d0e6-49b7-8fd2-354c44e68e02/accept/ HTTP/1.1" 200 519
"POST /api/rides/2bc53ddd-d0e6-49b7-8fd2-354c44e68e02/start/ HTTP/1.1" 200 519
"POST /api/rides/2bc53ddd-d0e6-49b7-8fd2-354c44e68e02/complete/ HTTP/1.1" 200 519
Internal Server Error: /api/rides/2bc53ddd-d0e6-49b7-8fd2-354c44e68e02/fare/
Traceback (most recent call last):
  File "C:\Users\Admin\Desktop\DjangoRESTProject\venv\Lib\site-packages\django\core\handlers\exception.py", line 55, in inner
    response = get_response(request)
  File "C:\Users\Admin\Desktop\DjangoRESTProject\venv\Lib\site-packages\django\core\handlers\base.py", line 198, in _get_response
    response = wrapped_callback(request, *callback_args, **callback_kwargs)
  File "C:\Users\Admin\Desktop\DjangoRESTProject\venv\Lib\site-packages\django\views\decorators\csrf.py", line 65, in _view_wrapper
    return view_func(request, *args, **kwargs)
  File "C:\Users\Admin\Desktop\DjangoRESTProject\venv\Lib\site-packages\rest_framework\viewsets.py", line 125, in view
    return self.dispatch(request, *args, **kwargs)
           ~~~~~~~~~~~~~^^^^^^^^^^^^^^^^^^^^^^^^^^
  File "C:\Users\Admin\Desktop\DjangoRESTProject\venv\Lib\site-packages\rest_framework\views.py", line 515, in dispatch
    response = self.handle_exception(exc)
  File "C:\Users\Admin\Desktop\DjangoRESTProject\venv\Lib\site-packages\rest_framework\views.py", line 475, in handle_exception
    self.raise_uncaught_exception(exc)
    ~~~~~~~~~~~~~~~~~~~~~~~~~~~~~^^^^^
  File "C:\Users\Admin\Desktop\DjangoRESTProject\venv\Lib\site-packages\rest_framework\views.py", line 486, in raise_uncaught_exception
    raise exc
  File "C:\Users\Admin\Desktop\DjangoRESTProject\venv\Lib\site-packages\rest_framework\views.py", line 512, in dispatch
    response = handler(request, *args, **kwargs)
  File "C:\Users\Admin\Desktop\DjangoRESTProject\rides\views.py", line 120, in fare
    total = calculate_fare(
            ^^^^^^^^^^^^^^
NameError: name 'calculate_fare' is not defined
"GET /api/rides/2bc53ddd-d0e6-49b7-8fd2-354c44e68e02/fare/ HTTP/1.1" 500 98377
C:\Users\Admin\Desktop\DjangoRESTProject\rides\views.py changed, reloading.
Watching for file changes with StatReloader
"GET /api/rides/2bc53ddd-d0e6-49b7-8fd2-354c44e68e02/fare/ HTTP/1.1" 200 75
"POST /api/rides/ HTTP/1.1" 201 485
"POST /api/rides/7a7b42d0-b8af-42d3-b92d-872afd7908ad/cancel/ HTTP/1.1" 200 485
"POST /accounts/login/ HTTP/1.1" 200 638
"GET /api/vehicles/ HTTP/1.1" 200 726
"GET /api/vehicles/668982e1-e293-4ad2-bf82-d4c5c4b6462b HTTP/1.1" 301 0
Unauthorized: /api/vehicles/668982e1-e293-4ad2-bf82-d4c5c4b6462b/
"GET /api/vehicles/668982e1-e293-4ad2-bf82-d4c5c4b6462b/ HTTP/1.1" 401 119
"GET /api/vehicles/668982e1-e293-4ad2-bf82-d4c5c4b6462b HTTP/1.1" 301 0
Unauthorized: /api/vehicles/668982e1-e293-4ad2-bf82-d4c5c4b6462b/
"GET /api/vehicles/668982e1-e293-4ad2-bf82-d4c5c4b6462b/ HTTP/1.1" 401 233
"GET /api/vehicles/668982e1-e293-4ad2-bf82-d4c5c4b6462b HTTP/1.1" 301 0
Unauthorized: /api/vehicles/668982e1-e293-4ad2-bf82-d4c5c4b6462b/
"GET /api/vehicles/668982e1-e293-4ad2-bf82-d4c5c4b6462b/ HTTP/1.1" 401 233
"GET /api/vehicles/668982e1-e293-4ad2-bf82-d4c5c4b6462b HTTP/1.1" 301 0
"GET /api/vehicles/668982e1-e293-4ad2-bf82-d4c5c4b6462b/ HTTP/1.1" 200 315
Watching for file changes with StatReloader
C:\Users\Admin\Desktop\DjangoRESTProject\config\settings.py changed, reloading.
Watching for file changes with StatReloader
C:\Users\Admin\Desktop\DjangoRESTProject\config\settings.py changed, reloading.
Watching for file changes with StatReloader
"POST /accounts/login/ HTTP/1.1" 200 638
"GET /api/rides/ HTTP/1.1" 200 5353
Watching for file changes with StatReloader
Unauthorized: /api/rides/
"POST /api/rides/ HTTP/1.1" 401 233
"POST /accounts/login/ HTTP/1.1" 200 638
"POST /api/rides/ HTTP/1.1" 201 485
"POST /api/rides/c0a69fdc-344e-4a6d-95af-cc0474c9a9e4/cancel/ HTTP/1.1" 200 485
Bad Request: /api/rides/c0a69fdc-344e-4a6d-95af-cc0474c9a9e4/cancel/
"POST /api/rides/c0a69fdc-344e-4a6d-95af-cc0474c9a9e4/cancel/ HTTP/1.1" 400 112
C:\Users\Admin\Desktop\DjangoRESTProject\core\responses.py changed, reloading.
Watching for file changes with StatReloader
Bad Request: /api/rides/c0a69fdc-344e-4a6d-95af-cc0474c9a9e4/cancel/
"POST /api/rides/c0a69fdc-344e-4a6d-95af-cc0474c9a9e4/cancel/ HTTP/1.1" 400 112
C:\Users\Admin\Desktop\DjangoRESTProject\rides\views.py changed, reloading.
Watching for file changes with StatReloader
Unauthorized: /api/rides/c0a69fdc-344e-4a6d-95af-cc0474c9a9e4/cancel/
"POST /api/rides/c0a69fdc-344e-4a6d-95af-cc0474c9a9e4/cancel/ HTTP/1.1" 401 233
"POST /accounts/login/ HTTP/1.1" 200 638
Bad Request: /api/rides/c0a69fdc-344e-4a6d-95af-cc0474c9a9e4/cancel/
"POST /api/rides/c0a69fdc-344e-4a6d-95af-cc0474c9a9e4/cancel/ HTTP/1.1" 400 112
C:\Users\Admin\Desktop\DjangoRESTProject\common\exception_handler.py changed, reloading.
Watching for file changes with StatReloader
"POST /accounts/login/ HTTP/1.1" 200 638
Bad Request: /api/rides/c0a69fdc-344e-4a6d-95af-cc0474c9a9e4/cancel/
"POST /api/rides/c0a69fdc-344e-4a6d-95af-cc0474c9a9e4/cancel/ HTTP/1.1" 400 88
C:\Users\Admin\Desktop\DjangoRESTProject\rides\views.py changed, reloading.
Watching for file changes with StatReloader
Bad Request: /api/rides/c0a69fdc-344e-4a6d-95af-cc0474c9a9e4/cancel/
"POST /api/rides/c0a69fdc-344e-4a6d-95af-cc0474c9a9e4/cancel/ HTTP/1.1" 400 101
Bad Request: /accounts/login/
Bad Request: /accounts/register/
Bad Request: /accounts/register/
Bad Request: /accounts/login/
Bad Request: /accounts/register/
Bad Request: /accounts/register/
Bad Request: /accounts/profile-crud/
Unauthorized: /accounts/profile-crud/
Bad Request: /api/drivers/
Method Not Allowed: /api/drivers/e5223ef5-4a6e-4524-b11e-943606e76fc2/
Bad Request: /api/rides/66d642b7-441c-46ab-96b9-ebf2b34beb0a/accept/
Bad Request: /api/rides/5d4aa16e-ab8c-4f07-b166-46fe6b46606d/accept/
Method Not Allowed: /api/drivers/885a2ce4-438a-49f2-b20e-1cf0251468cd/
Method Not Allowed: /api/drivers/53fa6a8c-a586-4864-9364-251230560efe/
Method Not Allowed: /api/drivers/5ed84452-1725-4465-a1c4-ad2090c6637c/
Method Not Allowed: /api/drivers/fb32e58a-697f-4a74-9e29-785c9d631e37/
Method Not Allowed: /api/drivers/017ce96e-fcec-46f4-acc9-8a1e65b6b885/
Method Not Allowed: /api/drivers/ffc463c5-29e7-42fb-a272-e9891badcff2/
Bad Request: /api/drivers/
Bad Request: /api/rides/8fa9fd72-4d80-4156-9ba6-fbb142f17a6d/accept/
Bad Request: /api/rides/808494d5-b6b1-4e1d-ac43-79cc3f1437e7/accept/
Bad Request: /api/drivers/
Bad Request: /api/rides/92853181-9030-4a29-b2b6-5b87a8783b4d/accept/
Bad Request: /api/rides/02f68412-5e85-44a5-a49b-93f3ddde97a8/accept/
Bad Request: /accounts/login/
Bad Request: /accounts/register/
Bad Request: /accounts/register/
Bad Request: /accounts/profile-crud/
Unauthorized: /accounts/profile-crud/
Bad Request: /accounts/login/
Bad Request: /accounts/register/
Bad Request: /accounts/register/
Bad Request: /accounts/profile-crud/
Unauthorized: /accounts/profile-crud/
Bad Request: /api/drivers/
Bad Request: /api/rides/749ca54a-c90c-4779-9cc6-8a61d43ed1ef/accept/
Bad Request: /api/rides/6921d96d-6e3b-4ce9-8b9c-7eb3354f61e9/accept/
Watching for file changes with StatReloader
"POST /accounts/login/ HTTP/1.1" 200 640
"POST /accounts/login/ HTTP/1.1" 200 638
Not Found: /api/rides/active/
"GET /api/rides/active/ HTTP/1.1" 404 88
C:\Users\Admin\Desktop\DjangoRESTProject\rides\urls.py changed, reloading.
Watching for file changes with StatReloader
C:\Users\Admin\Desktop\DjangoRESTProject\config\urls.py changed, reloading.
Watching for file changes with StatReloader
Watching for file changes with StatReloader
"POST /accounts/login/ HTTP/1.1" 200 638
Not Found: /api/rides/active/
"GET /api/rides/active/ HTTP/1.1" 404 88
Not Found: /api/rides/active/
"GET /api/rides/active/ HTTP/1.1" 404 88
Watching for file changes with StatReloader
"POST /accounts/login/ HTTP/1.1" 200 638
Not Found: /api/rides/active/
"GET /api/rides/active/ HTTP/1.1" 404 88
"POST /accounts/login/ HTTP/1.1" 200 640
Not Found: /api/rides/active/
"GET /api/rides/active/ HTTP/1.1" 404 88
Not Found: /api/rides/active/
"GET /api/rides/active/ HTTP/1.1" 404 88
Not Found: /api/rides/active/
"GET /api/rides/active/ HTTP/1.1" 404 88
Watching for file changes with StatReloader
Not Found: /
"GET / HTTP/1.1" 404 2972
Not Found: /favicon.ico
"GET /favicon.ico HTTP/1.1" 404 3023
Unauthorized: /api/rides/active/
"GET /api/rides/active/ HTTP/1.1" 401 5413
"GET /static/rest_framework/css/bootstrap-tweaks.css HTTP/1.1" 304 0
"GET /static/rest_framework/css/bootstrap.min.css HTTP/1.1" 304 0
"GET /static/rest_framework/js/bootstrap.min.js HTTP/1.1" 304 0
"GET /static/rest_framework/js/csrf.js HTTP/1.1" 304 0
"GET /static/rest_framework/css/prettify.css HTTP/1.1" 304 0
"GET /static/rest_framework/js/default.js HTTP/1.1" 304 0
"GET /static/rest_framework/css/default.css HTTP/1.1" 304 0
"GET /static/rest_framework/js/load-ajax-form.js HTTP/1.1" 304 0
"GET /static/rest_framework/js/prettify-min.js HTTP/1.1" 304 0
"GET /static/rest_framework/js/jquery-3.7.1.min.js HTTP/1.1" 304 0
"GET /static/rest_framework/js/ajax-form.js HTTP/1.1" 304 0
"GET /static/rest_framework/img/grid.png HTTP/1.1" 304 0
Unauthorized: /api/rides/active/
"GET /api/rides/active/ HTTP/1.1" 401 5413
Unauthorized: /api/rides/active/
"GET /api/rides/active/ HTTP/1.1" 401 5413
Unauthorized: /api/rides/active/
"GET /api/rides/active/ HTTP/1.1" 401 5413
Unauthorized: /api/rides/active/
"GET /api/rides/active/ HTTP/1.1" 401 5413
Unauthorized: /api/rides/active/
"GET /api/rides/active/ HTTP/1.1" 401 88
Unauthorized: /api/rides/active/
"GET /api/rides/active/ HTTP/1.1" 401 88
Watching for file changes with StatReloader
"POST /accounts/login/ HTTP/1.1" 200 640
Not Found: /api/rides/active/
"GET /api/rides/active/ HTTP/1.1" 404 88
Not Found: /api/rides/active/
"GET /api/rides/active/ HTTP/1.1" 404 88
Not Found: /api/rides/active/
"GET /api/rides/active/ HTTP/1.1" 404 88
Not Found: /api/rides/active/
"GET /api/rides/active/ HTTP/1.1" 404 88
Watching for file changes with StatReloader
"POST /accounts/login/ HTTP/1.1" 200 640
Not Found: /api/rides/active/
"GET /api/rides/active/ HTTP/1.1" 404 88
C:\Users\Admin\Desktop\DjangoRESTProject\rides\views.py changed, reloading.
C:\Users\Admin\Desktop\DjangoRESTProject\rides\views.py changed, reloading.
Watching for file changes with StatReloader
C:\Users\Admin\Desktop\DjangoRESTProject\rides\views.py changed, reloading.
Watching for file changes with StatReloader
Watching for file changes with StatReloader
"POST /accounts/login/ HTTP/1.1" 200 640
Not Found: /api/rides/active/
"GET /api/rides/active/ HTTP/1.1" 404 88
Not Found: /api/rides/active/
"GET /api/rides/active/ HTTP/1.1" 404 88
Watching for file changes with StatReloader
"POST /accounts/login/ HTTP/1.1" 200 640
Not Found: /api/rides/active/
"GET /api/rides/active/ HTTP/1.1" 404 88
Watching for file changes with StatReloader
C:\Users\Admin\Desktop\DjangoRESTProject\config\urls.py changed, reloading.
Watching for file changes with StatReloader
C:\Users\Admin\Desktop\DjangoRESTProject\config\urls.py changed, reloading.
Watching for file changes with StatReloader
Watching for file changes with StatReloader
"POST /accounts/login/ HTTP/1.1" 200 640
Not Found: /api/rides/active/
"GET /api/rides/active/ HTTP/1.1" 404 88
C:\Users\Admin\Desktop\DjangoRESTProject\rides\urls.py changed, reloading.
C:\Users\Admin\Desktop\DjangoRESTProject\rides\urls.py changed, reloading.
Watching for file changes with StatReloader
Watching for file changes with StatReloader
C:\Users\Admin\Desktop\DjangoRESTProject\rides\urls.py changed, reloading.
C:\Users\Admin\Desktop\DjangoRESTProject\rides\urls.py changed, reloading.
Watching for file changes with StatReloader
Watching for file changes with StatReloader
Watching for file changes with StatReloader
"POST /accounts/login/ HTTP/1.1" 200 640
"GET /api/rides/active/ HTTP/1.1" 200 182
C:\Users\Admin\Desktop\DjangoRESTProject\rides\urls.py changed, reloading.
C:\Users\Admin\Desktop\DjangoRESTProject\rides\urls.py changed, reloading.
Watching for file changes with StatReloader
Watching for file changes with StatReloader
C:\Users\Admin\Desktop\DjangoRESTProject\rides\urls.py changed, reloading.
C:\Users\Admin\Desktop\DjangoRESTProject\rides\urls.py changed, reloading.
Watching for file changes with StatReloader
Watching for file changes with StatReloader
Watching for file changes with StatReloader
"POST /accounts/login/ HTTP/1.1" 200 640
"GET /api/rides/active/ HTTP/1.1" 200 182
"GET /api/rides/completed/ HTTP/1.1" 200 504
C:\Users\Admin\Desktop\DjangoRESTProject\rides\urls.py changed, reloading.
C:\Users\Admin\Desktop\DjangoRESTProject\rides\urls.py changed, reloading.
Watching for file changes with StatReloader
Watching for file changes with StatReloader
"GET /api/rides/cancelled/ HTTP/1.1" 200 661
C:\Users\Admin\Desktop\DjangoRESTProject\rides\urls.py changed, reloading.
C:\Users\Admin\Desktop\DjangoRESTProject\rides\urls.py changed, reloading.
Watching for file changes with StatReloader
Watching for file changes with StatReloader
Not Found: /api/rides/driver_history/
"GET /api/rides/driver_history/ HTTP/1.1" 404 88
"GET /api/rides/driver-history/ HTTP/1.1" 200 770
C:\Users\Admin\Desktop\DjangoRESTProject\rides\urls.py changed, reloading.
C:\Users\Admin\Desktop\DjangoRESTProject\rides\urls.py changed, reloading.
Watching for file changes with StatReloader
Watching for file changes with StatReloader
"GET /api/rides/daily-count/ HTTP/1.1" 200 73
C:\Users\Admin\Desktop\DjangoRESTProject\rides\urls.py changed, reloading.
C:\Users\Admin\Desktop\DjangoRESTProject\rides\urls.py changed, reloading.
Watching for file changes with StatReloader
Watching for file changes with StatReloader
"GET /api/rides/total-completed/ HTTP/1.1" 200 27
C:\Users\Admin\Desktop\DjangoRESTProject\rides\urls.py changed, reloading.
C:\Users\Admin\Desktop\DjangoRESTProject\rides\urls.py changed, reloading.
Watching for file changes with StatReloader
Watching for file changes with StatReloader
"GET /api/rides/total-fare/ HTTP/1.1" 200 20
C:\Users\Admin\Desktop\DjangoRESTProject\rides\views.py changed, reloading.
C:\Users\Admin\Desktop\DjangoRESTProject\rides\views.py changed, reloading.
Watching for file changes with StatReloader
Watching for file changes with StatReloader
C:\Users\Admin\Desktop\DjangoRESTProject\rides\views.py changed, reloading.
C:\Users\Admin\Desktop\DjangoRESTProject\rides\views.py changed, reloading.
Watching for file changes with StatReloader
Watching for file changes with StatReloader
C:\Users\Admin\Desktop\DjangoRESTProject\rides\urls.py changed, reloading.
C:\Users\Admin\Desktop\DjangoRESTProject\rides\urls.py changed, reloading.
Watching for file changes with StatReloader
Watching for file changes with StatReloader
C:\Users\Admin\Desktop\DjangoRESTProject\rides\urls.py changed, reloading.
C:\Users\Admin\Desktop\DjangoRESTProject\rides\urls.py changed, reloading.
Watching for file changes with StatReloader
Watching for file changes with StatReloader
"POST /accounts/login/ HTTP/1.1" 200 640
"GET /api/rides/aggregations/ HTTP/1.1" 200 100
C:\Users\Admin\Desktop\DjangoRESTProject\rides\views.py changed, reloading.
C:\Users\Admin\Desktop\DjangoRESTProject\rides\views.py changed, reloading.
Watching for file changes with StatReloader
Watching for file changes with StatReloader
C:\Users\Admin\Desktop\DjangoRESTProject\rides\views.py changed, reloading.
C:\Users\Admin\Desktop\DjangoRESTProject\rides\views.py changed, reloading.
Watching for file changes with StatReloader
Watching for file changes with StatReloader
C:\Users\Admin\Desktop\DjangoRESTProject\rides\urls.py changed, reloading.
C:\Users\Admin\Desktop\DjangoRESTProject\rides\urls.py changed, reloading.
Watching for file changes with StatReloader
Watching for file changes with StatReloader
"POST /accounts/login/ HTTP/1.1" 200 640
Not Found: /api/rides/slow-rides/
"GET /api/rides/slow-rides/ HTTP/1.1" 404 88
"GET /api/slow-rides/ HTTP/1.1" 200 1912
C:\Users\Admin\Desktop\DjangoRESTProject\rides\views.py changed, reloading.
C:\Users\Admin\Desktop\DjangoRESTProject\rides\views.py changed, reloading.
Watching for file changes with StatReloader
Watching for file changes with StatReloader
C:\Users\Admin\Desktop\DjangoRESTProject\rides\views.py changed, reloading.
C:\Users\Admin\Desktop\DjangoRESTProject\rides\views.py changed, reloading.
Watching for file changes with StatReloader
Watching for file changes with StatReloader
C:\Users\Admin\Desktop\DjangoRESTProject\rides\views.py changed, reloading.
C:\Users\Admin\Desktop\DjangoRESTProject\rides\views.py changed, reloading.
Watching for file changes with StatReloader
Watching for file changes with StatReloader
C:\Users\Admin\Desktop\DjangoRESTProject\rides\views.py changed, reloading.
C:\Users\Admin\Desktop\DjangoRESTProject\rides\views.py changed, reloading.
Watching for file changes with StatReloader
Watching for file changes with StatReloader
C:\Users\Admin\Desktop\DjangoRESTProject\rides\views.py changed, reloading.
C:\Users\Admin\Desktop\DjangoRESTProject\rides\views.py changed, reloading.
Watching for file changes with StatReloader
Watching for file changes with StatReloader
"GET /api/slow-rides/ HTTP/1.1" 200 1912
C:\Users\Admin\Desktop\DjangoRESTProject\rides\views.py changed, reloading.
C:\Users\Admin\Desktop\DjangoRESTProject\rides\views.py changed, reloading.
Watching for file changes with StatReloader
Watching for file changes with StatReloader
C:\Users\Admin\Desktop\DjangoRESTProject\rides\views.py changed, reloading.
C:\Users\Admin\Desktop\DjangoRESTProject\rides\views.py changed, reloading.
Watching for file changes with StatReloader
Watching for file changes with StatReloader
"GET /api/slow-rides/ HTTP/1.1" 200 1912
C:\Users\Admin\Desktop\DjangoRESTProject\rides\models.py changed, reloading.
C:\Users\Admin\Desktop\DjangoRESTProject\rides\models.py changed, reloading.
Watching for file changes with StatReloader
Watching for file changes with StatReloader
C:\Users\Admin\Desktop\DjangoRESTProject\rides\views.py changed, reloading.
Watching for file changes with StatReloader
C:\Users\Admin\Desktop\DjangoRESTProject\rides\views.py changed, reloading.
Watching for file changes with StatReloader
C:\Users\Admin\Desktop\DjangoRESTProject\rides\urls.py changed, reloading.
Watching for file changes with StatReloader
C:\Users\Admin\Desktop\DjangoRESTProject\rides\urls.py changed, reloading.
Watching for file changes with StatReloader
C:\Users\Admin\Desktop\DjangoRESTProject\rides\urls.py changed, reloading.
Watching for file changes with StatReloader
Watching for file changes with StatReloader
"POST /accounts/login/ HTTP/1.1" 200 640
"GET /api/rides/filter/ HTTP/1.1" 200 6326
"GET /api/rides/filter/?status=COMPLETED HTTP/1.1" 200 2757
Internal Server Error: /api/rides/filter/
Traceback (most recent call last):
  File "C:\Users\Admin\Desktop\DjangoRESTProject\venv\Lib\site-packages\django\db\models\fields\__init__.py", line 2766, in to_python
    return uuid.UUID(**{input_form: value})
           ~~~~~~~~~^^^^^^^^^^^^^^^^^^^^^^^
  File "C:\Program Files\WindowsApps\PythonSoftwareFoundation.Python.3.13_3.13.3824.0_x64__qbz5n2kfra8p0\Lib\uuid.py", line 181, in __init__
    raise ValueError('badly formed hexadecimal UUID string')
ValueError: badly formed hexadecimal UUID string

During handling of the above exception, another exception occurred:

Traceback (most recent call last):
  File "C:\Users\Admin\Desktop\DjangoRESTProject\venv\Lib\site-packages\django\core\handlers\exception.py", line 55, in inner
    response = get_response(request)
  File "C:\Users\Admin\Desktop\DjangoRESTProject\venv\Lib\site-packages\django\core\handlers\base.py", line 198, in _get_response
    response = wrapped_callback(request, *callback_args, **callback_kwargs)
  File "C:\Users\Admin\Desktop\DjangoRESTProject\venv\Lib\site-packages\django\views\decorators\csrf.py", line 65, in _view_wrapper
    return view_func(request, *args, **kwargs)
  File "C:\Users\Admin\Desktop\DjangoRESTProject\venv\Lib\site-packages\django\views\generic\base.py", line 106, in view
    return self.dispatch(request, *args, **kwargs)
           ~~~~~~~~~~~~~^^^^^^^^^^^^^^^^^^^^^^^^^^
  File "C:\Users\Admin\Desktop\DjangoRESTProject\venv\Lib\site-packages\rest_framework\views.py", line 515, in dispatch
    response = self.handle_exception(exc)
  File "C:\Users\Admin\Desktop\DjangoRESTProject\venv\Lib\site-packages\rest_framework\views.py", line 475, in handle_exception
    self.raise_uncaught_exception(exc)
    ~~~~~~~~~~~~~~~~~~~~~~~~~~~~~^^^^^
  File "C:\Users\Admin\Desktop\DjangoRESTProject\venv\Lib\site-packages\rest_framework\views.py", line 486, in raise_uncaught_exception
    raise exc
  File "C:\Users\Admin\Desktop\DjangoRESTProject\venv\Lib\site-packages\rest_framework\views.py", line 512, in dispatch
    response = handler(request, *args, **kwargs)
  File "C:\Users\Admin\Desktop\DjangoRESTProject\rides\views.py", line 365, in get
    rides = rides.filter(driver_id=driver_id)
  File "C:\Users\Admin\Desktop\DjangoRESTProject\venv\Lib\site-packages\django\db\models\query.py", line 1542, in filter
    return self._filter_or_exclude(False, args, kwargs)
           ~~~~~~~~~~~~~~~~~~~~~~~^^^^^^^^^^^^^^^^^^^^^
  File "C:\Users\Admin\Desktop\DjangoRESTProject\venv\Lib\site-packages\django\db\models\query.py", line 1560, in _filter_or_exclude
    clone._filter_or_exclude_inplace(negate, args, kwargs)
    ~~~~~~~~~~~~~~~~~~~~~~~~~~~~~~~~^^^^^^^^^^^^^^^^^^^^^^
  File "C:\Users\Admin\Desktop\DjangoRESTProject\venv\Lib\site-packages\django\db\models\query.py", line 1570, in _filter_or_exclude_inplace
    self._query.add_q(Q(*args, **kwargs))
    ~~~~~~~~~~~~~~~~~^^^^^^^^^^^^^^^^^^^^
  File "C:\Users\Admin\Desktop\DjangoRESTProject\venv\Lib\site-packages\django\db\models\sql\query.py", line 1676, in add_q
    clause, _ = self._add_q(q_object, can_reuse)
                ~~~~~~~~~~~^^^^^^^^^^^^^^^^^^^^^
  File "C:\Users\Admin\Desktop\DjangoRESTProject\venv\Lib\site-packages\django\db\models\sql\query.py", line 1708, in _add_q
    child_clause, needed_inner = self.build_filter(
                                 ~~~~~~~~~~~~~~~~~^
        child,
        ^^^^^^
    ...<7 lines>...
        update_join_types=update_join_types,
        ^^^^^^^^^^^^^^^^^^^^^^^^^^^^^^^^^^^^
    )
    ^
  File "C:\Users\Admin\Desktop\DjangoRESTProject\venv\Lib\site-packages\django\db\models\sql\query.py", line 1618, in build_filter
    condition = self.build_lookup(lookups, col, value)
  File "C:\Users\Admin\Desktop\DjangoRESTProject\venv\Lib\site-packages\django\db\models\sql\query.py", line 1445, in build_lookup
    lookup = lookup_class(lhs, rhs)
  File "C:\Users\Admin\Desktop\DjangoRESTProject\venv\Lib\site-packages\django\db\models\lookups.py", line 35, in __init__
    self.rhs = self.get_prep_lookup()
               ~~~~~~~~~~~~~~~~~~~~^^
  File "C:\Users\Admin\Desktop\DjangoRESTProject\venv\Lib\site-packages\django\db\models\fields\related_lookups.py", line 113, in get_prep_lookup
    self.rhs = target_field.get_prep_value(self.rhs)
               ~~~~~~~~~~~~~~~~~~~~~~~~~~~^^^^^^^^^^
  File "C:\Users\Admin\Desktop\DjangoRESTProject\venv\Lib\site-packages\django\db\models\fields\__init__.py", line 2750, in get_prep_value
    return self.to_python(value)
           ~~~~~~~~~~~~~~^^^^^^^
  File "C:\Users\Admin\Desktop\DjangoRESTProject\venv\Lib\site-packages\django\db\models\fields\__init__.py", line 2768, in to_python
    raise exceptions.ValidationError(
    ...<3 lines>...
    )
django.core.exceptions.ValidationError: ['“DRIVER_UUID” is not a valid UUID.']
"GET /api/rides/filter/?driver_id=DRIVER_UUID HTTP/1.1" 500 165296
"GET /api/rides/filter/?min_fare=200 HTTP/1.1" 200 5324
"GET /api/rides/filter/?max_fare=500 HTTP/1.1" 200 6326
"GET /api/rides/filter/?start_date=2026-08-01 HTTP/1.1" 200 6326
"GET /api/rides/filter/?status=COMPLETED&min_fare=200&max_fare=500 HTTP/1.1" 200 2757
"GET /api/rides/filter/?ordering=fare HTTP/1.1" 200 6326
"GET /api/rides/filter/?ordering=-fare HTTP/1.1" 200 6326
"GET /api/rides/filter/?ordering=-created_at HTTP/1.1" 200 6326
"GET /api/rides/filter/?ordering=created_at HTTP/1.1" 200 6326
C:\Users\Admin\Desktop\DjangoRESTProject\rides\views.py changed, reloading.
Watching for file changes with StatReloader
C:\Users\Admin\Desktop\DjangoRESTProject\rides\views.py changed, reloading.
Watching for file changes with StatReloader
C:\Users\Admin\Desktop\DjangoRESTProject\rides\views.py changed, reloading.
Watching for file changes with StatReloader
C:\Users\Admin\Desktop\DjangoRESTProject\rides\urls.py changed, reloading.
Watching for file changes with StatReloader
C:\Users\Admin\Desktop\DjangoRESTProject\rides\urls.py changed, reloading.
Watching for file changes with StatReloader
C:\Users\Admin\Desktop\DjangoRESTProject\rides\urls.py changed, reloading.
Watching for file changes with StatReloader
Watching for file changes with StatReloader
"POST /accounts/login/ HTTP/1.1" 200 640
"GET /api/rides/large-dataset/ HTTP/1.1" 200 10205
"GET /api/rides/large-dataset/?page=2 HTTP/1.1" 200 10249
"GET /api/rides/large-dataset/?page_size=50 HTTP/1.1" 200 25368
C:\Users\Admin\Desktop\DjangoRESTProject\rides\views.py changed, reloading.
Watching for file changes with StatReloader
C:\Users\Admin\Desktop\DjangoRESTProject\rides\views.py changed, reloading.
Watching for file changes with StatReloader
C:\Users\Admin\Desktop\DjangoRESTProject\rides\views.py changed, reloading.
Watching for file changes with StatReloader
C:\Users\Admin\Desktop\DjangoRESTProject\rides\views.py changed, reloading.
Watching for file changes with StatReloader
Watching for file changes with StatReloader
"POST /accounts/login/ HTTP/1.1" 200 640
"GET /api/rides/filter/ HTTP/1.1" 200 2529108
"GET /api/rides/large-dataset/ HTTP/1.1" 200 10205
"GET /api/rides/aggregations/ HTTP/1.1" 200 117
Watching for file changes with StatReloader
"POST /accounts/login/ HTTP/1.1" 200 640
"POST /api/drivers/location/ HTTP/1.1" 201 168
C:\Users\Admin\Desktop\DjangoRESTProject\rides\urls.py changed, reloading.
Watching for file changes with StatReloader
C:\Users\Admin\Desktop\DjangoRESTProject\rides\views.py changed, reloading.
Watching for file changes with StatReloader
C:\Users\Admin\Desktop\DjangoRESTProject\rides\views.py changed, reloading.
Watching for file changes with StatReloader
C:\Users\Admin\Desktop\DjangoRESTProject\rides\urls.py changed, reloading.
Watching for file changes with StatReloader
Watching for file changes with StatReloader
"POST /accounts/login/ HTTP/1.1" 200 640
"GET /api/drivers/nearby/?latitude=17.3850&longitude=78.4867&radius=5 HTTP/1.1" 200 170
C:\Users\Admin\Desktop\DjangoRESTProject\rides\views.py changed, reloading.
Watching for file changes with StatReloader
C:\Users\Admin\Desktop\DjangoRESTProject\rides\views.py changed, reloading.
Watching for file changes with StatReloader
C:\Users\Admin\Desktop\DjangoRESTProject\rides\views.py changed, reloading.
Watching for file changes with StatReloader
Watching for file changes with StatReloader
"POST /accounts/login/ HTTP/1.1" 200 640
Internal Server Error: /api/drivers/nearby/
Traceback (most recent call last):
  File "C:\Users\Admin\Desktop\DjangoRESTProject\venv\Lib\site-packages\django\core\handlers\exception.py", line 55, in inner
    response = get_response(request)
  File "C:\Users\Admin\Desktop\DjangoRESTProject\venv\Lib\site-packages\django\core\handlers\base.py", line 198, in _get_response
    response = wrapped_callback(request, *callback_args, **callback_kwargs)
  File "C:\Users\Admin\Desktop\DjangoRESTProject\venv\Lib\site-packages\django\views\decorators\csrf.py", line 65, in _view_wrapper
    return view_func(request, *args, **kwargs)
  File "C:\Users\Admin\Desktop\DjangoRESTProject\venv\Lib\site-packages\django\views\generic\base.py", line 106, in view
    return self.dispatch(request, *args, **kwargs)
           ~~~~~~~~~~~~~^^^^^^^^^^^^^^^^^^^^^^^^^^
  File "C:\Users\Admin\Desktop\DjangoRESTProject\venv\Lib\site-packages\rest_framework\views.py", line 515, in dispatch
    response = self.handle_exception(exc)
  File "C:\Users\Admin\Desktop\DjangoRESTProject\venv\Lib\site-packages\rest_framework\views.py", line 475, in handle_exception
    self.raise_uncaught_exception(exc)
    ~~~~~~~~~~~~~~~~~~~~~~~~~~~~~^^^^^
  File "C:\Users\Admin\Desktop\DjangoRESTProject\venv\Lib\site-packages\rest_framework\views.py", line 486, in raise_uncaught_exception
    raise exc
  File "C:\Users\Admin\Desktop\DjangoRESTProject\venv\Lib\site-packages\rest_framework\views.py", line 512, in dispatch
    response = handler(request, *args, **kwargs)
  File "C:\Users\Admin\Desktop\DjangoRESTProject\rides\views.py", line 483, in get
    distance = self.calculate_distance(
        latitude,
    ...<2 lines>...
        float(driver.longitude)
    )
TypeError: NearbyDriverView.calculate_distance() missing 1 required positional argument: 'lon2'
"GET /api/drivers/nearby/?latitude=17.3850&longitude=78.4867&radius=5 HTTP/1.1" 500 98637
C:\Users\Admin\Desktop\DjangoRESTProject\rides\views.py changed, reloading.
Watching for file changes with StatReloader
Internal Server Error: /api/drivers/nearby/
Traceback (most recent call last):
  File "C:\Users\Admin\Desktop\DjangoRESTProject\venv\Lib\site-packages\django\core\handlers\exception.py", line 55, in inner
    response = get_response(request)
  File "C:\Users\Admin\Desktop\DjangoRESTProject\venv\Lib\site-packages\django\core\handlers\base.py", line 198, in _get_response
    response = wrapped_callback(request, *callback_args, **callback_kwargs)
  File "C:\Users\Admin\Desktop\DjangoRESTProject\venv\Lib\site-packages\django\views\decorators\csrf.py", line 65, in _view_wrapper
    return view_func(request, *args, **kwargs)
  File "C:\Users\Admin\Desktop\DjangoRESTProject\venv\Lib\site-packages\django\views\generic\base.py", line 106, in view
    return self.dispatch(request, *args, **kwargs)
           ~~~~~~~~~~~~~^^^^^^^^^^^^^^^^^^^^^^^^^^
  File "C:\Users\Admin\Desktop\DjangoRESTProject\venv\Lib\site-packages\rest_framework\views.py", line 515, in dispatch
    response = self.handle_exception(exc)
  File "C:\Users\Admin\Desktop\DjangoRESTProject\venv\Lib\site-packages\rest_framework\views.py", line 475, in handle_exception
    self.raise_uncaught_exception(exc)
    ~~~~~~~~~~~~~~~~~~~~~~~~~~~~~^^^^^
  File "C:\Users\Admin\Desktop\DjangoRESTProject\venv\Lib\site-packages\rest_framework\views.py", line 486, in raise_uncaught_exception
    raise exc
  File "C:\Users\Admin\Desktop\DjangoRESTProject\venv\Lib\site-packages\rest_framework\views.py", line 512, in dispatch
    response = handler(request, *args, **kwargs)
  File "C:\Users\Admin\Desktop\DjangoRESTProject\rides\views.py", line 483, in get
    distance = self.calculate_distance(
        latitude,
    ...<2 lines>...
        float(driver.longitude)
    )
TypeError: NearbyDriverView.calculate_distance() missing 1 required positional argument: 'lon2'
"GET /api/drivers/nearby/?latitude=17.3850&longitude=78.4867&radius=5 HTTP/1.1" 500 98637
Internal Server Error: /api/drivers/nearby/
Traceback (most recent call last):
  File "C:\Users\Admin\Desktop\DjangoRESTProject\venv\Lib\site-packages\django\core\handlers\exception.py", line 55, in inner
    response = get_response(request)
  File "C:\Users\Admin\Desktop\DjangoRESTProject\venv\Lib\site-packages\django\core\handlers\base.py", line 198, in _get_response
    response = wrapped_callback(request, *callback_args, **callback_kwargs)
  File "C:\Users\Admin\Desktop\DjangoRESTProject\venv\Lib\site-packages\django\views\decorators\csrf.py", line 65, in _view_wrapper
    return view_func(request, *args, **kwargs)
  File "C:\Users\Admin\Desktop\DjangoRESTProject\venv\Lib\site-packages\django\views\generic\base.py", line 106, in view
    return self.dispatch(request, *args, **kwargs)
           ~~~~~~~~~~~~~^^^^^^^^^^^^^^^^^^^^^^^^^^
  File "C:\Users\Admin\Desktop\DjangoRESTProject\venv\Lib\site-packages\rest_framework\views.py", line 515, in dispatch
    response = self.handle_exception(exc)
  File "C:\Users\Admin\Desktop\DjangoRESTProject\venv\Lib\site-packages\rest_framework\views.py", line 475, in handle_exception
    self.raise_uncaught_exception(exc)
    ~~~~~~~~~~~~~~~~~~~~~~~~~~~~~^^^^^
  File "C:\Users\Admin\Desktop\DjangoRESTProject\venv\Lib\site-packages\rest_framework\views.py", line 486, in raise_uncaught_exception
    raise exc
  File "C:\Users\Admin\Desktop\DjangoRESTProject\venv\Lib\site-packages\rest_framework\views.py", line 512, in dispatch
    response = handler(request, *args, **kwargs)
  File "C:\Users\Admin\Desktop\DjangoRESTProject\rides\views.py", line 483, in get
    distance = self.calculate_distance(
        latitude,
    ...<2 lines>...
        float(driver.longitude)
    )
TypeError: NearbyDriverView.calculate_distance() missing 1 required positional argument: 'lon2'
"GET /api/drivers/nearby/?latitude=17.3850&longitude=78.4867&radius=5 HTTP/1.1" 500 98637
C:\Users\Admin\Desktop\DjangoRESTProject\rides\views.py changed, reloading.
Watching for file changes with StatReloader
C:\Users\Admin\Desktop\DjangoRESTProject\rides\views.py changed, reloading.
Watching for file changes with StatReloader
Watching for file changes with StatReloader
"POST /accounts/login/ HTTP/1.1" 200 640
"GET /api/drivers/nearby/?latitude=17.3850&longitude=78.4867&radius=5 HTTP/1.1" 200 72
C:\Users\Admin\Desktop\DjangoRESTProject\rides\models.py changed, reloading.
Watching for file changes with StatReloader
Watching for file changes with StatReloader
"POST /accounts/login/ HTTP/1.1" 200 640
"GET /api/drivers/nearby/?latitude=17.3850&longitude=78.4867&radius=5 HTTP/1.1" 200 72
Watching for file changes with StatReloader
"POST /accounts/login/ HTTP/1.1" 200 640
"GET /api/drivers/nearby/?latitude=17.3850&longitude=78.4867&radius=5 HTTP/1.1" 200 72
Watching for file changes with StatReloader
"POST /accounts/login/ HTTP/1.1" 200 640
"GET /api/drivers/nearby/?latitude=17.3850&longitude=78.4867&radius=5 HTTP/1.1" 200 72
Watching for file changes with StatReloader
"POST /accounts/login/ HTTP/1.1" 200 640
"GET /api/drivers/nearby/?latitude=17.3850&longitude=78.4867&radius=5 HTTP/1.1" 200 2
Watching for file changes with StatReloader
"POST /accounts/login/ HTTP/1.1" 200 640
"GET /api/drivers/nearby/?latitude=17.3850&longitude=78.4867&radius=5 HTTP/1.1" 200 2
C:\Users\Admin\Desktop\DjangoRESTProject\rides\views.py changed, reloading.
Watching for file changes with StatReloader
C:\Users\Admin\Desktop\DjangoRESTProject\rides\views.py changed, reloading.
Watching for file changes with StatReloader
Watching for file changes with StatReloader
"POST /accounts/login/ HTTP/1.1" 200 640
Bad Request: /api/drivers/nearby/
"GET /api/drivers/nearby/?latitude=100&longitude=78.4867&radius=5 HTTP/1.1" 400 28
Bad Request: /api/drivers/nearby/
"GET /api/drivers/nearby/?latitude=17.3850&longitude=200&radius=5 HTTP/1.1" 400 29
Bad Request: /api/drivers/nearby/
"GET /api/drivers/nearby/?latitude=17.3850&longitude=78.4867&radius=-5 HTTP/1.1" 400 26
Bad Request: /api/drivers/nearby/
"GET /api/drivers/nearby/?radius=5 HTTP/1.1" 400 47
Watching for file changes with StatReloader
"POST /accounts/login/ HTTP/1.1" 200 640
"GET /api/drivers/nearby/?latitude=17.3850&longitude=78.4867&radius=5 HTTP/1.1" 200 2
Watching for file changes with StatReloader
"POST /accounts/login/ HTTP/1.1" 200 640
"GET /api/drivers/nearby/?latitude=17.3850&longitude=78.4867&radius=5 HTTP/1.1" 200 2
Watching for file changes with StatReloader
"POST /accounts/login/ HTTP/1.1" 200 640
"GET /api/drivers/nearby/?latitude=17.3850&longitude=78.4867&radius=5 HTTP/1.1" 200 71921
"GET /api/drivers/nearby/?latitude=17.3850&longitude=78.4867&radius=5 HTTP/1.1" 200 71921
"GET /api/drivers/nearby/?latitude=17.3850&longitude=78.4867&radius=5 HTTP/1.1" 200 71921
"GET /api/drivers/nearby/?latitude=17.3850&longitude=78.4867&radius=5 HTTP/1.1" 200 71921
"GET /api/drivers/nearby/?latitude=17.3850&longitude=78.4867&radius=5 HTTP/1.1" 200 71921
Watching for file changes with StatReloader
"POST /accounts/login/ HTTP/1.1" 200 640
"GET /api/drivers/nearby/?latitude=17.3850&longitude=78.4867&radius=5 HTTP/1.1" 200 71921
"GET /api/drivers/nearby/?latitude=17.3850&longitude=78.4867&radius=5 HTTP/1.1" 200 71921
"GET /api/drivers/nearby/?latitude=17.3850&longitude=78.4867&radius=5 HTTP/1.1" 200 71921
"GET /api/drivers/nearby/?latitude=17.3850&longitude=78.4867&radius=5 HTTP/1.1" 200 71921
"GET /api/drivers/nearby/?latitude=17.3850&longitude=78.4867&radius=5 HTTP/1.1" 200 71921
C:\Users\Admin\Desktop\DjangoRESTProject\rides\views.py changed, reloading.
Watching for file changes with StatReloader
"GET /api/drivers/nearby/?latitude=17.3850&longitude=78.4867&radius=5 HTTP/1.1" 200 71921
"GET /api/drivers/nearby/?latitude=17.3850&longitude=78.4867&radius=5 HTTP/1.1" 200 71921
"GET /api/drivers/nearby/?latitude=17.3850&longitude=78.4867&radius=5 HTTP/1.1" 200 71921
"GET /api/drivers/nearby/?latitude=17.3850&longitude=78.4867&radius=5 HTTP/1.1" 200 71921
"GET /api/drivers/nearby/?latitude=17.3850&longitude=78.4867&radius=5 HTTP/1.1" 200 71921
Watching for file changes with StatReloader
Watching for file changes with StatReloader
Not Found: /ws/rides/f0bdd0a9-15a4-4145-b436-de94dc9462c9/
"GET /ws/rides/f0bdd0a9-15a4-4145-b436-de94dc9462c9/ HTTP/1.1" 404 3128
Watching for file changes with StatReloader
Not Found: /ws/rides/f0bdd0a9-15a4-4145-b436-de94dc9462c9/
"GET /ws/rides/f0bdd0a9-15a4-4145-b436-de94dc9462c9/ HTTP/1.1" 404 3128
- Broken pipe from ('127.0.0.1', 53944)
C:\Users\Admin\Desktop\DjangoRESTProject\config\settings.py changed, reloading.
Watching for file changes with StatReloader
Watching for file changes with StatReloader
Not Found: /ws/rides/f0bdd0a9-15a4-4145-b436-de94dc9462c9/
"GET /ws/rides/f0bdd0a9-15a4-4145-b436-de94dc9462c9/ HTTP/1.1" 404 3128
Not Found: /ws/rides/f0bdd0a9-15a4-4145-b436-de94dc9462c9/
"GET /ws/rides/f0bdd0a9-15a4-4145-b436-de94dc9462c9/ HTTP/1.1" 404 3128
Not Found: /ws/rides/f0bdd0a9-15a4-4145-b436-de94dc9462c9/
"GET /ws/rides/f0bdd0a9-15a4-4145-b436-de94dc9462c9/ HTTP/1.1" 404 3128
Not Found: /ws/rides/f0bdd0a9-15a4-4145-b436-de94dc9462c9/
"GET /ws/rides/f0bdd0a9-15a4-4145-b436-de94dc9462c9/ HTTP/1.1" 404 3128
Watching for file changes with StatReloader
Not Found: /ws/rides/f0bdd0a9-15a4-4145-b436-de94dc9462c9/
"GET /ws/rides/f0bdd0a9-15a4-4145-b436-de94dc9462c9/ HTTP/1.1" 404 3128
Watching for file changes with StatReloader
Not Found: /ws/rides/f0bdd0a9-15a4-4145-b436-de94dc9462c9/
"GET /ws/rides/f0bdd0a9-15a4-4145-b436-de94dc9462c9/ HTTP/1.1" 404 3128
Watching for file changes with StatReloader
WebSocket HANDSHAKING /ws/rides/f0bdd0a9-15a4-4145-b436-de94dc9462c9/ [127.0.0.1:54763]
WebSocket CONNECT /ws/rides/f0bdd0a9-15a4-4145-b436-de94dc9462c9/ [127.0.0.1:54763]
Unauthorized: /api/rides/f0bdd0a9-15a4-4145-b436-de94dc9462c9/status/
[31;1mHTTP PATCH /api/rides/f0bdd0a9-15a4-4145-b436-de94dc9462c9/status/ 401 [0.03, 127.0.0.1:54784][0m
[mHTTP POST /accounts/login/ 200 [2.17, 127.0.0.1:54789][0m
Bad Request: /api/rides/f0bdd0a9-15a4-4145-b436-de94dc9462c9/status/
[31;1mHTTP PATCH /api/rides/f0bdd0a9-15a4-4145-b436-de94dc9462c9/status/ 400 [0.12, 127.0.0.1:54789][0m
Bad Request: /api/rides/f0bdd0a9-15a4-4145-b436-de94dc9462c9/status/
[31;1mHTTP PATCH /api/rides/f0bdd0a9-15a4-4145-b436-de94dc9462c9/status/ 400 [0.12, 127.0.0.1:54818][0m
Watching for file changes with StatReloader
Bad Request: /api/rides/f0bdd0a9-15a4-4145-b436-de94dc9462c9/status/
[31;1mHTTP PATCH /api/rides/f0bdd0a9-15a4-4145-b436-de94dc9462c9/status/ 400 [0.31, 127.0.0.1:54840][0m
[mHTTP PATCH /api/rides/f0bdd0a9-15a4-4145-b436-de94dc9462c9/status/ 200 [0.31, 127.0.0.1:54889][0m
WebSocket HANDSHAKING /ws/rides/f0bdd0a9-15a4-4145-b436-de94dc9462c9/ [127.0.0.1:54918]
WebSocket CONNECT /ws/rides/f0bdd0a9-15a4-4145-b436-de94dc9462c9/ [127.0.0.1:54918]
Bad Request: /api/rides/f0bdd0a9-15a4-4145-b436-de94dc9462c9/status/
[31;1mHTTP PATCH /api/rides/f0bdd0a9-15a4-4145-b436-de94dc9462c9/status/ 400 [0.23, 127.0.0.1:54919][0m
[mHTTP POST /accounts/login/ 200 [1.82, 127.0.0.1:54942][0m
Bad Request: /api/rides/f0bdd0a9-15a4-4145-b436-de94dc9462c9/status/
[31;1mHTTP PATCH /api/rides/f0bdd0a9-15a4-4145-b436-de94dc9462c9/status/ 400 [0.22, 127.0.0.1:54942][0m
Bad Request: /api/rides/f0bdd0a9-15a4-4145-b436-de94dc9462c9/status/
[31;1mHTTP PATCH /api/rides/f0bdd0a9-15a4-4145-b436-de94dc9462c9/status/ 400 [0.10, 127.0.0.1:54948][0m
C:\Users\Admin\Desktop\DjangoRESTProject\rides\views.py changed, reloading.
Watching for file changes with StatReloader
Bad Request: /api/rides/f0bdd0a9-15a4-4145-b436-de94dc9462c9/status/
[31;1mHTTP PATCH /api/rides/f0bdd0a9-15a4-4145-b436-de94dc9462c9/status/ 400 [0.27, 127.0.0.1:55013][0m
C:\Users\Admin\Desktop\DjangoRESTProject\rides\views.py changed, reloading.
Watching for file changes with StatReloader
C:\Users\Admin\Desktop\DjangoRESTProject\rides\views.py changed, reloading.
Watching for file changes with StatReloader
Bad Request: /api/rides/f0bdd0a9-15a4-4145-b436-de94dc9462c9/status/
[31;1mHTTP PATCH /api/rides/f0bdd0a9-15a4-4145-b436-de94dc9462c9/status/ 400 [0.18, 127.0.0.1:55119][0m
C:\Users\Admin\Desktop\DjangoRESTProject\rides\views.py changed, reloading.
Watching for file changes with StatReloader
[35;1mHTTP PATCH /api/rides/f0bdd0a9-15a4-4145-b436-de94dc9462c9/status/ 500 [1.03, 127.0.0.1:55294][0m
C:\Users\Admin\Desktop\DjangoRESTProject\rides\views.py changed, reloading.
Watching for file changes with StatReloader
C:\Users\Admin\Desktop\DjangoRESTProject\rides\views.py changed, reloading.
Watching for file changes with StatReloader
WebSocket HANDSHAKING /ws/rides/f0bdd0a9-15a4-4145-b436-de94dc9462c9/ [127.0.0.1:55397]
WebSocket CONNECT /ws/rides/f0bdd0a9-15a4-4145-b436-de94dc9462c9/ [127.0.0.1:55397]
Bad Request: /api/rides/f0bdd0a9-15a4-4145-b436-de94dc9462c9/status/
[31;1mHTTP PATCH /api/rides/f0bdd0a9-15a4-4145-b436-de94dc9462c9/status/ 400 [0.29, 127.0.0.1:55400][0m
Unauthorized: /api/rides/f0bdd0a9-15a4-4145-b436-de94dc9462c9/status/
[31;1mHTTP PATCH /api/rides/f0bdd0a9-15a4-4145-b436-de94dc9462c9/status/ 401 [0.01, 127.0.0.1:55420][0m
[mHTTP POST /accounts/login/ 200 [3.48, 127.0.0.1:55420][0m
[mHTTP PATCH /api/rides/f0bdd0a9-15a4-4145-b436-de94dc9462c9/status/ 200 [0.15, 127.0.0.1:55420][0m
Bad Request: /api/rides/f0bdd0a9-15a4-4145-b436-de94dc9462c9/status/
[31;1mHTTP PATCH /api/rides/f0bdd0a9-15a4-4145-b436-de94dc9462c9/status/ 400 [0.14, 127.0.0.1:55446][0m
Bad Request: /api/rides/f0bdd0a9-15a4-4145-b436-de94dc9462c9/status/
[31;1mHTTP PATCH /api/rides/f0bdd0a9-15a4-4145-b436-de94dc9462c9/status/ 400 [0.13, 127.0.0.1:55455][0m
C:\Users\Admin\Desktop\DjangoRESTProject\rides\serializers.py changed, reloading.
Watching for file changes with StatReloader
[mHTTP PATCH /api/rides/f0bdd0a9-15a4-4145-b436-de94dc9462c9/status/ 200 [0.77, 127.0.0.1:55484][0m
WebSocket HANDSHAKING /ws/rides/f0bdd0a9-15a4-4145-b436-de94dc9462c9/ [127.0.0.1:55493]
WebSocket CONNECT /ws/rides/f0bdd0a9-15a4-4145-b436-de94dc9462c9/ [127.0.0.1:55493]
Bad Request: /api/rides/f0bdd0a9-15a4-4145-b436-de94dc9462c9/status/
[31;1mHTTP PATCH /api/rides/f0bdd0a9-15a4-4145-b436-de94dc9462c9/status/ 400 [0.13, 127.0.0.1:55495][0m
Unauthorized: /api/rides/
[31;1mHTTP POST /api/rides/ 401 [0.01, 127.0.0.1:55505][0m
[mHTTP POST /accounts/login/ 200 [3.55, 127.0.0.1:55505][0m
Bad Request: /api/rides/
[31;1mHTTP POST /api/rides/ 400 [0.11, 127.0.0.1:55505][0m
[mHTTP GET /api/rides/ 200 [0.17, 127.0.0.1:55522][0m
Watching for file changes with StatReloader
[mHTTP POST /accounts/login/ 200 [3.64, 127.0.0.1:55629][0m
WebSocket HANDSHAKING /ws/rides/f0bdd0a9-15a4-4145-b436-de94dc9462c9/ [127.0.0.1:55631]
WebSocket CONNECT /ws/rides/f0bdd0a9-15a4-4145-b436-de94dc9462c9/ [127.0.0.1:55631]
Bad Request: /api/rides/
[31;1mHTTP POST /api/rides/ 400 [0.24, 127.0.0.1:55634][0m
Watching for file changes with StatReloader
[mHTTP POST /accounts/login/ 200 [1.68, 127.0.0.1:55780][0m
WebSocket HANDSHAKING /ws/rides/f0bdd0a9-15a4-4145-b436-de94dc9462c9/ [127.0.0.1:55787]
WebSocket CONNECT /ws/rides/f0bdd0a9-15a4-4145-b436-de94dc9462c9/ [127.0.0.1:55787]
[mHTTP PATCH /api/rides/9c3e61f6-3fb8-4893-be19-358d0b5c6753/status/ 200 [0.15, 127.0.0.1:55780][0m
Method Not Allowed: /api/rides/9c3e61f6-3fb8-4893-be19-358d0b5c6753/status/
[31;1mHTTP GET /api/rides/9c3e61f6-3fb8-4893-be19-358d0b5c6753/status/ 405 [0.07, 127.0.0.1:55792][0m
[mHTTP GET /api/rides/9c3e61f6-3fb8-4893-be19-358d0b5c6753/ 200 [0.08, 127.0.0.1:55795][0m
C:\Users\Admin\Desktop\DjangoRESTProject\config\asgi.py changed, reloading.
Watching for file changes with StatReloader
C:\Users\Admin\Desktop\DjangoRESTProject\config\asgi.py changed, reloading.
Watching for file changes with StatReloader
C:\Users\Admin\Desktop\DjangoRESTProject\rides\consumers.py changed, reloading.
Watching for file changes with StatReloader
C:\Users\Admin\Desktop\DjangoRESTProject\rides\consumers.py changed, reloading.
Watching for file changes with StatReloader
C:\Users\Admin\Desktop\DjangoRESTProject\rides\views.py changed, reloading.
Watching for file changes with StatReloader
C:\Users\Admin\Desktop\DjangoRESTProject\rides\views.py changed, reloading.
Watching for file changes with StatReloader
Watching for file changes with StatReloader
[mHTTP POST /accounts/login/ 200 [1.73, 127.0.0.1:56132][0m
WebSocket HANDSHAKING /ws/rides/f0bdd0a9-15a4-4145-b436-de94dc9462c9/ [127.0.0.1:56140]
WebSocket CONNECT /ws/rides/f0bdd0a9-15a4-4145-b436-de94dc9462c9/ [127.0.0.1:56140]
[mHTTP PATCH /api/rides/9c3e61f6-3fb8-4893-be19-358d0b5c6753/location/ 200 [0.26, 127.0.0.1:56152][0m
WebSocket HANDSHAKING /ws/rides/9c3e61f6-3fb8-4893-be19-358d0b5c6753/ [127.0.0.1:56166]
WebSocket CONNECT /ws/rides/9c3e61f6-3fb8-4893-be19-358d0b5c6753/ [127.0.0.1:56166]
[mHTTP PATCH /api/rides/9c3e61f6-3fb8-4893-be19-358d0b5c6753/location/ 200 [0.11, 127.0.0.1:56169][0m
C:\Users\Admin\Desktop\DjangoRESTProject\rides\consumers.py changed, reloading.
Watching for file changes with StatReloader
C:\Users\Admin\Desktop\DjangoRESTProject\rides\consumers.py changed, reloading.
Watching for file changes with StatReloader
C:\Users\Admin\Desktop\DjangoRESTProject\rides\consumers.py changed, reloading.
Watching for file changes with StatReloader
C:\Users\Admin\Desktop\DjangoRESTProject\rides\consumers.py changed, reloading.
Watching for file changes with StatReloader
[mHTTP POST /accounts/login/ 200 [1.86, 127.0.0.1:56494][0m
WebSocket HANDSHAKING /ws/rides/9c3e61f6-3fb8-4893-be19-358d0b5c6753/ [127.0.0.1:56500]
WebSocket CONNECT /ws/rides/9c3e61f6-3fb8-4893-be19-358d0b5c6753/ [127.0.0.1:56500]
WebSocket DISCONNECT /ws/rides/9c3e61f6-3fb8-4893-be19-358d0b5c6753/ [127.0.0.1:56500]
WebSocket HANDSHAKING /ws/rides/9c3e61f6-3fb8-4893-be19-358d0b5c6753/ [127.0.0.1:56511]
WebSocket REJECT /ws/rides/9c3e61f6-3fb8-4893-be19-358d0b5c6753/ [127.0.0.1:56511]
WebSocket DISCONNECT /ws/rides/9c3e61f6-3fb8-4893-be19-358d0b5c6753/ [127.0.0.1:56511]
WebSocket HANDSHAKING /ws/rides/9c3e61f6-3fb8-4893-be19-358d0b5c6753/eyJhbGciOiJIUzI1NiIsInR5cCI6IkpXVCJ9.eyJ0b2tlbl90eXBlIjoiYWNjZXNzIiwiZXhwIjoxNzg3MTMxOTI2LCJpYXQiOjE3ODcxMzAxMjYsImp0aSI6ImQyMGYyMWQwODQ1YjRkMmJhYWY4NWVjODM3ZGFjZDQ4IiwidXNlcl9pZCI6IjI0ZDE5ZTUwLTVhOTAtNDIwOC1iNTU2LWM1YWQyYzhmNTBmZiJ9.TcmKT9Iqa8Y3Ca_fHejkq9X72yiEqKmI5ngsqyVe3gA [127.0.0.1:56542]
WebSocket DISCONNECT /ws/rides/9c3e61f6-3fb8-4893-be19-358d0b5c6753/eyJhbGciOiJIUzI1NiIsInR5cCI6IkpXVCJ9.eyJ0b2tlbl90eXBlIjoiYWNjZXNzIiwiZXhwIjoxNzg3MTMxOTI2LCJpYXQiOjE3ODcxMzAxMjYsImp0aSI6ImQyMGYyMWQwODQ1YjRkMmJhYWY4NWVjODM3ZGFjZDQ4IiwidXNlcl9pZCI6IjI0ZDE5ZTUwLTVhOTAtNDIwOC1iNTU2LWM1YWQyYzhmNTBmZiJ9.TcmKT9Iqa8Y3Ca_fHejkq9X72yiEqKmI5ngsqyVe3gA [127.0.0.1:56542]
WebSocket HANDSHAKING /ws/rides/9c3e61f6-3fb8-4893-be19-358d0b5c6753/eyJhbGciOiJIUzI1NiIsInR5cCI6IkpXVCJ9.eyJ0b2tlbl90eXBlIjoiYWNjZXNzIiwiZXhwIjoxNzg3MTMxOTI2LCJpYXQiOjE3ODcxMzAxMjYsImp0aSI6ImQyMGYyMWQwODQ1YjRkMmJhYWY4NWVjODM3ZGFjZDQ4IiwidXNlcl9pZCI6IjI0ZDE5ZTUwLTVhOTAtNDIwOC1iNTU2LWM1YWQyYzhmNTBmZiJ9.TcmKT9Iqa8Y3Ca_fHejkq9X72yiEqKmI5ngsqyVe3gA [127.0.0.1:56545]
WebSocket DISCONNECT /ws/rides/9c3e61f6-3fb8-4893-be19-358d0b5c6753/eyJhbGciOiJIUzI1NiIsInR5cCI6IkpXVCJ9.eyJ0b2tlbl90eXBlIjoiYWNjZXNzIiwiZXhwIjoxNzg3MTMxOTI2LCJpYXQiOjE3ODcxMzAxMjYsImp0aSI6ImQyMGYyMWQwODQ1YjRkMmJhYWY4NWVjODM3ZGFjZDQ4IiwidXNlcl9pZCI6IjI0ZDE5ZTUwLTVhOTAtNDIwOC1iNTU2LWM1YWQyYzhmNTBmZiJ9.TcmKT9Iqa8Y3Ca_fHejkq9X72yiEqKmI5ngsqyVe3gA [127.0.0.1:56545]
WebSocket HANDSHAKING /ws/rides/9c3e61f6-3fb8-4893-be19-358d0b5c6753/ [127.0.0.1:56548]
WebSocket CONNECT /ws/rides/9c3e61f6-3fb8-4893-be19-358d0b5c6753/ [127.0.0.1:56548]
WebSocket DISCONNECT /ws/rides/9c3e61f6-3fb8-4893-be19-358d0b5c6753/ [127.0.0.1:56548]
WebSocket HANDSHAKING /ws/rides/9c3e61f6-3fb8-4893-be19-358d0b5c6753/ [127.0.0.1:56576]
WebSocket DISCONNECT /ws/rides/9c3e61f6-3fb8-4893-be19-358d0b5c6753/ [127.0.0.1:56576]
WebSocket HANDSHAKING /ws/rides/9c3e61f6-3fb8-4893-be19-358d0b5c6753/ [127.0.0.1:56581]
WebSocket CONNECT /ws/rides/9c3e61f6-3fb8-4893-be19-358d0b5c6753/ [127.0.0.1:56581]
WebSocket DISCONNECT /ws/rides/9c3e61f6-3fb8-4893-be19-358d0b5c6753/ [127.0.0.1:56581]
WebSocket HANDSHAKING /ws/rides/9c3e61f6-3fb8-4893-be19-358d0b5c6753/ [127.0.0.1:56641]
WebSocket CONNECT /ws/rides/9c3e61f6-3fb8-4893-be19-358d0b5c6753/ [127.0.0.1:56641]
WebSocket DISCONNECT /ws/rides/9c3e61f6-3fb8-4893-be19-358d0b5c6753/ [127.0.0.1:56641]
WebSocket HANDSHAKING /ws/rides/9c3e61f6-3fb8-4893-be19-358d0b5c6753/ [127.0.0.1:56644]
WebSocket CONNECT /ws/rides/9c3e61f6-3fb8-4893-be19-358d0b5c6753/ [127.0.0.1:56644]
C:\Users\Admin\Desktop\DjangoRESTProject\rides\consumers.py changed, reloading.
Watching for file changes with StatReloader
C:\Users\Admin\Desktop\DjangoRESTProject\rides\consumers.py changed, reloading.
Watching for file changes with StatReloader
C:\Users\Admin\Desktop\DjangoRESTProject\rides\consumers.py changed, reloading.
Watching for file changes with StatReloader
WebSocket HANDSHAKING /ws/rides/9c3e61f6-3fb8-4893-be19-358d0b5c6753/ [127.0.0.1:56747]
WebSocket REJECT /ws/rides/9c3e61f6-3fb8-4893-be19-358d0b5c6753/ [127.0.0.1:56747]
WebSocket DISCONNECT /ws/rides/9c3e61f6-3fb8-4893-be19-358d0b5c6753/ [127.0.0.1:56747]
WebSocket HANDSHAKING /ws/rides/9c3e61f6-3fb8-4893-be19-358d0b5c6753/ [127.0.0.1:56750]
WebSocket REJECT /ws/rides/9c3e61f6-3fb8-4893-be19-358d0b5c6753/ [127.0.0.1:56750]
WebSocket DISCONNECT /ws/rides/9c3e61f6-3fb8-4893-be19-358d0b5c6753/ [127.0.0.1:56750]
[mHTTP POST /accounts/login/ 200 [1.85, 127.0.0.1:56753][0m
WebSocket HANDSHAKING /ws/rides/9c3e61f6-3fb8-4893-be19-358d0b5c6753/ [127.0.0.1:56755]
WebSocket CONNECT /ws/rides/9c3e61f6-3fb8-4893-be19-358d0b5c6753/ [127.0.0.1:56755]
WebSocket DISCONNECT /ws/rides/9c3e61f6-3fb8-4893-be19-358d0b5c6753/ [127.0.0.1:56755]
WebSocket HANDSHAKING /ws/rides/9c3e61f6-3fb8-4893-be19-358d0b5c6753/ [127.0.0.1:56760]
WebSocket REJECT /ws/rides/9c3e61f6-3fb8-4893-be19-358d0b5c6753/ [127.0.0.1:56760]
WebSocket DISCONNECT /ws/rides/9c3e61f6-3fb8-4893-be19-358d0b5c6753/ [127.0.0.1:56760]
Bad Request: /accounts/login/
[31;1mHTTP POST /accounts/login/ 400 [1.56, 127.0.0.1:56796][0m
Bad Request: /accounts/register/
[31;1mHTTP POST /accounts/register/ 400 [0.20, 127.0.0.1:56796][0m
Bad Request: /accounts/register/
[31;1mHTTP POST /accounts/register/ 400 [0.01, 127.0.0.1:56796][0m
[mHTTP POST /accounts/login/ 200 [1.63, 127.0.0.1:56816][0m
[mHTTP GET /admin/ 200 [0.96, 127.0.0.1:56836][0m
[mHTTP GET /static/admin/css/base.css 200 [0.38, 127.0.0.1:56836][0m
[mHTTP GET /static/admin/css/dark_mode.css 200 [0.44, 127.0.0.1:56837][0m
[mHTTP GET /static/admin/js/theme.js 200 [0.43, 127.0.0.1:56844][0m
[mHTTP GET /static/admin/css/nav_sidebar.css 200 [0.51, 127.0.0.1:56843][0m
[mHTTP GET /static/admin/js/nav_sidebar.js 200 [0.08, 127.0.0.1:56844][0m
[mHTTP GET /static/admin/css/responsive.css 200 [0.57, 127.0.0.1:56846][0m
[mHTTP GET /static/admin/css/dashboard.css 200 [0.61, 127.0.0.1:56845][0m
[mHTTP GET /static/admin/img/icon-changelink.svg 200 [0.03, 127.0.0.1:56846][0m
[mHTTP GET /static/admin/img/icon-addlink.svg 200 [0.03, 127.0.0.1:56845][0m
Not Found: /favicon.ico
[33mHTTP GET /favicon.ico 404 [0.02, 127.0.0.1:56845][0m
[mHTTP GET /admin/accounts/user/ 200 [0.36, 127.0.0.1:56845][0m
[mHTTP GET /static/admin/css/changelists.css 200 [0.05, 127.0.0.1:56845][0m
[mHTTP GET /static/admin/js/jquery.init.js 200 [0.06, 127.0.0.1:56844][0m
[mHTTP GET /static/admin/js/core.js 200 [0.11, 127.0.0.1:56843][0m
[mHTTP GET /static/admin/js/actions.js 200 [0.08, 127.0.0.1:56845][0m
[mHTTP GET /static/admin/js/admin/RelatedObjectLookups.js 200 [0.11, 127.0.0.1:56837][0m
[mHTTP GET /static/admin/js/urlify.js 200 [0.05, 127.0.0.1:56844][0m
[mHTTP GET /static/admin/img/search.svg 200 [0.04, 127.0.0.1:56845][0m
[mHTTP GET /static/admin/js/vendor/jquery/jquery.js 200 [0.20, 127.0.0.1:56846][0m
[mHTTP GET /static/admin/js/prepopulate.js 200 [0.08, 127.0.0.1:56837][0m
[mHTTP GET /static/admin/img/icon-yes.svg 200 [0.04, 127.0.0.1:56844][0m
[mHTTP GET /admin/jsi18n/ 200 [0.24, 127.0.0.1:56836][0m
[mHTTP GET /static/admin/img/icon-no.svg 200 [0.03, 127.0.0.1:56845][0m
[mHTTP GET /static/admin/js/filters.js 200 [0.03, 127.0.0.1:56845][0m
[mHTTP GET /static/admin/js/vendor/xregexp/xregexp.js 200 [0.19, 127.0.0.1:56843][0m
[mHTTP GET /static/admin/img/tooltag-add.svg 200 [0.02, 127.0.0.1:56843][0m
[mHTTP GET /static/admin/img/icon-viewlink.svg 200 [0.03, 127.0.0.1:56845][0m
[mHTTP GET /static/admin/img/sorting-icons.svg 200 [0.03, 127.0.0.1:56836][0m
[mHTTP GET /admin/accounts/user/7772b3db-6bc7-422c-a672-9e7e9aec90df/change/ 200 [0.32, 127.0.0.1:56861][0m
[mHTTP GET /static/admin/css/forms.css 200 [0.06, 127.0.0.1:56861][0m
[mHTTP GET /static/admin/js/calendar.js 200 [0.08, 127.0.0.1:56863][0m
[mHTTP GET /static/admin/js/SelectFilter2.js 200 [0.06, 127.0.0.1:56866][0m
[mHTTP GET /static/admin/js/admin/DateTimeShortcuts.js 200 [0.08, 127.0.0.1:56864][0m
[mHTTP GET /static/admin/js/SelectBox.js 200 [0.08, 127.0.0.1:56865][0m
[mHTTP GET /static/admin/js/prepopulate_init.js 200 [0.05, 127.0.0.1:56861][0m
[mHTTP GET /static/admin/css/widgets.css 200 [0.03, 127.0.0.1:56866][0m
[mHTTP GET /admin/jsi18n/ 200 [0.13, 127.0.0.1:56867][0m
[mHTTP GET /static/admin/js/change_form.js 200 [0.03, 127.0.0.1:56866][0m
[mHTTP GET /static/admin/img/icon-clock.svg 200 [0.03, 127.0.0.1:56861][0m
[mHTTP GET /static/admin/img/selector-icons.svg 200 [0.04, 127.0.0.1:56866][0m
[mHTTP GET /static/admin/img/icon-calendar.svg 200 [0.04, 127.0.0.1:56867][0m
[mHTTP GET /admin/accounts/user/7772b3db-6bc7-422c-a672-9e7e9aec90df/password/ 200 [0.16, 127.0.0.1:56867][0m
[mHTTP GET /static/admin/css/unusable_password_field.css 200 [0.02, 127.0.0.1:56867][0m
[mHTTP POST /admin/accounts/user/7772b3db-6bc7-422c-a672-9e7e9aec90df/password/ 200 [0.09, 127.0.0.1:56867][0m
[mHTTP POST /admin/accounts/user/7772b3db-6bc7-422c-a672-9e7e9aec90df/password/ 200 [0.09, 127.0.0.1:56867][0m
[mHTTP POST /admin/accounts/user/7772b3db-6bc7-422c-a672-9e7e9aec90df/password/ 200 [0.09, 127.0.0.1:56888][0m
[32mHTTP POST /admin/accounts/user/7772b3db-6bc7-422c-a672-9e7e9aec90df/password/ 302 [1.59, 127.0.0.1:56888][0m
[mHTTP GET /admin/accounts/user/7772b3db-6bc7-422c-a672-9e7e9aec90df/change/ 200 [0.11, 127.0.0.1:56888][0m
[mHTTP GET /admin/jsi18n/ 200 [0.08, 127.0.0.1:56888][0m
[mHTTP POST /accounts/login/ 200 [1.57, 127.0.0.1:56905][0m
WebSocket HANDSHAKING /ws/rides/9c3e61f6-3fb8-4893-be19-358d0b5c6753/ [127.0.0.1:56926]
WebSocket REJECT /ws/rides/9c3e61f6-3fb8-4893-be19-358d0b5c6753/ [127.0.0.1:56926]
WebSocket DISCONNECT /ws/rides/9c3e61f6-3fb8-4893-be19-358d0b5c6753/ [127.0.0.1:56926]
[mHTTP POST /accounts/login/ 200 [1.72, 127.0.0.1:56931][0m
WebSocket HANDSHAKING /ws/rides/9c3e61f6-3fb8-4893-be19-358d0b5c6753/ [127.0.0.1:56933]
WebSocket CONNECT /ws/rides/9c3e61f6-3fb8-4893-be19-358d0b5c6753/ [127.0.0.1:56933]
WebSocket HANDSHAKING /ws/rides/9c3e61f6-3fb8-4893-be19-358d0b5c6753/ [127.0.0.1:56937]
WebSocket REJECT /ws/rides/9c3e61f6-3fb8-4893-be19-358d0b5c6753/ [127.0.0.1:56937]
WebSocket DISCONNECT /ws/rides/9c3e61f6-3fb8-4893-be19-358d0b5c6753/ [127.0.0.1:56937]
[mHTTP POST /accounts/login/ 200 [1.61, 127.0.0.1:56943][0m
WebSocket HANDSHAKING /ws/rides/9c3e61f6-3fb8-4893-be19-358d0b5c6753/ [127.0.0.1:56945]
WebSocket REJECT /ws/rides/9c3e61f6-3fb8-4893-be19-358d0b5c6753/ [127.0.0.1:56945]
WebSocket DISCONNECT /ws/rides/9c3e61f6-3fb8-4893-be19-358d0b5c6753/ [127.0.0.1:56945]
[mHTTP GET /admin/rides/ride/ 200 [0.19, 127.0.0.1:56956][0m
[mHTTP GET /admin/jsi18n/ 200 [0.19, 127.0.0.1:56956][0m
[mHTTP GET /admin/rides/ride/?status__id__exact=ccc975be-9c3b-40ee-9a8a-462766a033c9 200 [0.12, 127.0.0.1:56996][0m
[mHTTP GET /admin/jsi18n/ 200 [0.08, 127.0.0.1:56996][0m
[mHTTP GET /admin/accounts/user/ 200 [0.21, 127.0.0.1:57020][0m
[mHTTP GET /admin/jsi18n/ 200 [0.07, 127.0.0.1:57020][0m
[mHTTP GET /admin/accounts/profile/ 200 [0.20, 127.0.0.1:57036][0m
[mHTTP GET /admin/jsi18n/ 200 [0.17, 127.0.0.1:57036][0m
[mHTTP GET /admin/accounts/profile/7/change/ 200 [0.41, 127.0.0.1:57036][0m
[mHTTP GET /static/admin/img/icon-deletelink.svg 200 [0.02, 127.0.0.1:57037][0m
[mHTTP GET /admin/jsi18n/ 200 [0.10, 127.0.0.1:57036][0m
[mHTTP GET /admin/accounts/profile/ 200 [0.09, 127.0.0.1:57036][0m
[mHTTP GET /admin/accounts/user/ 200 [0.26, 127.0.0.1:57036][0m
[mHTTP GET /admin/jsi18n/ 200 [0.08, 127.0.0.1:57036][0m
[mHTTP GET /admin/rides/ride/ 200 [0.18, 127.0.0.1:57036][0m
[mHTTP GET /admin/jsi18n/ 200 [0.08, 127.0.0.1:57036][0m
[mHTTP GET /admin/accounts/user/ 200 [0.15, 127.0.0.1:57036][0m
[mHTTP GET /admin/jsi18n/ 200 [0.09, 127.0.0.1:57036][0m
[mHTTP GET /admin/rides/ride/ 200 [0.18, 127.0.0.1:57036][0m
[mHTTP GET /admin/jsi18n/ 200 [0.08, 127.0.0.1:57036][0m
[mHTTP GET /admin/rides/ride/488f3285-8564-4a33-9441-4fb271e244a5/change/ 200 [1.38, 127.0.0.1:57036][0m
[mHTTP GET /admin/jsi18n/ 200 [0.08, 127.0.0.1:57036][0m
[mHTTP GET /admin/rides/ride/ 200 [0.29, 127.0.0.1:57036][0m
[mHTTP GET /admin/accounts/user/ 200 [0.18, 127.0.0.1:57064][0m
[mHTTP GET /admin/jsi18n/ 200 [0.08, 127.0.0.1:57064][0m
[mHTTP GET /admin/accounts/user/?o=-1 200 [0.15, 127.0.0.1:57064][0m
[mHTTP GET /admin/jsi18n/ 200 [0.08, 127.0.0.1:57064][0m
[mHTTP GET /admin/accounts/user/00b1a80d-00c3-4ea4-82dc-3578b8f06522/change/?_changelist_filters=o%3D-1 200 [0.24, 127.0.0.1:57065][0m
[mHTTP GET /admin/jsi18n/ 200 [0.08, 127.0.0.1:57065][0m
[mHTTP GET /admin/accounts/user/00b1a80d-00c3-4ea4-82dc-3578b8f06522/password/ 200 [0.19, 127.0.0.1:57065][0m
[mHTTP POST /admin/accounts/user/00b1a80d-00c3-4ea4-82dc-3578b8f06522/password/ 200 [0.08, 127.0.0.1:57065][0m
[32mHTTP POST /admin/accounts/user/00b1a80d-00c3-4ea4-82dc-3578b8f06522/password/ 302 [1.51, 127.0.0.1:57065][0m
[mHTTP GET /admin/accounts/user/00b1a80d-00c3-4ea4-82dc-3578b8f06522/change/ 200 [0.11, 127.0.0.1:57065][0m
[mHTTP GET /admin/jsi18n/ 200 [0.20, 127.0.0.1:57065][0m
[mHTTP GET /admin/ 200 [0.17, 127.0.0.1:57096][0m
[mHTTP POST /accounts/login/ 200 [1.73, 127.0.0.1:57133][0m
WebSocket HANDSHAKING /ws/rides/9c3e61f6-3fb8-4893-be19-358d0b5c6753/ [127.0.0.1:57148]
WebSocket REJECT /ws/rides/9c3e61f6-3fb8-4893-be19-358d0b5c6753/ [127.0.0.1:57148]
WebSocket DISCONNECT /ws/rides/9c3e61f6-3fb8-4893-be19-358d0b5c6753/ [127.0.0.1:57148]
[mHTTP GET /admin/accounts/user/ 200 [0.15, 127.0.0.1:57153][0m
[mHTTP GET /admin/jsi18n/ 200 [0.09, 127.0.0.1:57153][0m
[mHTTP GET /admin/accounts/user/?o=-1 200 [0.15, 127.0.0.1:57153][0m
[mHTTP GET /admin/jsi18n/ 200 [0.07, 127.0.0.1:57153][0m
[mHTTP GET /admin/accounts/user/00b1a80d-00c3-4ea4-82dc-3578b8f06522/change/?_changelist_filters=o%3D-1 200 [0.24, 127.0.0.1:57153][0m
[mHTTP GET /admin/jsi18n/ 200 [0.08, 127.0.0.1:57153][0m
WebSocket HANDSHAKING /ws/rides/00b1a80d-00c3-4ea4-82dc-3578b8f06522/ [127.0.0.1:57161]
WebSocket REJECT /ws/rides/00b1a80d-00c3-4ea4-82dc-3578b8f06522/ [127.0.0.1:57161]
WebSocket DISCONNECT /ws/rides/00b1a80d-00c3-4ea4-82dc-3578b8f06522/ [127.0.0.1:57161]
[mHTTP GET /admin/rides/ride/ 200 [0.18, 127.0.0.1:57167][0m
[mHTTP GET /admin/jsi18n/ 200 [0.08, 127.0.0.1:57167][0m
[mHTTP GET /admin/rides/ride/ 200 [0.18, 127.0.0.1:57167][0m
[mHTTP GET /admin/jsi18n/ 200 [0.08, 127.0.0.1:57167][0m
[mHTTP GET /admin/rides/ride/488f3285-8564-4a33-9441-4fb271e244a5/change/ 200 [1.36, 127.0.0.1:57167][0m
[mHTTP GET /admin/jsi18n/ 200 [0.07, 127.0.0.1:57167][0m
WebSocket HANDSHAKING /ws/rides/488f3285-8564-4a33-9441-4fb271e244a5/ [127.0.0.1:57195]
WebSocket CONNECT /ws/rides/488f3285-8564-4a33-9441-4fb271e244a5/ [127.0.0.1:57195]
Bad Request: /accounts/login/
[31;1mHTTP POST /accounts/login/ 400 [1.52, 127.0.0.1:57204][0m
[mHTTP GET /admin/accounts/user/ 200 [0.17, 127.0.0.1:57208][0m
[mHTTP GET /admin/jsi18n/ 200 [0.18, 127.0.0.1:57208][0m
[mHTTP POST /accounts/login/ 200 [1.55, 127.0.0.1:57204][0m
[mHTTP GET /admin/rides/ride/ 200 [0.31, 127.0.0.1:57234][0m
[mHTTP GET /admin/jsi18n/ 200 [0.07, 127.0.0.1:57234][0m
[mHTTP GET /admin/rides/ride/ 200 [0.18, 127.0.0.1:57234][0m
[mHTTP GET /admin/jsi18n/ 200 [0.08, 127.0.0.1:57234][0m
[mHTTP GET /admin/rides/ride/?o=3.-9 200 [0.23, 127.0.0.1:57234][0m
[mHTTP GET /admin/jsi18n/ 200 [0.07, 127.0.0.1:57234][0m
[mHTTP GET /admin/rides/ride/ 200 [0.18, 127.0.0.1:57234][0m
[mHTTP GET /admin/jsi18n/ 200 [0.09, 127.0.0.1:57234][0m
[mHTTP GET /admin/rides/ride/488f3285-8564-4a33-9441-4fb271e244a5/change/ 200 [1.51, 127.0.0.1:57234][0m
[mHTTP GET /admin/jsi18n/ 200 [0.07, 127.0.0.1:57234][0m
[32mHTTP POST /admin/rides/ride/488f3285-8564-4a33-9441-4fb271e244a5/change/ 302 [0.13, 127.0.0.1:57250][0m
[mHTTP GET /admin/rides/ride/ 200 [0.18, 127.0.0.1:57250][0m
[mHTTP GET /admin/jsi18n/ 200 [0.07, 127.0.0.1:57250][0m
[mHTTP POST /accounts/login/ 200 [1.66, 127.0.0.1:57256][0m
WebSocket DISCONNECT /ws/rides/9c3e61f6-3fb8-4893-be19-358d0b5c6753/ [127.0.0.1:56933]
[mHTTP GET /admin/rides/ride/488f3285-8564-4a33-9441-4fb271e244a5/change/ 200 [2.14, 127.0.0.1:57263][0m
[mHTTP GET /admin/jsi18n/ 200 [0.07, 127.0.0.1:57263][0m
WebSocket HANDSHAKING /ws/rides/488f3285-8564-4a33-9441-4fb271e244a5/ [127.0.0.1:57268]
WebSocket CONNECT /ws/rides/488f3285-8564-4a33-9441-4fb271e244a5/ [127.0.0.1:57268]
[32mHTTP POST /admin/rides/ride/488f3285-8564-4a33-9441-4fb271e244a5/change/ 302 [0.15, 127.0.0.1:57309][0m
[mHTTP GET /admin/rides/ride/ 200 [0.36, 127.0.0.1:57309][0m
[mHTTP GET /admin/jsi18n/ 200 [0.09, 127.0.0.1:57309][0m
[mHTTP GET /admin/rides/ride/488f3285-8564-4a33-9441-4fb271e244a5/change/ 200 [1.54, 127.0.0.1:57309][0m
[mHTTP GET /admin/jsi18n/ 200 [0.10, 127.0.0.1:57309][0m
[32mHTTP POST /admin/rides/ride/488f3285-8564-4a33-9441-4fb271e244a5/change/ 302 [0.18, 127.0.0.1:57309][0m
[mHTTP GET /admin/rides/ride/ 200 [0.22, 127.0.0.1:57309][0m
[mHTTP GET /admin/jsi18n/ 200 [0.09, 127.0.0.1:57309][0m
C:\Users\Admin\Desktop\DjangoRESTProject\rides\consumers.py changed, reloading.
Watching for file changes with StatReloader
C:\Users\Admin\Desktop\DjangoRESTProject\rides\consumers.py changed, reloading.
Watching for file changes with StatReloader
C:\Users\Admin\Desktop\DjangoRESTProject\rides\consumers.py changed, reloading.
Watching for file changes with StatReloader
C:\Users\Admin\Desktop\DjangoRESTProject\rides\consumers.py changed, reloading.
Watching for file changes with StatReloader
Watching for file changes with StatReloader
WebSocket HANDSHAKING /ws/rides/488f3285-8564-4a33-9441-4fb271e244a5/ [127.0.0.1:57518]
WebSocket REJECT /ws/rides/488f3285-8564-4a33-9441-4fb271e244a5/ [127.0.0.1:57518]
WebSocket DISCONNECT /ws/rides/488f3285-8564-4a33-9441-4fb271e244a5/ [127.0.0.1:57518]
WebSocket HANDSHAKING /ws/rides/488f3285-8564-4a33-9441-4fb271e244a5/ [127.0.0.1:57519]
WebSocket REJECT /ws/rides/488f3285-8564-4a33-9441-4fb271e244a5/ [127.0.0.1:57519]
WebSocket DISCONNECT /ws/rides/488f3285-8564-4a33-9441-4fb271e244a5/ [127.0.0.1:57519]
[mHTTP POST /accounts/login/ 200 [1.65, 127.0.0.1:57520][0m
WebSocket HANDSHAKING /ws/rides/488f3285-8564-4a33-9441-4fb271e244a5/ [127.0.0.1:57522]
WebSocket CONNECT /ws/rides/488f3285-8564-4a33-9441-4fb271e244a5/ [127.0.0.1:57522]
[mHTTP POST /accounts/login/ 200 [1.55, 127.0.0.1:57520][0m
WebSocket HANDSHAKING /ws/rides/488f3285-8564-4a33-9441-4fb271e244a5/ [127.0.0.1:57528]
WebSocket CONNECT /ws/rides/488f3285-8564-4a33-9441-4fb271e244a5/ [127.0.0.1:57528]
C:\Users\Admin\Desktop\DjangoRESTProject\rides\views.py changed, reloading.
Watching for file changes with StatReloader
[mHTTP POST /accounts/login/ 200 [1.67, 127.0.0.1:57576][0m
WebSocket HANDSHAKING /ws/rides/488f3285-8564-4a33-9441-4fb271e244a5/ [127.0.0.1:57579]
WebSocket CONNECT /ws/rides/488f3285-8564-4a33-9441-4fb271e244a5/ [127.0.0.1:57579]
[mHTTP POST /accounts/login/ 200 [1.53, 127.0.0.1:57576][0m
WebSocket HANDSHAKING /ws/rides/488f3285-8564-4a33-9441-4fb271e244a5/ [127.0.0.1:57584]
WebSocket CONNECT /ws/rides/488f3285-8564-4a33-9441-4fb271e244a5/ [127.0.0.1:57584]
[mHTTP GET /admin/rides/ride/488f3285-8564-4a33-9441-4fb271e244a5/change/ 200 [1.42, 127.0.0.1:57617][0m
[mHTTP GET /admin/jsi18n/ 200 [0.09, 127.0.0.1:57617][0m
Not Found: /rides/488f3285-8564-4a33-9441-4fb271e244a5/start/
[33mHTTP POST /rides/488f3285-8564-4a33-9441-4fb271e244a5/start/ 404 [0.02, 127.0.0.1:57626][0m
Not Found: /rides/488f3285-8564-4a33-9441-4fb271e244a5/start/
[33mHTTP POST /rides/488f3285-8564-4a33-9441-4fb271e244a5/start/ 404 [0.01, 127.0.0.1:57626][0m
Not Found: /rides/488f3285-8564-4a33-9441-4fb271e244a5/start/
[33mHTTP POST /rides/488f3285-8564-4a33-9441-4fb271e244a5/start/ 404 [0.05, 127.0.0.1:57629][0m
Not Found: /rides/488f3285-8564-4a33-9441-4fb271e244a5/start/
[33mHTTP POST /rides/488f3285-8564-4a33-9441-4fb271e244a5/start/ 404 [0.01, 127.0.0.1:57656][0m
Bad Request: /api/rides/488f3285-8564-4a33-9441-4fb271e244a5/start/
[31;1mHTTP POST /api/rides/488f3285-8564-4a33-9441-4fb271e244a5/start/ 400 [0.09, 127.0.0.1:57676][0m
[mHTTP GET /api/rides/488f3285-8564-4a33-9441-4fb271e244a5/ 200 [0.20, 127.0.0.1:57702][0m
[32mHTTP POST /admin/rides/ride/488f3285-8564-4a33-9441-4fb271e244a5/change/ 302 [0.27, 127.0.0.1:57723][0m
[mHTTP GET /admin/rides/ride/ 200 [0.56, 127.0.0.1:57723][0m
[mHTTP GET /admin/jsi18n/ 200 [0.11, 127.0.0.1:57723][0m
[mHTTP POST /api/rides/488f3285-8564-4a33-9441-4fb271e244a5/start/ 200 [0.14, 127.0.0.1:57739][0m
[mHTTP GET /api/rides/488f3285-8564-4a33-9441-4fb271e244a5/ 200 [0.10, 127.0.0.1:57806][0m
[mHTTP POST /api/rides/488f3285-8564-4a33-9441-4fb271e244a5/complete/ 200 [0.23, 127.0.0.1:57823][0m
[mHTTP GET /api/rides/488f3285-8564-4a33-9441-4fb271e244a5/ 200 [0.23, 127.0.0.1:57823][0m
Watching for file changes with StatReloader
[mHTTP POST /accounts/login/ 200 [2.20, 127.0.0.1:59418][0m
[mHTTP GET /api/notifications/ 200 [0.10, 127.0.0.1:59418][0m
[mHTTP POST /api/notifications/read-all/ 200 [0.09, 127.0.0.1:59428][0m
Watching for file changes with StatReloader
[mHTTP GET /api/notifications/ 200 [0.17, 127.0.0.1:59499][0m
[mHTTP PATCH /api/notifications/1/read/ 200 [0.08, 127.0.0.1:59499][0m
[mHTTP GET /api/notifications/ 200 [0.26, 127.0.0.1:59505][0m
Watching for file changes with StatReloader
[mHTTP POST /accounts/login/ 200 [2.74, 127.0.0.1:60399][0m
[mHTTP GET /api/notifications/ 200 [0.11, 127.0.0.1:60399][0m
C:\Users\Admin\Desktop\DjangoRESTProject\rides\views.py changed, reloading.
Watching for file changes with StatReloader
C:\Users\Admin\Desktop\DjangoRESTProject\rides\views.py changed, reloading.
Watching for file changes with StatReloader
C:\Users\Admin\Desktop\DjangoRESTProject\rides\views.py changed, reloading.
Watching for file changes with StatReloader
Watching for file changes with StatReloader
[mHTTP POST /accounts/login/ 200 [1.98, 127.0.0.1:60671][0m
[mHTTP GET /api/rides/active/ 200 [0.16, 127.0.0.1:60691][0m
[mHTTP POST /accounts/login/ 200 [1.68, 127.0.0.1:60853][0m
[mHTTP GET /api/notifications/ 200 [0.08, 127.0.0.1:60853][0m
[mHTTP GET /api/rides/active/ 200 [0.15, 127.0.0.1:60897][0m
[mHTTP POST /accounts/login/ 200 [1.71, 127.0.0.1:60904][0m
[mHTTP GET /api/rides/active/ 200 [0.09, 127.0.0.1:60904][0m
[mHTTP POST /accounts/login/ 200 [1.60, 127.0.0.1:60939][0m
Bad Request: /api/rides/9c3e61f6-3fb8-4893-be19-358d0b5c6753/accept/
[31;1mHTTP POST /api/rides/9c3e61f6-3fb8-4893-be19-358d0b5c6753/accept/ 400 [0.25, 127.0.0.1:60939][0m
[mHTTP POST /accounts/login/ 200 [1.59, 127.0.0.1:60985][0m
Bad Request: /api/rides/9c3e61f6-3fb8-4893-be19-358d0b5c6753/accept/
[31;1mHTTP POST /api/rides/9c3e61f6-3fb8-4893-be19-358d0b5c6753/accept/ 400 [0.09, 127.0.0.1:60985][0m
Watching for file changes with StatReloader
[mHTTP POST /accounts/login/ 200 [1.81, 127.0.0.1:61003][0m
Bad Request: /api/rides/9c3e61f6-3fb8-4893-be19-358d0b5c6753/accept/
[31;1mHTTP POST /api/rides/9c3e61f6-3fb8-4893-be19-358d0b5c6753/accept/ 400 [0.09, 127.0.0.1:61003][0m
[mHTTP POST /accounts/login/ 200 [1.61, 127.0.0.1:61129][0m
Bad Request: /api/rides/
[31;1mHTTP POST /api/rides/ 400 [0.10, 127.0.0.1:61135][0m
[mHTTP POST /accounts/login/ 200 [1.70, 127.0.0.1:61180][0m
Bad Request: /api/rides/
[31;1mHTTP POST /api/rides/ 400 [0.09, 127.0.0.1:61180][0m
Bad Request: /api/rides/
[31;1mHTTP POST /api/rides/ 400 [0.20, 127.0.0.1:61180][0m
Bad Request: /api/rides/
[31;1mHTTP POST /api/rides/ 400 [0.19, 127.0.0.1:61180][0m
Bad Request: /api/rides/
[31;1mHTTP POST /api/rides/ 400 [0.20, 127.0.0.1:61207][0m
[mHTTP POST /accounts/login/ 200 [1.59, 127.0.0.1:61228][0m
Bad Request: /api/rides/
[31;1mHTTP POST /api/rides/ 400 [0.09, 127.0.0.1:61228][0m
Watching for file changes with StatReloader
[mHTTP POST /accounts/login/ 200 [1.78, 127.0.0.1:61264][0m
Bad Request: /api/rides/
[31;1mHTTP POST /api/rides/ 400 [0.08, 127.0.0.1:61264][0m
Bad Request: /api/rides/
[31;1mHTTP POST /api/rides/ 400 [0.19, 127.0.0.1:61315][0m
[mHTTP POST /accounts/login/ 200 [1.66, 127.0.0.1:61323][0m
Bad Request: /api/rides/
[31;1mHTTP POST /api/rides/ 400 [0.08, 127.0.0.1:61323][0m
C:\Users\Admin\Desktop\DjangoRESTProject\common\exception_handler.py changed, reloading.
Watching for file changes with StatReloader
Bad Request: /api/rides/
[31;1mHTTP POST /api/rides/ 400 [0.22, 127.0.0.1:61352][0m
Watching for file changes with StatReloader
[mHTTP POST /accounts/login/ 200 [1.77, 127.0.0.1:61388][0m
Bad Request: /api/rides/
[31;1mHTTP POST /api/rides/ 400 [0.19, 127.0.0.1:61388][0m
[mHTTP POST /api/rides/ 201 [0.15, 127.0.0.1:61403][0m
[mHTTP POST /accounts/login/ 200 [1.57, 127.0.0.1:61445][0m
[mHTTP POST /api/rides/1ec1fe9b-5547-4524-8dd3-aed78129a1b7/accept/ 200 [0.32, 127.0.0.1:61445][0m
C:\Users\Admin\Desktop\DjangoRESTProject\accounts\tasks.py changed, reloading.
Watching for file changes with StatReloader
C:\Users\Admin\Desktop\DjangoRESTProject\accounts\tasks.py changed, reloading.
Watching for file changes with StatReloader
C:\Users\Admin\Desktop\DjangoRESTProject\accounts\tasks.py changed, reloading.
Watching for file changes with StatReloader
C:\Users\Admin\Desktop\DjangoRESTProject\accounts\tasks.py changed, reloading.
Watching for file changes with StatReloader
C:\Users\Admin\Desktop\DjangoRESTProject\accounts\tasks.py changed, reloading.
Watching for file changes with StatReloader
Watching for file changes with StatReloader
C:\Users\Admin\Desktop\DjangoRESTProject\accounts\tasks.py changed, reloading.
Watching for file changes with StatReloader
C:\Users\Admin\Desktop\DjangoRESTProject\accounts\tasks.py changed, reloading.
Watching for file changes with StatReloader
C:\Users\Admin\Desktop\DjangoRESTProject\accounts\tasks.py changed, reloading.
Watching for file changes with StatReloader
C:\Users\Admin\Desktop\DjangoRESTProject\accounts\models.py changed, reloading.
Watching for file changes with StatReloader
C:\Users\Admin\Desktop\DjangoRESTProject\accounts\models.py changed, reloading.
Watching for file changes with StatReloader
C:\Users\Admin\Desktop\DjangoRESTProject\accounts\models.py changed, reloading.
Watching for file changes with StatReloader
Watching for file changes with StatReloader
Bad Request: /accounts/login/
Bad Request: /accounts/register/
Bad Request: /accounts/register/
Bad Request: /accounts/profile-crud/
Unauthorized: /accounts/profile-crud/
Bad Request: /api/drivers/
Bad Request: /api/rides/78757047-d011-447e-92e2-39a3de6e0381/accept/
Bad Request: /api/rides/e66fbc1f-9880-4f1b-bc50-4e4adbacbcd0/accept/
Bad Request: /accounts/login/
Bad Request: /accounts/register/
Bad Request: /accounts/register/
Bad Request: /accounts/profile-crud/
Unauthorized: /accounts/profile-crud/
Bad Request: /api/drivers/
Bad Request: /api/rides/4618c718-5445-43a2-a559-364b18b0ce47/accept/
Bad Request: /api/rides/009049c9-76fd-4e9a-8ff0-25b65d46701f/accept/
Bad Request: /api/drivers/
Bad Request: /api/rides/e0075ba5-bfd2-4a5d-8b30-269dff76cce9/accept/
Bad Request: /api/rides/c1a9f757-95c7-41aa-9a78-2c1ee778ffa0/accept/
Not Found: /api/vehicles/
Not Found: /api/vehicles/
Not Found: /api/vehicles/ce4d6be9-1f5b-495d-9b2c-fe09222bd237/
Not Found: /api/vehicles/
Bad Request: /api/drivers/
Bad Request: /api/rides/5fe34199-55a5-4eae-80ba-9aae53277b08/accept/
Bad Request: /api/rides/2e33a55d-f4a4-4e3d-b980-2589dd0a38ba/accept/
Unauthorized: /api/vehicles/
Bad Request: /api/vehicles/c9dec552-c7af-4296-98e3-ed0e3ce8bab9/
Bad Request: /api/vehicles/
Bad Request: /accounts/login/
Bad Request: /accounts/register/
Bad Request: /accounts/register/
Bad Request: /accounts/profile-crud/
Unauthorized: /accounts/profile-crud/
Bad Request: /api/drivers/
Bad Request: /api/rides/7e794ee5-efe5-4715-a8a7-adf187961196/accept/
Bad Request: /api/rides/f31ee9e9-0ab2-4c88-8e8d-fcba065048f6/accept/
Unauthorized: /api/vehicles/
Bad Request: /api/vehicles/7ee61ad5-fa0c-4691-923f-1355cb784a37/
Bad Request: /api/vehicles/
Unauthorized: /api/drivers/location/
Bad Request: /api/drivers/
Bad Request: /api/rides/c21b87a6-aa05-45cd-a6b2-f0901922c6a7/accept/
Bad Request: /api/rides/50eb5d16-07bc-44bb-b9e9-4bfff3ced6a8/accept/
Unauthorized: /api/vehicles/
Bad Request: /api/vehicles/82619206-a940-48ac-90b4-059ab18388e9/
Bad Request: /api/vehicles/
Unauthorized: /api/drivers/location/
Bad Request: /api/drivers/
Bad Request: /api/rides/c5125332-1bd2-4fc4-9fdb-1cadcb684881/accept/
Bad Request: /api/rides/c1a43802-1dbb-4084-9b21-e3ba73bb6681/accept/
Unauthorized: /api/vehicles/
Bad Request: /api/vehicles/b772612c-d9de-4abb-a751-fd3f9de0253c/
Bad Request: /api/vehicles/
Unauthorized: /api/drivers/location/
Unauthorized: /api/drivers/
Unauthorized: /api/drivers/
Unauthorized: /api/drivers/22b7e8b5-2c3c-4484-8371-b1c636289190/
Unauthorized: /api/drivers/
Unauthorized: /api/drivers/72163794-e528-4bf5-ac1c-729b88cb711e/
Unauthorized: /api/drivers/d7c1d685-9d39-4d81-880e-7a0939e582c6/
Unauthorized: /api/drivers/
Bad Request: /api/rides/a5c70f2f-301c-465a-bf0f-6086d567a158/accept/
Bad Request: /api/rides/35cdf947-869b-4e41-ac2e-f6eb7e343ff4/accept/
Unauthorized: /api/vehicles/
Bad Request: /api/vehicles/1c9251f1-8f59-4f16-bd8b-046504824a55/
Bad Request: /api/vehicles/
Unauthorized: /api/drivers/location/
Bad Request: /api/drivers/
Bad Request: /api/rides/f55b6fba-5113-4a2c-a7ac-80123619aebe/accept/
Bad Request: /api/rides/623192a6-21b2-47a7-8d04-69e106fa8f79/accept/
Unauthorized: /api/vehicles/
Bad Request: /api/vehicles/65f9842a-70e8-4987-bb93-65ba3bb5445f/
Bad Request: /api/vehicles/
Unauthorized: /api/drivers/location/
Bad Request: /api/drivers/
Unauthorized: /api/drivers/location/
Bad Request: /api/rides/a1585427-69ba-42f7-93fb-0c369852c0ec/accept/
Bad Request: /api/rides/8e093898-8824-401a-b3a6-b4e87bbaf575/accept/
Unauthorized: /api/vehicles/
Bad Request: /api/vehicles/372eb7c6-3a70-40e7-ad61-c8a4639d4fca/
Bad Request: /api/vehicles/
Unauthorized: /api/drivers/location/
Bad Request: /api/drivers/
Unauthorized: /api/drivers/location/
Bad Request: /api/rides/0d23dc33-9229-4ee9-8af4-5c01518e2667/accept/
Bad Request: /api/rides/9e52acbb-daa4-4e39-973c-8e0551e80f03/accept/
Unauthorized: /api/vehicles/
Bad Request: /api/vehicles/de310b96-45fb-48a5-bc90-0dee539acda2/
Bad Request: /api/vehicles/
Unauthorized: /api/drivers/location/
Bad Request: /api/drivers/
Unauthorized: /api/drivers/location/
Bad Request: /api/rides/94879a45-3304-42e3-b930-4bc56f41baf9/accept/
Bad Request: /api/rides/97b3788b-4d8b-4971-8e54-314f863e27d6/accept/
Unauthorized: /api/vehicles/
Bad Request: /api/vehicles/16bf2ae3-83aa-4ebe-8186-5a5cdb4e1df6/
Bad Request: /api/vehicles/
Bad Request: /accounts/login/
Bad Request: /accounts/register/
Bad Request: /accounts/register/
Bad Request: /accounts/profile-crud/
Unauthorized: /accounts/profile-crud/
Unauthorized: /api/drivers/location/
Bad Request: /api/drivers/
Unauthorized: /api/drivers/location/
Bad Request: /api/rides/6e8fbb7e-a48c-4550-8001-0b47e96e97b8/accept/
Bad Request: /api/rides/0f1268bb-1de2-402c-ae95-3152febcbe14/accept/
Unauthorized: /api/vehicles/
Bad Request: /api/vehicles/25975012-ba4f-48bf-b31a-8907a661c024/
Bad Request: /api/vehicles/
Not Found: /api/rides/00000000-0000-0000-0000-000000000000/fare/
Unauthorized: /api/rides/2807dac0-ebf3-4ac9-9af0-e00b559f348f/fare/
Bad Request: /accounts/login/
Bad Request: /accounts/register/
Bad Request: /accounts/register/
Bad Request: /accounts/profile-crud/
Unauthorized: /accounts/profile-crud/
Unauthorized: /api/drivers/location/
Bad Request: /api/drivers/
Not Found: /api/rides/00000000-0000-0000-0000-000000000000/fare/
Unauthorized: /api/rides/936b05d0-1713-4b9e-a85b-143e23ce0f5a/fare/
Unauthorized: /api/drivers/location/
Bad Request: /api/rides/ac96e095-e580-4a17-98d3-7022077aeaa4/accept/
Bad Request: /api/rides/ddce64ce-663c-4ad6-9363-906d549e16a4/accept/
Unauthorized: /api/vehicles/
Bad Request: /api/vehicles/88df0e5b-96fe-4e82-be11-f4f36a0c9607/
Bad Request: /api/vehicles/
Unauthorized: /api/rides/
Unauthorized: /api/rides/
Unauthorized: /api/drivers/
Unauthorized: /api/drivers/
Unauthorized: /api/rides/
Unauthorized: /api/drivers/
Unauthorized: /api/drivers/
Unauthorized: /api/rides/
Unauthorized: /api/drivers/
Unauthorized: /api/drivers/
Unauthorized: /api/rides/
Unauthorized: /api/drivers/
Unauthorized: /api/drivers/
Unauthorized: /api/rides/
Unauthorized: /api/drivers/
Forbidden: /api/rides/83e47bfb-c810-4a59-94eb-bb7bcd1b8e26/
Unauthorized: /api/drivers/
Unauthorized: /api/rides/
Unauthorized: /api/drivers/
Forbidden: /api/rides/b00b86f3-d342-440a-bbbd-ffeab5c3d942/
Forbidden: /api/drivers/f10c065c-6eeb-4370-8eaa-077ec0cb8030/
Unauthorized: /api/drivers/
Unauthorized: /api/rides/
Unauthorized: /api/drivers/
Forbidden: /api/rides/89ca85b8-a126-4635-99e3-6c43153956ef/
Forbidden: /api/drivers/001d7f18-b23b-4697-b5bb-917c7c441fd6/
Unauthorized: /api/drivers/
Unauthorized: /api/rides/
Unauthorized: /api/drivers/
Forbidden: /api/rides/7d2fade5-6c99-4ee0-916e-40b537c23a34/
Forbidden: /api/drivers/0f9cf224-44aa-48f6-95d7-3661b60a9906/
Unauthorized: /api/drivers/
Bad Request: /api/rides/
Unauthorized: /api/rides/
Unauthorized: /api/drivers/
Forbidden: /api/rides/7c8735f2-781e-4e7e-8072-76a611924c7b/
Forbidden: /api/drivers/248d674d-2f69-4359-bc11-613ae8ff6c67/
Too Many Requests: /api/drivers/
Too Many Requests: /api/drivers/
Too Many Requests: /api/drivers/
Too Many Requests: /api/drivers/
Too Many Requests: /api/drivers/
Unauthorized: /api/drivers/
Bad Request: /api/rides/
Unauthorized: /api/rides/
Unauthorized: /api/drivers/
Forbidden: /api/rides/91940123-cc1a-4662-9921-7956a181e96a/
Bad Request: /accounts/login/
Bad Request: /accounts/register/
Bad Request: /accounts/register/
Bad Request: /accounts/profile-crud/
Unauthorized: /accounts/profile-crud/
Unauthorized: /api/drivers/location/
Unauthorized: /api/drivers/
Unauthorized: /api/drivers/
Unauthorized: /api/drivers/5d06ef6b-b4e0-497f-af52-4765ae4b7f0c/
Unauthorized: /api/drivers/
Unauthorized: /api/drivers/13049268-8397-45ba-b69f-0c71ecdf76c9/
Unauthorized: /api/drivers/8dbbccfc-9fe0-4bd4-a8c9-0be7ee23a3a0/
Not Found: /api/rides/00000000-0000-0000-0000-000000000000/fare/
Unauthorized: /api/rides/61adecf1-ade4-43d6-9e5b-633627689274/fare/
Unauthorized: /api/drivers/location/
Bad Request: /api/rides/594fbb0b-f80b-4bd4-888c-da1bf61b1cc1/accept/
Bad Request: /api/rides/88070da2-e277-4dad-a0d5-2abb479b92e0/accept/
Forbidden: /api/drivers/3f109588-8b24-48c1-a2bb-b5043dbe3a2e/
Too Many Requests: /api/drivers/
Too Many Requests: /api/drivers/
Too Many Requests: /api/drivers/
Too Many Requests: /api/drivers/
Too Many Requests: /api/drivers/
Unauthorized: /api/drivers/
Bad Request: /api/rides/
Unauthorized: /api/rides/
Unauthorized: /api/drivers/
Forbidden: /api/rides/ee3a96b3-8b85-46e3-9406-86c8e76d7bed/
Unauthorized: /api/vehicles/
Bad Request: /api/vehicles/d8bec11d-6cfe-4c17-858e-1036178e3fc4/
Bad Request: /api/vehicles/
Unauthorized: /api/drivers/
Unauthorized: /api/drivers/
Unauthorized: /api/drivers/952def3e-6351-42c5-846e-c00ba9caacc6/
Unauthorized: /api/drivers/
Unauthorized: /api/drivers/5326f9f4-3b96-46d3-a380-14933d83aa56/
Unauthorized: /api/drivers/e3331598-70d5-424f-b53b-1717e5a5afdb/
Bad Request: /api/drivers/
Too Many Requests: /api/drivers/
Too Many Requests: /api/drivers/
Too Many Requests: /api/drivers/
Too Many Requests: /api/drivers/
Too Many Requests: /api/drivers/
Unauthorized: /api/drivers/
Bad Request: /api/rides/
Unauthorized: /api/rides/
Forbidden: /api/rides/1a8901cf-9bd7-434b-bfcd-1e8371deb531/
Unauthorized: /api/drivers/
Unauthorized: /api/drivers/
Unauthorized: /api/drivers/b8ed568c-90c6-462b-8a5e-5e4022cb0f61/
Unauthorized: /api/drivers/
Unauthorized: /api/drivers/9164fceb-5db3-4d69-aec6-ea4f5b04ece3/
Unauthorized: /api/drivers/40b2cbe6-7c9b-4741-87d7-9aaee8a12fc5/
Bad Request: /api/drivers/
Bad Request: /api/drivers/
Forbidden: /api/drivers/dbde50b2-6123-4de1-85c2-b2e6ae794ddb/
Too Many Requests: /api/drivers/
Too Many Requests: /api/drivers/
Too Many Requests: /api/drivers/
Too Many Requests: /api/drivers/
Too Many Requests: /api/drivers/
Unauthorized: /api/drivers/
Bad Request: /api/rides/
Unauthorized: /api/rides/
Unauthorized: /api/drivers/
Forbidden: /api/rides/3b1adf86-afd6-4dc3-9565-3b902447e9c5/
Bad Request: /accounts/login/
Bad Request: /accounts/register/
Bad Request: /accounts/register/
Bad Request: /accounts/profile-crud/
Unauthorized: /accounts/profile-crud/
Unauthorized: /api/drivers/location/
Bad Request: /api/drivers/
Not Found: /api/rides/00000000-0000-0000-0000-000000000000/fare/
Unauthorized: /api/rides/ba2d7bee-91c6-437d-b0c4-7688c741884b/fare/
Unauthorized: /api/drivers/location/
Bad Request: /api/rides/f09f983d-ae1c-4647-8134-32d81dc7578c/accept/
Bad Request: /api/rides/f4b1c7b7-3853-48a5-be6a-fc6147bb9c20/accept/
Forbidden: /api/drivers/c02feb14-f374-4bbb-bdd8-da428191b959/
Too Many Requests: /api/drivers/
Too Many Requests: /api/drivers/
Too Many Requests: /api/drivers/
Too Many Requests: /api/drivers/
Too Many Requests: /api/drivers/
Unauthorized: /api/drivers/
Bad Request: /api/rides/
Unauthorized: /api/rides/
Unauthorized: /api/drivers/
Forbidden: /api/rides/28c80277-3c41-448f-9482-6cdbc238eb01/
Unauthorized: /api/vehicles/
Bad Request: /api/vehicles/bd9a9eab-08e5-4356-9d47-5399e42bd819/
Bad Request: /api/vehicles/
Bad Request: /accounts/login/
Bad Request: /accounts/register/
Bad Request: /accounts/register/
Bad Request: /accounts/profile-crud/
Unauthorized: /accounts/profile-crud/
Unauthorized: /api/drivers/location/
Bad Request: /api/drivers/
Not Found: /api/rides/00000000-0000-0000-0000-000000000000/fare/
Unauthorized: /api/rides/5d355455-3519-4dd8-ae24-8159a20d3bed/fare/
Unauthorized: /api/drivers/location/
Bad Request: /api/rides/7e592517-6904-4018-b26b-3d62439b3e86/accept/
Bad Request: /api/rides/c48e7ab3-edbc-4330-9120-8408838e7d4b/accept/
Forbidden: /api/drivers/68fd18d4-14eb-4b54-831a-30b74af0a0b2/
Too Many Requests: /api/drivers/
Too Many Requests: /api/drivers/
Too Many Requests: /api/drivers/
Too Many Requests: /api/drivers/
Too Many Requests: /api/drivers/
Unauthorized: /api/drivers/
Bad Request: /api/rides/
Unauthorized: /api/rides/
Unauthorized: /api/drivers/
Forbidden: /api/rides/90781873-ed23-40c7-9cba-75e5ccd056d0/
Unauthorized: /api/vehicles/
Bad Request: /api/vehicles/5af6bf42-7e21-4200-8fd9-ee3e650a9202/
Bad Request: /api/vehicles/
Unauthorized: /api/drivers/location/
Bad Request: /api/drivers/
Not Found: /api/rides/00000000-0000-0000-0000-000000000000/fare/
Unauthorized: /api/rides/6b4ae62d-f0fd-484b-84e5-c0b0f63585f9/fare/
Unauthorized: /api/drivers/location/
Bad Request: /api/rides/7267a753-fd09-4093-90f5-75d523a50244/accept/
Bad Request: /api/rides/bd0db71e-cc61-4648-96c9-35b40bce4fda/accept/
Forbidden: /api/drivers/10d8b9aa-d469-4411-86e5-e1eef59c21f9/
Too Many Requests: /api/drivers/
Too Many Requests: /api/drivers/
Too Many Requests: /api/drivers/
Too Many Requests: /api/drivers/
Too Many Requests: /api/drivers/
Unauthorized: /api/drivers/
Bad Request: /api/rides/
Unauthorized: /api/rides/
Unauthorized: /api/drivers/
Forbidden: /api/rides/83c180ac-f244-4a41-a25d-650a1c329db4/
Unauthorized: /api/vehicles/
Bad Request: /api/vehicles/df444bf9-45b4-4445-abe8-b65ba08ba8a8/
Bad Request: /api/vehicles/
Unauthorized: /api/rides/history/
Unauthorized: /api/drivers/location/
Bad Request: /api/drivers/
Not Found: /api/rides/00000000-0000-0000-0000-000000000000/fare/
Unauthorized: /api/rides/9ff7d6c7-b2d1-455c-a037-5e8c0be7ac48/fare/
Unauthorized: /api/drivers/location/
Bad Request: /api/rides/c3814881-5d35-42b3-921d-722458d51258/accept/
Bad Request: /api/rides/97a66688-52be-4604-8f35-3739266237cf/accept/
Unauthorized: /api/rides/history/
Forbidden: /api/drivers/a4ea57e3-cebe-4c3f-a4aa-49df52c10c02/
Too Many Requests: /api/drivers/
Too Many Requests: /api/drivers/
Too Many Requests: /api/drivers/
Too Many Requests: /api/drivers/
Too Many Requests: /api/drivers/
Unauthorized: /api/drivers/
Bad Request: /api/rides/
Unauthorized: /api/rides/
Unauthorized: /api/drivers/
Forbidden: /api/rides/af780f89-7c94-4011-b0b6-c54c3444bcbe/
Unauthorized: /api/vehicles/
Bad Request: /api/vehicles/4f2cc816-7a41-4edb-9fd0-66300f35103c/
Bad Request: /api/vehicles/
Unauthorized: /api/rides/aggregations/
Unauthorized: /api/drivers/location/
Bad Request: /api/drivers/
Not Found: /api/rides/00000000-0000-0000-0000-000000000000/fare/
Unauthorized: /api/rides/e626151a-5228-40cd-aed0-20ab97a74b0c/fare/
Unauthorized: /api/drivers/location/
Unauthorized: /api/rides/aggregations/
Bad Request: /api/rides/abafaf3b-e2ba-41ee-9b91-4a5ebbbf9e9d/accept/
Bad Request: /api/rides/f3e051c7-aa03-4326-a702-e1641f5cf432/accept/
Unauthorized: /api/rides/history/
Forbidden: /api/drivers/3f6a7538-dd43-408c-b55c-c426c18e71b6/
Too Many Requests: /api/drivers/
Too Many Requests: /api/drivers/
Too Many Requests: /api/drivers/
Too Many Requests: /api/drivers/
Too Many Requests: /api/drivers/
Unauthorized: /api/drivers/
Bad Request: /api/rides/
Unauthorized: /api/rides/
Unauthorized: /api/drivers/
Forbidden: /api/rides/c8155ccc-b523-49f3-b1b5-3c897015ee5f/
Unauthorized: /api/vehicles/
Bad Request: /api/vehicles/918127c6-511d-445c-b44d-4f18f5b56aa6/
Bad Request: /api/vehicles/
Unauthorized: /api/drivers/location/
Bad Request: /api/drivers/
Not Found: /api/rides/00000000-0000-0000-0000-000000000000/fare/
Unauthorized: /api/rides/39ae2ae9-f1e2-45ac-b0b0-8171e2e87940/fare/
Unauthorized: /api/drivers/location/
Unauthorized: /api/rides/aggregations/
Bad Request: /api/rides/7aee1f18-c480-4688-928f-eff98fb1bcb0/accept/
Bad Request: /api/rides/5df328c8-1dfe-4095-967e-3a4d9bd2f4e6/accept/
Unauthorized: /api/rides/history/
Forbidden: /api/drivers/f4c9abd4-637c-42fa-8882-53a8fec68323/
Too Many Requests: /api/drivers/
Too Many Requests: /api/drivers/
Too Many Requests: /api/drivers/
Too Many Requests: /api/drivers/
Too Many Requests: /api/drivers/
Unauthorized: /api/drivers/
Bad Request: /api/rides/
Unauthorized: /api/rides/
Unauthorized: /api/drivers/
Forbidden: /api/rides/9aabd920-32dd-4d1f-a74b-0e5062578782/
Unauthorized: /api/vehicles/
Bad Request: /api/vehicles/a0e83835-a5e8-4c0a-a861-5fec6f8cb5a7/
Bad Request: /api/vehicles/
Unauthorized: /api/drivers/location/
Bad Request: /api/drivers/
Not Found: /api/rides/00000000-0000-0000-0000-000000000000/fare/
Unauthorized: /api/rides/68549fa9-8fb8-45e3-9056-21c80b93c1d5/fare/
Unauthorized: /api/drivers/location/
Unauthorized: /api/rides/aggregations/
Bad Request: /api/rides/2ff8f44c-4682-494b-beaf-e8bdff498575/accept/
Bad Request: /api/rides/24621845-7f6d-4709-bd56-c67c82c0f81f/accept/
Unauthorized: /api/rides/history/
Forbidden: /api/drivers/ba3702ef-6655-42ec-ab18-dae86f5f0d62/
Too Many Requests: /api/drivers/
Too Many Requests: /api/drivers/
Too Many Requests: /api/drivers/
Too Many Requests: /api/drivers/
Too Many Requests: /api/drivers/
Unauthorized: /api/drivers/
Bad Request: /api/rides/
Unauthorized: /api/rides/
Unauthorized: /api/drivers/
Forbidden: /api/rides/1e50da74-0b62-49c9-97c1-2ff5bf270cda/
Unauthorized: /api/vehicles/
Bad Request: /api/vehicles/7a2f355a-8f4f-4b6c-afd4-70e33a1cc5f0/
Bad Request: /api/vehicles/
Unauthorized: /api/drivers/location/
Bad Request: /api/drivers/
Not Found: /api/rides/00000000-0000-0000-0000-000000000000/fare/
Unauthorized: /api/rides/56d11f1b-2d01-494b-9f1b-657b55696abc/fare/
Unauthorized: /api/drivers/location/
Unauthorized: /api/rides/aggregations/
Bad Request: /api/rides/9b669799-22d2-4942-b4f9-43bb20830cbc/accept/
Bad Request: /api/rides/6ca360d5-ae27-40f3-b288-f86ef8c6c754/accept/
Unauthorized: /api/rides/history/
Forbidden: /api/drivers/1e48fdbe-b970-4372-a053-8bf21e9c2395/
Too Many Requests: /api/drivers/
Too Many Requests: /api/drivers/
Too Many Requests: /api/drivers/
Too Many Requests: /api/drivers/
Too Many Requests: /api/drivers/
Unauthorized: /api/drivers/
Bad Request: /api/rides/
Unauthorized: /api/rides/
Unauthorized: /api/drivers/
Forbidden: /api/rides/ddf06740-cd5e-4195-84ee-bea2b9540c58/
Unauthorized: /api/vehicles/
Bad Request: /api/vehicles/1a63c77a-2704-432a-9b6b-6458e659466d/
Bad Request: /api/vehicles/
Internal Server Error: /api/drivers/location/
Traceback (most recent call last):
  File "C:\Users\Admin\Desktop\DjangoRESTProject\venv\Lib\site-packages\redis\connection.py", line 389, in connect_check_health
    sock = self.retry.call_with_retry(
        lambda: self._connect(), lambda error: self.disconnect(error)
    )
  File "C:\Users\Admin\Desktop\DjangoRESTProject\venv\Lib\site-packages\redis\retry.py", line 105, in call_with_retry
    return do()
  File "C:\Users\Admin\Desktop\DjangoRESTProject\venv\Lib\site-packages\redis\connection.py", line 390, in <lambda>
    lambda: self._connect(), lambda error: self.disconnect(error)
            ~~~~~~~~~~~~~^^
  File "C:\Users\Admin\Desktop\DjangoRESTProject\venv\Lib\site-packages\redis\connection.py", line 803, in _connect
    raise err
  File "C:\Users\Admin\Desktop\DjangoRESTProject\venv\Lib\site-packages\redis\connection.py", line 787, in _connect
    sock.connect(socket_address)
    ~~~~~~~~~~~~^^^^^^^^^^^^^^^^
ConnectionRefusedError: [WinError 10061] No connection could be made because the target machine actively refused it

During handling of the above exception, another exception occurred:

Traceback (most recent call last):
  File "C:\Users\Admin\Desktop\DjangoRESTProject\venv\Lib\site-packages\django\core\handlers\exception.py", line 55, in inner
    response = get_response(request)
  File "C:\Users\Admin\Desktop\DjangoRESTProject\venv\Lib\site-packages\django\core\handlers\base.py", line 198, in _get_response
    response = wrapped_callback(request, *callback_args, **callback_kwargs)
  File "C:\Users\Admin\Desktop\DjangoRESTProject\venv\Lib\site-packages\django\views\decorators\csrf.py", line 65, in _view_wrapper
    return view_func(request, *args, **kwargs)
  File "C:\Users\Admin\Desktop\DjangoRESTProject\venv\Lib\site-packages\django\views\generic\base.py", line 106, in view
    return self.dispatch(request, *args, **kwargs)
           ~~~~~~~~~~~~~^^^^^^^^^^^^^^^^^^^^^^^^^^
  File "C:\Users\Admin\Desktop\DjangoRESTProject\venv\Lib\site-packages\rest_framework\views.py", line 515, in dispatch
    response = self.handle_exception(exc)
  File "C:\Users\Admin\Desktop\DjangoRESTProject\venv\Lib\site-packages\rest_framework\views.py", line 475, in handle_exception
    self.raise_uncaught_exception(exc)
    ~~~~~~~~~~~~~~~~~~~~~~~~~~~~~^^^^^
  File "C:\Users\Admin\Desktop\DjangoRESTProject\venv\Lib\site-packages\rest_framework\views.py", line 486, in raise_uncaught_exception
    raise exc
  File "C:\Users\Admin\Desktop\DjangoRESTProject\venv\Lib\site-packages\rest_framework\views.py", line 503, in dispatch
    self.initial(request, *args, **kwargs)
    ~~~~~~~~~~~~^^^^^^^^^^^^^^^^^^^^^^^^^^
  File "C:\Users\Admin\Desktop\DjangoRESTProject\venv\Lib\site-packages\rest_framework\views.py", line 422, in initial
    self.check_throttles(request)
    ~~~~~~~~~~~~~~~~~~~~^^^^^^^^^
  File "C:\Users\Admin\Desktop\DjangoRESTProject\venv\Lib\site-packages\rest_framework\views.py", line 365, in check_throttles
    if not throttle.allow_request(request, self):
           ~~~~~~~~~~~~~~~~~~~~~~^^^^^^^^^^^^^^^
  File "C:\Users\Admin\Desktop\DjangoRESTProject\venv\Lib\site-packages\rest_framework\throttling.py", line 123, in allow_request
    self.history = self.cache.get(self.key, [])
                   ~~~~~~~~~~~~~~^^^^^^^^^^^^^^
  File "C:\Users\Admin\Desktop\DjangoRESTProject\venv\Lib\site-packages\django\core\cache\backends\redis.py", line 188, in get
    return self._cache.get(key, default)
           ~~~~~~~~~~~~~~~^^^^^^^^^^^^^^
  File "C:\Users\Admin\Desktop\DjangoRESTProject\venv\Lib\site-packages\django\core\cache\backends\redis.py", line 100, in get
    value = client.get(key)
  File "C:\Users\Admin\Desktop\DjangoRESTProject\venv\Lib\site-packages\redis\commands\core.py", line 1829, in get
    return self.execute_command("GET", name, keys=[name])
           ~~~~~~~~~~~~~~~~~~~~^^^^^^^^^^^^^^^^^^^^^^^^^^
  File "C:\Users\Admin\Desktop\DjangoRESTProject\venv\Lib\site-packages\redis\client.py", line 621, in execute_command
    return self._execute_command(*args, **options)
           ~~~~~~~~~~~~~~~~~~~~~^^^^^^^^^^^^^^^^^^
  File "C:\Users\Admin\Desktop\DjangoRESTProject\venv\Lib\site-packages\redis\client.py", line 627, in _execute_command
    conn = self.connection or pool.get_connection()
                              ~~~~~~~~~~~~~~~~~~~^^
  File "C:\Users\Admin\Desktop\DjangoRESTProject\venv\Lib\site-packages\redis\utils.py", line 195, in wrapper
    return func(*args, **kwargs)
  File "C:\Users\Admin\Desktop\DjangoRESTProject\venv\Lib\site-packages\redis\connection.py", line 1533, in get_connection
    connection.connect()
    ~~~~~~~~~~~~~~~~~~^^
  File "C:\Users\Admin\Desktop\DjangoRESTProject\venv\Lib\site-packages\redis\connection.py", line 380, in connect
    self.connect_check_health(check_health=True)
    ~~~~~~~~~~~~~~~~~~~~~~~~~^^^^^^^^^^^^^^^^^^^
  File "C:\Users\Admin\Desktop\DjangoRESTProject\venv\Lib\site-packages\redis\connection.py", line 397, in connect_check_health
    raise ConnectionError(self._error_message(e))
redis.exceptions.ConnectionError: Error 10061 connecting to 127.0.0.1:6379. No connection could be made because the target machine actively refused it.
Unauthorized: /api/drivers/location/
Internal Server Error: /api/drivers/location/
Traceback (most recent call last):
  File "C:\Users\Admin\Desktop\DjangoRESTProject\venv\Lib\site-packages\redis\connection.py", line 389, in connect_check_health
    sock = self.retry.call_with_retry(
        lambda: self._connect(), lambda error: self.disconnect(error)
    )
  File "C:\Users\Admin\Desktop\DjangoRESTProject\venv\Lib\site-packages\redis\retry.py", line 105, in call_with_retry
    return do()
  File "C:\Users\Admin\Desktop\DjangoRESTProject\venv\Lib\site-packages\redis\connection.py", line 390, in <lambda>
    lambda: self._connect(), lambda error: self.disconnect(error)
            ~~~~~~~~~~~~~^^
  File "C:\Users\Admin\Desktop\DjangoRESTProject\venv\Lib\site-packages\redis\connection.py", line 803, in _connect
    raise err
  File "C:\Users\Admin\Desktop\DjangoRESTProject\venv\Lib\site-packages\redis\connection.py", line 787, in _connect
    sock.connect(socket_address)
    ~~~~~~~~~~~~^^^^^^^^^^^^^^^^
ConnectionRefusedError: [WinError 10061] No connection could be made because the target machine actively refused it

During handling of the above exception, another exception occurred:

Traceback (most recent call last):
  File "C:\Users\Admin\Desktop\DjangoRESTProject\venv\Lib\site-packages\django\core\handlers\exception.py", line 55, in inner
    response = get_response(request)
  File "C:\Users\Admin\Desktop\DjangoRESTProject\venv\Lib\site-packages\django\core\handlers\base.py", line 198, in _get_response
    response = wrapped_callback(request, *callback_args, **callback_kwargs)
  File "C:\Users\Admin\Desktop\DjangoRESTProject\venv\Lib\site-packages\django\views\decorators\csrf.py", line 65, in _view_wrapper
    return view_func(request, *args, **kwargs)
  File "C:\Users\Admin\Desktop\DjangoRESTProject\venv\Lib\site-packages\django\views\generic\base.py", line 106, in view
    return self.dispatch(request, *args, **kwargs)
           ~~~~~~~~~~~~~^^^^^^^^^^^^^^^^^^^^^^^^^^
  File "C:\Users\Admin\Desktop\DjangoRESTProject\venv\Lib\site-packages\rest_framework\views.py", line 515, in dispatch
    response = self.handle_exception(exc)
  File "C:\Users\Admin\Desktop\DjangoRESTProject\venv\Lib\site-packages\rest_framework\views.py", line 475, in handle_exception
    self.raise_uncaught_exception(exc)
    ~~~~~~~~~~~~~~~~~~~~~~~~~~~~~^^^^^
  File "C:\Users\Admin\Desktop\DjangoRESTProject\venv\Lib\site-packages\rest_framework\views.py", line 486, in raise_uncaught_exception
    raise exc
  File "C:\Users\Admin\Desktop\DjangoRESTProject\venv\Lib\site-packages\rest_framework\views.py", line 503, in dispatch
    self.initial(request, *args, **kwargs)
    ~~~~~~~~~~~~^^^^^^^^^^^^^^^^^^^^^^^^^^
  File "C:\Users\Admin\Desktop\DjangoRESTProject\venv\Lib\site-packages\rest_framework\views.py", line 422, in initial
    self.check_throttles(request)
    ~~~~~~~~~~~~~~~~~~~~^^^^^^^^^
  File "C:\Users\Admin\Desktop\DjangoRESTProject\venv\Lib\site-packages\rest_framework\views.py", line 365, in check_throttles
    if not throttle.allow_request(request, self):
           ~~~~~~~~~~~~~~~~~~~~~~^^^^^^^^^^^^^^^
  File "C:\Users\Admin\Desktop\DjangoRESTProject\venv\Lib\site-packages\rest_framework\throttling.py", line 123, in allow_request
    self.history = self.cache.get(self.key, [])
                   ~~~~~~~~~~~~~~^^^^^^^^^^^^^^
  File "C:\Users\Admin\Desktop\DjangoRESTProject\venv\Lib\site-packages\django\core\cache\backends\redis.py", line 188, in get
    return self._cache.get(key, default)
           ~~~~~~~~~~~~~~~^^^^^^^^^^^^^^
  File "C:\Users\Admin\Desktop\DjangoRESTProject\venv\Lib\site-packages\django\core\cache\backends\redis.py", line 100, in get
    value = client.get(key)
  File "C:\Users\Admin\Desktop\DjangoRESTProject\venv\Lib\site-packages\redis\commands\core.py", line 1829, in get
    return self.execute_command("GET", name, keys=[name])
           ~~~~~~~~~~~~~~~~~~~~^^^^^^^^^^^^^^^^^^^^^^^^^^
  File "C:\Users\Admin\Desktop\DjangoRESTProject\venv\Lib\site-packages\redis\client.py", line 621, in execute_command
    return self._execute_command(*args, **options)
           ~~~~~~~~~~~~~~~~~~~~~^^^^^^^^^^^^^^^^^^
  File "C:\Users\Admin\Desktop\DjangoRESTProject\venv\Lib\site-packages\redis\client.py", line 627, in _execute_command
    conn = self.connection or pool.get_connection()
                              ~~~~~~~~~~~~~~~~~~~^^
  File "C:\Users\Admin\Desktop\DjangoRESTProject\venv\Lib\site-packages\redis\utils.py", line 195, in wrapper
    return func(*args, **kwargs)
  File "C:\Users\Admin\Desktop\DjangoRESTProject\venv\Lib\site-packages\redis\connection.py", line 1533, in get_connection
    connection.connect()
    ~~~~~~~~~~~~~~~~~~^^
  File "C:\Users\Admin\Desktop\DjangoRESTProject\venv\Lib\site-packages\redis\connection.py", line 380, in connect
    self.connect_check_health(check_health=True)
    ~~~~~~~~~~~~~~~~~~~~~~~~~^^^^^^^^^^^^^^^^^^^
  File "C:\Users\Admin\Desktop\DjangoRESTProject\venv\Lib\site-packages\redis\connection.py", line 397, in connect_check_health
    raise ConnectionError(self._error_message(e))
redis.exceptions.ConnectionError: Error 10061 connecting to 127.0.0.1:6379. No connection could be made because the target machine actively refused it.
Internal Server Error: /api/drivers/
Traceback (most recent call last):
  File "C:\Users\Admin\Desktop\DjangoRESTProject\venv\Lib\site-packages\redis\connection.py", line 389, in connect_check_health
    sock = self.retry.call_with_retry(
        lambda: self._connect(), lambda error: self.disconnect(error)
    )
  File "C:\Users\Admin\Desktop\DjangoRESTProject\venv\Lib\site-packages\redis\retry.py", line 105, in call_with_retry
    return do()
  File "C:\Users\Admin\Desktop\DjangoRESTProject\venv\Lib\site-packages\redis\connection.py", line 390, in <lambda>
    lambda: self._connect(), lambda error: self.disconnect(error)
            ~~~~~~~~~~~~~^^
  File "C:\Users\Admin\Desktop\DjangoRESTProject\venv\Lib\site-packages\redis\connection.py", line 803, in _connect
    raise err
  File "C:\Users\Admin\Desktop\DjangoRESTProject\venv\Lib\site-packages\redis\connection.py", line 787, in _connect
    sock.connect(socket_address)
    ~~~~~~~~~~~~^^^^^^^^^^^^^^^^
ConnectionRefusedError: [WinError 10061] No connection could be made because the target machine actively refused it

During handling of the above exception, another exception occurred:

Traceback (most recent call last):
  File "C:\Users\Admin\Desktop\DjangoRESTProject\venv\Lib\site-packages\django\core\handlers\exception.py", line 55, in inner
    response = get_response(request)
  File "C:\Users\Admin\Desktop\DjangoRESTProject\venv\Lib\site-packages\django\core\handlers\base.py", line 198, in _get_response
    response = wrapped_callback(request, *callback_args, **callback_kwargs)
  File "C:\Users\Admin\Desktop\DjangoRESTProject\venv\Lib\site-packages\django\views\decorators\csrf.py", line 65, in _view_wrapper
    return view_func(request, *args, **kwargs)
  File "C:\Users\Admin\Desktop\DjangoRESTProject\venv\Lib\site-packages\rest_framework\viewsets.py", line 125, in view
    return self.dispatch(request, *args, **kwargs)
           ~~~~~~~~~~~~~^^^^^^^^^^^^^^^^^^^^^^^^^^
  File "C:\Users\Admin\Desktop\DjangoRESTProject\venv\Lib\site-packages\rest_framework\views.py", line 515, in dispatch
    response = self.handle_exception(exc)
  File "C:\Users\Admin\Desktop\DjangoRESTProject\venv\Lib\site-packages\rest_framework\views.py", line 475, in handle_exception
    self.raise_uncaught_exception(exc)
    ~~~~~~~~~~~~~~~~~~~~~~~~~~~~~^^^^^
  File "C:\Users\Admin\Desktop\DjangoRESTProject\venv\Lib\site-packages\rest_framework\views.py", line 486, in raise_uncaught_exception
    raise exc
  File "C:\Users\Admin\Desktop\DjangoRESTProject\venv\Lib\site-packages\rest_framework\views.py", line 503, in dispatch
    self.initial(request, *args, **kwargs)
    ~~~~~~~~~~~~^^^^^^^^^^^^^^^^^^^^^^^^^^
  File "C:\Users\Admin\Desktop\DjangoRESTProject\venv\Lib\site-packages\rest_framework\views.py", line 422, in initial
    self.check_throttles(request)
    ~~~~~~~~~~~~~~~~~~~~^^^^^^^^^
  File "C:\Users\Admin\Desktop\DjangoRESTProject\venv\Lib\site-packages\rest_framework\views.py", line 365, in check_throttles
    if not throttle.allow_request(request, self):
           ~~~~~~~~~~~~~~~~~~~~~~^^^^^^^^^^^^^^^
  File "C:\Users\Admin\Desktop\DjangoRESTProject\venv\Lib\site-packages\rest_framework\throttling.py", line 123, in allow_request
    self.history = self.cache.get(self.key, [])
                   ~~~~~~~~~~~~~~^^^^^^^^^^^^^^
  File "C:\Users\Admin\Desktop\DjangoRESTProject\venv\Lib\site-packages\django\core\cache\backends\redis.py", line 188, in get
    return self._cache.get(key, default)
           ~~~~~~~~~~~~~~~^^^^^^^^^^^^^^
  File "C:\Users\Admin\Desktop\DjangoRESTProject\venv\Lib\site-packages\django\core\cache\backends\redis.py", line 100, in get
    value = client.get(key)
  File "C:\Users\Admin\Desktop\DjangoRESTProject\venv\Lib\site-packages\redis\commands\core.py", line 1829, in get
    return self.execute_command("GET", name, keys=[name])
           ~~~~~~~~~~~~~~~~~~~~^^^^^^^^^^^^^^^^^^^^^^^^^^
  File "C:\Users\Admin\Desktop\DjangoRESTProject\venv\Lib\site-packages\redis\client.py", line 621, in execute_command
    return self._execute_command(*args, **options)
           ~~~~~~~~~~~~~~~~~~~~~^^^^^^^^^^^^^^^^^^
  File "C:\Users\Admin\Desktop\DjangoRESTProject\venv\Lib\site-packages\redis\client.py", line 627, in _execute_command
    conn = self.connection or pool.get_connection()
                              ~~~~~~~~~~~~~~~~~~~^^
  File "C:\Users\Admin\Desktop\DjangoRESTProject\venv\Lib\site-packages\redis\utils.py", line 195, in wrapper
    return func(*args, **kwargs)
  File "C:\Users\Admin\Desktop\DjangoRESTProject\venv\Lib\site-packages\redis\connection.py", line 1533, in get_connection
    connection.connect()
    ~~~~~~~~~~~~~~~~~~^^
  File "C:\Users\Admin\Desktop\DjangoRESTProject\venv\Lib\site-packages\redis\connection.py", line 380, in connect
    self.connect_check_health(check_health=True)
    ~~~~~~~~~~~~~~~~~~~~~~~~~^^^^^^^^^^^^^^^^^^^
  File "C:\Users\Admin\Desktop\DjangoRESTProject\venv\Lib\site-packages\redis\connection.py", line 397, in connect_check_health
    raise ConnectionError(self._error_message(e))
redis.exceptions.ConnectionError: Error 10061 connecting to 127.0.0.1:6379. No connection could be made because the target machine actively refused it.
Internal Server Error: /api/drivers/
Traceback (most recent call last):
  File "C:\Users\Admin\Desktop\DjangoRESTProject\venv\Lib\site-packages\redis\connection.py", line 389, in connect_check_health
    sock = self.retry.call_with_retry(
        lambda: self._connect(), lambda error: self.disconnect(error)
    )
  File "C:\Users\Admin\Desktop\DjangoRESTProject\venv\Lib\site-packages\redis\retry.py", line 105, in call_with_retry
    return do()
  File "C:\Users\Admin\Desktop\DjangoRESTProject\venv\Lib\site-packages\redis\connection.py", line 390, in <lambda>
    lambda: self._connect(), lambda error: self.disconnect(error)
            ~~~~~~~~~~~~~^^
  File "C:\Users\Admin\Desktop\DjangoRESTProject\venv\Lib\site-packages\redis\connection.py", line 803, in _connect
    raise err
  File "C:\Users\Admin\Desktop\DjangoRESTProject\venv\Lib\site-packages\redis\connection.py", line 787, in _connect
    sock.connect(socket_address)
    ~~~~~~~~~~~~^^^^^^^^^^^^^^^^
ConnectionRefusedError: [WinError 10061] No connection could be made because the target machine actively refused it

During handling of the above exception, another exception occurred:

Traceback (most recent call last):
  File "C:\Users\Admin\Desktop\DjangoRESTProject\venv\Lib\site-packages\django\core\handlers\exception.py", line 55, in inner
    response = get_response(request)
  File "C:\Users\Admin\Desktop\DjangoRESTProject\venv\Lib\site-packages\django\core\handlers\base.py", line 198, in _get_response
    response = wrapped_callback(request, *callback_args, **callback_kwargs)
  File "C:\Users\Admin\Desktop\DjangoRESTProject\venv\Lib\site-packages\django\views\decorators\csrf.py", line 65, in _view_wrapper
    return view_func(request, *args, **kwargs)
  File "C:\Users\Admin\Desktop\DjangoRESTProject\venv\Lib\site-packages\rest_framework\viewsets.py", line 125, in view
    return self.dispatch(request, *args, **kwargs)
           ~~~~~~~~~~~~~^^^^^^^^^^^^^^^^^^^^^^^^^^
  File "C:\Users\Admin\Desktop\DjangoRESTProject\venv\Lib\site-packages\rest_framework\views.py", line 515, in dispatch
    response = self.handle_exception(exc)
  File "C:\Users\Admin\Desktop\DjangoRESTProject\venv\Lib\site-packages\rest_framework\views.py", line 475, in handle_exception
    self.raise_uncaught_exception(exc)
    ~~~~~~~~~~~~~~~~~~~~~~~~~~~~~^^^^^
  File "C:\Users\Admin\Desktop\DjangoRESTProject\venv\Lib\site-packages\rest_framework\views.py", line 486, in raise_uncaught_exception
    raise exc
  File "C:\Users\Admin\Desktop\DjangoRESTProject\venv\Lib\site-packages\rest_framework\views.py", line 503, in dispatch
    self.initial(request, *args, **kwargs)
    ~~~~~~~~~~~~^^^^^^^^^^^^^^^^^^^^^^^^^^
  File "C:\Users\Admin\Desktop\DjangoRESTProject\venv\Lib\site-packages\rest_framework\views.py", line 422, in initial
    self.check_throttles(request)
    ~~~~~~~~~~~~~~~~~~~~^^^^^^^^^
  File "C:\Users\Admin\Desktop\DjangoRESTProject\venv\Lib\site-packages\rest_framework\views.py", line 365, in check_throttles
    if not throttle.allow_request(request, self):
           ~~~~~~~~~~~~~~~~~~~~~~^^^^^^^^^^^^^^^
  File "C:\Users\Admin\Desktop\DjangoRESTProject\venv\Lib\site-packages\rest_framework\throttling.py", line 123, in allow_request
    self.history = self.cache.get(self.key, [])
                   ~~~~~~~~~~~~~~^^^^^^^^^^^^^^
  File "C:\Users\Admin\Desktop\DjangoRESTProject\venv\Lib\site-packages\django\core\cache\backends\redis.py", line 188, in get
    return self._cache.get(key, default)
           ~~~~~~~~~~~~~~~^^^^^^^^^^^^^^
  File "C:\Users\Admin\Desktop\DjangoRESTProject\venv\Lib\site-packages\django\core\cache\backends\redis.py", line 100, in get
    value = client.get(key)
  File "C:\Users\Admin\Desktop\DjangoRESTProject\venv\Lib\site-packages\redis\commands\core.py", line 1829, in get
    return self.execute_command("GET", name, keys=[name])
           ~~~~~~~~~~~~~~~~~~~~^^^^^^^^^^^^^^^^^^^^^^^^^^
  File "C:\Users\Admin\Desktop\DjangoRESTProject\venv\Lib\site-packages\redis\client.py", line 621, in execute_command
    return self._execute_command(*args, **options)
           ~~~~~~~~~~~~~~~~~~~~~^^^^^^^^^^^^^^^^^^
  File "C:\Users\Admin\Desktop\DjangoRESTProject\venv\Lib\site-packages\redis\client.py", line 627, in _execute_command
    conn = self.connection or pool.get_connection()
                              ~~~~~~~~~~~~~~~~~~~^^
  File "C:\Users\Admin\Desktop\DjangoRESTProject\venv\Lib\site-packages\redis\utils.py", line 195, in wrapper
    return func(*args, **kwargs)
  File "C:\Users\Admin\Desktop\DjangoRESTProject\venv\Lib\site-packages\redis\connection.py", line 1533, in get_connection
    connection.connect()
    ~~~~~~~~~~~~~~~~~~^^
  File "C:\Users\Admin\Desktop\DjangoRESTProject\venv\Lib\site-packages\redis\connection.py", line 380, in connect
    self.connect_check_health(check_health=True)
    ~~~~~~~~~~~~~~~~~~~~~~~~~^^^^^^^^^^^^^^^^^^^
  File "C:\Users\Admin\Desktop\DjangoRESTProject\venv\Lib\site-packages\redis\connection.py", line 397, in connect_check_health
    raise ConnectionError(self._error_message(e))
redis.exceptions.ConnectionError: Error 10061 connecting to 127.0.0.1:6379. No connection could be made because the target machine actively refused it.
Internal Server Error: /api/drivers/f9857188-4158-4de5-82f5-80fdc8eaf196/
Traceback (most recent call last):
  File "C:\Users\Admin\Desktop\DjangoRESTProject\venv\Lib\site-packages\redis\connection.py", line 389, in connect_check_health
    sock = self.retry.call_with_retry(
        lambda: self._connect(), lambda error: self.disconnect(error)
    )
  File "C:\Users\Admin\Desktop\DjangoRESTProject\venv\Lib\site-packages\redis\retry.py", line 105, in call_with_retry
    return do()
  File "C:\Users\Admin\Desktop\DjangoRESTProject\venv\Lib\site-packages\redis\connection.py", line 390, in <lambda>
    lambda: self._connect(), lambda error: self.disconnect(error)
            ~~~~~~~~~~~~~^^
  File "C:\Users\Admin\Desktop\DjangoRESTProject\venv\Lib\site-packages\redis\connection.py", line 803, in _connect
    raise err
  File "C:\Users\Admin\Desktop\DjangoRESTProject\venv\Lib\site-packages\redis\connection.py", line 787, in _connect
    sock.connect(socket_address)
    ~~~~~~~~~~~~^^^^^^^^^^^^^^^^
ConnectionRefusedError: [WinError 10061] No connection could be made because the target machine actively refused it

During handling of the above exception, another exception occurred:

Traceback (most recent call last):
  File "C:\Users\Admin\Desktop\DjangoRESTProject\venv\Lib\site-packages\django\core\handlers\exception.py", line 55, in inner
    response = get_response(request)
  File "C:\Users\Admin\Desktop\DjangoRESTProject\venv\Lib\site-packages\django\core\handlers\base.py", line 198, in _get_response
    response = wrapped_callback(request, *callback_args, **callback_kwargs)
  File "C:\Users\Admin\Desktop\DjangoRESTProject\venv\Lib\site-packages\django\views\decorators\csrf.py", line 65, in _view_wrapper
    return view_func(request, *args, **kwargs)
  File "C:\Users\Admin\Desktop\DjangoRESTProject\venv\Lib\site-packages\rest_framework\viewsets.py", line 125, in view
    return self.dispatch(request, *args, **kwargs)
           ~~~~~~~~~~~~~^^^^^^^^^^^^^^^^^^^^^^^^^^
  File "C:\Users\Admin\Desktop\DjangoRESTProject\venv\Lib\site-packages\rest_framework\views.py", line 515, in dispatch
    response = self.handle_exception(exc)
  File "C:\Users\Admin\Desktop\DjangoRESTProject\venv\Lib\site-packages\rest_framework\views.py", line 475, in handle_exception
    self.raise_uncaught_exception(exc)
    ~~~~~~~~~~~~~~~~~~~~~~~~~~~~~^^^^^
  File "C:\Users\Admin\Desktop\DjangoRESTProject\venv\Lib\site-packages\rest_framework\views.py", line 486, in raise_uncaught_exception
    raise exc
  File "C:\Users\Admin\Desktop\DjangoRESTProject\venv\Lib\site-packages\rest_framework\views.py", line 503, in dispatch
    self.initial(request, *args, **kwargs)
    ~~~~~~~~~~~~^^^^^^^^^^^^^^^^^^^^^^^^^^
  File "C:\Users\Admin\Desktop\DjangoRESTProject\venv\Lib\site-packages\rest_framework\views.py", line 422, in initial
    self.check_throttles(request)
    ~~~~~~~~~~~~~~~~~~~~^^^^^^^^^
  File "C:\Users\Admin\Desktop\DjangoRESTProject\venv\Lib\site-packages\rest_framework\views.py", line 365, in check_throttles
    if not throttle.allow_request(request, self):
           ~~~~~~~~~~~~~~~~~~~~~~^^^^^^^^^^^^^^^
  File "C:\Users\Admin\Desktop\DjangoRESTProject\venv\Lib\site-packages\rest_framework\throttling.py", line 123, in allow_request
    self.history = self.cache.get(self.key, [])
                   ~~~~~~~~~~~~~~^^^^^^^^^^^^^^
  File "C:\Users\Admin\Desktop\DjangoRESTProject\venv\Lib\site-packages\django\core\cache\backends\redis.py", line 188, in get
    return self._cache.get(key, default)
           ~~~~~~~~~~~~~~~^^^^^^^^^^^^^^
  File "C:\Users\Admin\Desktop\DjangoRESTProject\venv\Lib\site-packages\django\core\cache\backends\redis.py", line 100, in get
    value = client.get(key)
  File "C:\Users\Admin\Desktop\DjangoRESTProject\venv\Lib\site-packages\redis\commands\core.py", line 1829, in get
    return self.execute_command("GET", name, keys=[name])
           ~~~~~~~~~~~~~~~~~~~~^^^^^^^^^^^^^^^^^^^^^^^^^^
  File "C:\Users\Admin\Desktop\DjangoRESTProject\venv\Lib\site-packages\redis\client.py", line 621, in execute_command
    return self._execute_command(*args, **options)
           ~~~~~~~~~~~~~~~~~~~~~^^^^^^^^^^^^^^^^^^
  File "C:\Users\Admin\Desktop\DjangoRESTProject\venv\Lib\site-packages\redis\client.py", line 627, in _execute_command
    conn = self.connection or pool.get_connection()
                              ~~~~~~~~~~~~~~~~~~~^^
  File "C:\Users\Admin\Desktop\DjangoRESTProject\venv\Lib\site-packages\redis\utils.py", line 195, in wrapper
    return func(*args, **kwargs)
  File "C:\Users\Admin\Desktop\DjangoRESTProject\venv\Lib\site-packages\redis\connection.py", line 1533, in get_connection
    connection.connect()
    ~~~~~~~~~~~~~~~~~~^^
  File "C:\Users\Admin\Desktop\DjangoRESTProject\venv\Lib\site-packages\redis\connection.py", line 380, in connect
    self.connect_check_health(check_health=True)
    ~~~~~~~~~~~~~~~~~~~~~~~~~^^^^^^^^^^^^^^^^^^^
  File "C:\Users\Admin\Desktop\DjangoRESTProject\venv\Lib\site-packages\redis\connection.py", line 397, in connect_check_health
    raise ConnectionError(self._error_message(e))
redis.exceptions.ConnectionError: Error 10061 connecting to 127.0.0.1:6379. No connection could be made because the target machine actively refused it.
Internal Server Error: /api/drivers/
Traceback (most recent call last):
  File "C:\Users\Admin\Desktop\DjangoRESTProject\venv\Lib\site-packages\redis\connection.py", line 389, in connect_check_health
    sock = self.retry.call_with_retry(
        lambda: self._connect(), lambda error: self.disconnect(error)
    )
  File "C:\Users\Admin\Desktop\DjangoRESTProject\venv\Lib\site-packages\redis\retry.py", line 105, in call_with_retry
    return do()
  File "C:\Users\Admin\Desktop\DjangoRESTProject\venv\Lib\site-packages\redis\connection.py", line 390, in <lambda>
    lambda: self._connect(), lambda error: self.disconnect(error)
            ~~~~~~~~~~~~~^^
  File "C:\Users\Admin\Desktop\DjangoRESTProject\venv\Lib\site-packages\redis\connection.py", line 803, in _connect
    raise err
  File "C:\Users\Admin\Desktop\DjangoRESTProject\venv\Lib\site-packages\redis\connection.py", line 787, in _connect
    sock.connect(socket_address)
    ~~~~~~~~~~~~^^^^^^^^^^^^^^^^
ConnectionRefusedError: [WinError 10061] No connection could be made because the target machine actively refused it

During handling of the above exception, another exception occurred:

Traceback (most recent call last):
  File "C:\Users\Admin\Desktop\DjangoRESTProject\venv\Lib\site-packages\django\core\handlers\exception.py", line 55, in inner
    response = get_response(request)
  File "C:\Users\Admin\Desktop\DjangoRESTProject\venv\Lib\site-packages\django\core\handlers\base.py", line 198, in _get_response
    response = wrapped_callback(request, *callback_args, **callback_kwargs)
  File "C:\Users\Admin\Desktop\DjangoRESTProject\venv\Lib\site-packages\django\views\decorators\csrf.py", line 65, in _view_wrapper
    return view_func(request, *args, **kwargs)
  File "C:\Users\Admin\Desktop\DjangoRESTProject\venv\Lib\site-packages\rest_framework\viewsets.py", line 125, in view
    return self.dispatch(request, *args, **kwargs)
           ~~~~~~~~~~~~~^^^^^^^^^^^^^^^^^^^^^^^^^^
  File "C:\Users\Admin\Desktop\DjangoRESTProject\venv\Lib\site-packages\rest_framework\views.py", line 515, in dispatch
    response = self.handle_exception(exc)
  File "C:\Users\Admin\Desktop\DjangoRESTProject\venv\Lib\site-packages\rest_framework\views.py", line 475, in handle_exception
    self.raise_uncaught_exception(exc)
    ~~~~~~~~~~~~~~~~~~~~~~~~~~~~~^^^^^
  File "C:\Users\Admin\Desktop\DjangoRESTProject\venv\Lib\site-packages\rest_framework\views.py", line 486, in raise_uncaught_exception
    raise exc
  File "C:\Users\Admin\Desktop\DjangoRESTProject\venv\Lib\site-packages\rest_framework\views.py", line 503, in dispatch
    self.initial(request, *args, **kwargs)
    ~~~~~~~~~~~~^^^^^^^^^^^^^^^^^^^^^^^^^^
  File "C:\Users\Admin\Desktop\DjangoRESTProject\venv\Lib\site-packages\rest_framework\views.py", line 422, in initial
    self.check_throttles(request)
    ~~~~~~~~~~~~~~~~~~~~^^^^^^^^^
  File "C:\Users\Admin\Desktop\DjangoRESTProject\venv\Lib\site-packages\rest_framework\views.py", line 365, in check_throttles
    if not throttle.allow_request(request, self):
           ~~~~~~~~~~~~~~~~~~~~~~^^^^^^^^^^^^^^^
  File "C:\Users\Admin\Desktop\DjangoRESTProject\venv\Lib\site-packages\rest_framework\throttling.py", line 123, in allow_request
    self.history = self.cache.get(self.key, [])
                   ~~~~~~~~~~~~~~^^^^^^^^^^^^^^
  File "C:\Users\Admin\Desktop\DjangoRESTProject\venv\Lib\site-packages\django\core\cache\backends\redis.py", line 188, in get
    return self._cache.get(key, default)
           ~~~~~~~~~~~~~~~^^^^^^^^^^^^^^
  File "C:\Users\Admin\Desktop\DjangoRESTProject\venv\Lib\site-packages\django\core\cache\backends\redis.py", line 100, in get
    value = client.get(key)
  File "C:\Users\Admin\Desktop\DjangoRESTProject\venv\Lib\site-packages\redis\commands\core.py", line 1829, in get
    return self.execute_command("GET", name, keys=[name])
           ~~~~~~~~~~~~~~~~~~~~^^^^^^^^^^^^^^^^^^^^^^^^^^
  File "C:\Users\Admin\Desktop\DjangoRESTProject\venv\Lib\site-packages\redis\client.py", line 621, in execute_command
    return self._execute_command(*args, **options)
           ~~~~~~~~~~~~~~~~~~~~~^^^^^^^^^^^^^^^^^^
  File "C:\Users\Admin\Desktop\DjangoRESTProject\venv\Lib\site-packages\redis\client.py", line 627, in _execute_command
    conn = self.connection or pool.get_connection()
                              ~~~~~~~~~~~~~~~~~~~^^
  File "C:\Users\Admin\Desktop\DjangoRESTProject\venv\Lib\site-packages\redis\utils.py", line 195, in wrapper
    return func(*args, **kwargs)
  File "C:\Users\Admin\Desktop\DjangoRESTProject\venv\Lib\site-packages\redis\connection.py", line 1533, in get_connection
    connection.connect()
    ~~~~~~~~~~~~~~~~~~^^
  File "C:\Users\Admin\Desktop\DjangoRESTProject\venv\Lib\site-packages\redis\connection.py", line 380, in connect
    self.connect_check_health(check_health=True)
    ~~~~~~~~~~~~~~~~~~~~~~~~~^^^^^^^^^^^^^^^^^^^
  File "C:\Users\Admin\Desktop\DjangoRESTProject\venv\Lib\site-packages\redis\connection.py", line 397, in connect_check_health
    raise ConnectionError(self._error_message(e))
redis.exceptions.ConnectionError: Error 10061 connecting to 127.0.0.1:6379. No connection could be made because the target machine actively refused it.
Internal Server Error: /api/drivers/14989a35-a91a-41ef-916d-512ec3007cf2/
Traceback (most recent call last):
  File "C:\Users\Admin\Desktop\DjangoRESTProject\venv\Lib\site-packages\redis\connection.py", line 389, in connect_check_health
    sock = self.retry.call_with_retry(
        lambda: self._connect(), lambda error: self.disconnect(error)
    )
  File "C:\Users\Admin\Desktop\DjangoRESTProject\venv\Lib\site-packages\redis\retry.py", line 105, in call_with_retry
    return do()
  File "C:\Users\Admin\Desktop\DjangoRESTProject\venv\Lib\site-packages\redis\connection.py", line 390, in <lambda>
    lambda: self._connect(), lambda error: self.disconnect(error)
            ~~~~~~~~~~~~~^^
  File "C:\Users\Admin\Desktop\DjangoRESTProject\venv\Lib\site-packages\redis\connection.py", line 803, in _connect
    raise err
  File "C:\Users\Admin\Desktop\DjangoRESTProject\venv\Lib\site-packages\redis\connection.py", line 787, in _connect
    sock.connect(socket_address)
    ~~~~~~~~~~~~^^^^^^^^^^^^^^^^
ConnectionRefusedError: [WinError 10061] No connection could be made because the target machine actively refused it

During handling of the above exception, another exception occurred:

Traceback (most recent call last):
  File "C:\Users\Admin\Desktop\DjangoRESTProject\venv\Lib\site-packages\django\core\handlers\exception.py", line 55, in inner
    response = get_response(request)
  File "C:\Users\Admin\Desktop\DjangoRESTProject\venv\Lib\site-packages\django\core\handlers\base.py", line 198, in _get_response
    response = wrapped_callback(request, *callback_args, **callback_kwargs)
  File "C:\Users\Admin\Desktop\DjangoRESTProject\venv\Lib\site-packages\django\views\decorators\csrf.py", line 65, in _view_wrapper
    return view_func(request, *args, **kwargs)
  File "C:\Users\Admin\Desktop\DjangoRESTProject\venv\Lib\site-packages\rest_framework\viewsets.py", line 125, in view
    return self.dispatch(request, *args, **kwargs)
           ~~~~~~~~~~~~~^^^^^^^^^^^^^^^^^^^^^^^^^^
  File "C:\Users\Admin\Desktop\DjangoRESTProject\venv\Lib\site-packages\rest_framework\views.py", line 515, in dispatch
    response = self.handle_exception(exc)
  File "C:\Users\Admin\Desktop\DjangoRESTProject\venv\Lib\site-packages\rest_framework\views.py", line 475, in handle_exception
    self.raise_uncaught_exception(exc)
    ~~~~~~~~~~~~~~~~~~~~~~~~~~~~~^^^^^
  File "C:\Users\Admin\Desktop\DjangoRESTProject\venv\Lib\site-packages\rest_framework\views.py", line 486, in raise_uncaught_exception
    raise exc
  File "C:\Users\Admin\Desktop\DjangoRESTProject\venv\Lib\site-packages\rest_framework\views.py", line 503, in dispatch
    self.initial(request, *args, **kwargs)
    ~~~~~~~~~~~~^^^^^^^^^^^^^^^^^^^^^^^^^^
  File "C:\Users\Admin\Desktop\DjangoRESTProject\venv\Lib\site-packages\rest_framework\views.py", line 422, in initial
    self.check_throttles(request)
    ~~~~~~~~~~~~~~~~~~~~^^^^^^^^^
  File "C:\Users\Admin\Desktop\DjangoRESTProject\venv\Lib\site-packages\rest_framework\views.py", line 365, in check_throttles
    if not throttle.allow_request(request, self):
           ~~~~~~~~~~~~~~~~~~~~~~^^^^^^^^^^^^^^^
  File "C:\Users\Admin\Desktop\DjangoRESTProject\venv\Lib\site-packages\rest_framework\throttling.py", line 123, in allow_request
    self.history = self.cache.get(self.key, [])
                   ~~~~~~~~~~~~~~^^^^^^^^^^^^^^
  File "C:\Users\Admin\Desktop\DjangoRESTProject\venv\Lib\site-packages\django\core\cache\backends\redis.py", line 188, in get
    return self._cache.get(key, default)
           ~~~~~~~~~~~~~~~^^^^^^^^^^^^^^
  File "C:\Users\Admin\Desktop\DjangoRESTProject\venv\Lib\site-packages\django\core\cache\backends\redis.py", line 100, in get
    value = client.get(key)
  File "C:\Users\Admin\Desktop\DjangoRESTProject\venv\Lib\site-packages\redis\commands\core.py", line 1829, in get
    return self.execute_command("GET", name, keys=[name])
           ~~~~~~~~~~~~~~~~~~~~^^^^^^^^^^^^^^^^^^^^^^^^^^
  File "C:\Users\Admin\Desktop\DjangoRESTProject\venv\Lib\site-packages\redis\client.py", line 621, in execute_command
    return self._execute_command(*args, **options)
           ~~~~~~~~~~~~~~~~~~~~~^^^^^^^^^^^^^^^^^^
  File "C:\Users\Admin\Desktop\DjangoRESTProject\venv\Lib\site-packages\redis\client.py", line 627, in _execute_command
    conn = self.connection or pool.get_connection()
                              ~~~~~~~~~~~~~~~~~~~^^
  File "C:\Users\Admin\Desktop\DjangoRESTProject\venv\Lib\site-packages\redis\utils.py", line 195, in wrapper
    return func(*args, **kwargs)
  File "C:\Users\Admin\Desktop\DjangoRESTProject\venv\Lib\site-packages\redis\connection.py", line 1533, in get_connection
    connection.connect()
    ~~~~~~~~~~~~~~~~~~^^
  File "C:\Users\Admin\Desktop\DjangoRESTProject\venv\Lib\site-packages\redis\connection.py", line 380, in connect
    self.connect_check_health(check_health=True)
    ~~~~~~~~~~~~~~~~~~~~~~~~~^^^^^^^^^^^^^^^^^^^
  File "C:\Users\Admin\Desktop\DjangoRESTProject\venv\Lib\site-packages\redis\connection.py", line 397, in connect_check_health
    raise ConnectionError(self._error_message(e))
redis.exceptions.ConnectionError: Error 10061 connecting to 127.0.0.1:6379. No connection could be made because the target machine actively refused it.
Internal Server Error: /api/drivers/9b50d34d-70b2-4036-9a3e-7e087eb75c69/
Traceback (most recent call last):
  File "C:\Users\Admin\Desktop\DjangoRESTProject\venv\Lib\site-packages\redis\connection.py", line 389, in connect_check_health
    sock = self.retry.call_with_retry(
        lambda: self._connect(), lambda error: self.disconnect(error)
    )
  File "C:\Users\Admin\Desktop\DjangoRESTProject\venv\Lib\site-packages\redis\retry.py", line 105, in call_with_retry
    return do()
  File "C:\Users\Admin\Desktop\DjangoRESTProject\venv\Lib\site-packages\redis\connection.py", line 390, in <lambda>
    lambda: self._connect(), lambda error: self.disconnect(error)
            ~~~~~~~~~~~~~^^
  File "C:\Users\Admin\Desktop\DjangoRESTProject\venv\Lib\site-packages\redis\connection.py", line 803, in _connect
    raise err
  File "C:\Users\Admin\Desktop\DjangoRESTProject\venv\Lib\site-packages\redis\connection.py", line 787, in _connect
    sock.connect(socket_address)
    ~~~~~~~~~~~~^^^^^^^^^^^^^^^^
ConnectionRefusedError: [WinError 10061] No connection could be made because the target machine actively refused it

During handling of the above exception, another exception occurred:

Traceback (most recent call last):
  File "C:\Users\Admin\Desktop\DjangoRESTProject\venv\Lib\site-packages\django\core\handlers\exception.py", line 55, in inner
    response = get_response(request)
  File "C:\Users\Admin\Desktop\DjangoRESTProject\venv\Lib\site-packages\django\core\handlers\base.py", line 198, in _get_response
    response = wrapped_callback(request, *callback_args, **callback_kwargs)
  File "C:\Users\Admin\Desktop\DjangoRESTProject\venv\Lib\site-packages\django\views\decorators\csrf.py", line 65, in _view_wrapper
    return view_func(request, *args, **kwargs)
  File "C:\Users\Admin\Desktop\DjangoRESTProject\venv\Lib\site-packages\rest_framework\viewsets.py", line 125, in view
    return self.dispatch(request, *args, **kwargs)
           ~~~~~~~~~~~~~^^^^^^^^^^^^^^^^^^^^^^^^^^
  File "C:\Users\Admin\Desktop\DjangoRESTProject\venv\Lib\site-packages\rest_framework\views.py", line 515, in dispatch
    response = self.handle_exception(exc)
  File "C:\Users\Admin\Desktop\DjangoRESTProject\venv\Lib\site-packages\rest_framework\views.py", line 475, in handle_exception
    self.raise_uncaught_exception(exc)
    ~~~~~~~~~~~~~~~~~~~~~~~~~~~~~^^^^^
  File "C:\Users\Admin\Desktop\DjangoRESTProject\venv\Lib\site-packages\rest_framework\views.py", line 486, in raise_uncaught_exception
    raise exc
  File "C:\Users\Admin\Desktop\DjangoRESTProject\venv\Lib\site-packages\rest_framework\views.py", line 503, in dispatch
    self.initial(request, *args, **kwargs)
    ~~~~~~~~~~~~^^^^^^^^^^^^^^^^^^^^^^^^^^
  File "C:\Users\Admin\Desktop\DjangoRESTProject\venv\Lib\site-packages\rest_framework\views.py", line 422, in initial
    self.check_throttles(request)
    ~~~~~~~~~~~~~~~~~~~~^^^^^^^^^
  File "C:\Users\Admin\Desktop\DjangoRESTProject\venv\Lib\site-packages\rest_framework\views.py", line 365, in check_throttles
    if not throttle.allow_request(request, self):
           ~~~~~~~~~~~~~~~~~~~~~~^^^^^^^^^^^^^^^
  File "C:\Users\Admin\Desktop\DjangoRESTProject\venv\Lib\site-packages\rest_framework\throttling.py", line 123, in allow_request
    self.history = self.cache.get(self.key, [])
                   ~~~~~~~~~~~~~~^^^^^^^^^^^^^^
  File "C:\Users\Admin\Desktop\DjangoRESTProject\venv\Lib\site-packages\django\core\cache\backends\redis.py", line 188, in get
    return self._cache.get(key, default)
           ~~~~~~~~~~~~~~~^^^^^^^^^^^^^^
  File "C:\Users\Admin\Desktop\DjangoRESTProject\venv\Lib\site-packages\django\core\cache\backends\redis.py", line 100, in get
    value = client.get(key)
  File "C:\Users\Admin\Desktop\DjangoRESTProject\venv\Lib\site-packages\redis\commands\core.py", line 1829, in get
    return self.execute_command("GET", name, keys=[name])
           ~~~~~~~~~~~~~~~~~~~~^^^^^^^^^^^^^^^^^^^^^^^^^^
  File "C:\Users\Admin\Desktop\DjangoRESTProject\venv\Lib\site-packages\redis\client.py", line 621, in execute_command
    return self._execute_command(*args, **options)
           ~~~~~~~~~~~~~~~~~~~~~^^^^^^^^^^^^^^^^^^
  File "C:\Users\Admin\Desktop\DjangoRESTProject\venv\Lib\site-packages\redis\client.py", line 627, in _execute_command
    conn = self.connection or pool.get_connection()
                              ~~~~~~~~~~~~~~~~~~~^^
  File "C:\Users\Admin\Desktop\DjangoRESTProject\venv\Lib\site-packages\redis\utils.py", line 195, in wrapper
    return func(*args, **kwargs)
  File "C:\Users\Admin\Desktop\DjangoRESTProject\venv\Lib\site-packages\redis\connection.py", line 1533, in get_connection
    connection.connect()
    ~~~~~~~~~~~~~~~~~~^^
  File "C:\Users\Admin\Desktop\DjangoRESTProject\venv\Lib\site-packages\redis\connection.py", line 380, in connect
    self.connect_check_health(check_health=True)
    ~~~~~~~~~~~~~~~~~~~~~~~~~^^^^^^^^^^^^^^^^^^^
  File "C:\Users\Admin\Desktop\DjangoRESTProject\venv\Lib\site-packages\redis\connection.py", line 397, in connect_check_health
    raise ConnectionError(self._error_message(e))
redis.exceptions.ConnectionError: Error 10061 connecting to 127.0.0.1:6379. No connection could be made because the target machine actively refused it.
Internal Server Error: /api/rides/526663ff-81cc-4c3b-a2f9-9ddc9bacac0a/fare/
Traceback (most recent call last):
  File "C:\Users\Admin\Desktop\DjangoRESTProject\venv\Lib\site-packages\redis\connection.py", line 389, in connect_check_health
    sock = self.retry.call_with_retry(
        lambda: self._connect(), lambda error: self.disconnect(error)
    )
  File "C:\Users\Admin\Desktop\DjangoRESTProject\venv\Lib\site-packages\redis\retry.py", line 105, in call_with_retry
    return do()
  File "C:\Users\Admin\Desktop\DjangoRESTProject\venv\Lib\site-packages\redis\connection.py", line 390, in <lambda>
    lambda: self._connect(), lambda error: self.disconnect(error)
            ~~~~~~~~~~~~~^^
  File "C:\Users\Admin\Desktop\DjangoRESTProject\venv\Lib\site-packages\redis\connection.py", line 803, in _connect
    raise err
  File "C:\Users\Admin\Desktop\DjangoRESTProject\venv\Lib\site-packages\redis\connection.py", line 787, in _connect
    sock.connect(socket_address)
    ~~~~~~~~~~~~^^^^^^^^^^^^^^^^
ConnectionRefusedError: [WinError 10061] No connection could be made because the target machine actively refused it

During handling of the above exception, another exception occurred:

Traceback (most recent call last):
  File "C:\Users\Admin\Desktop\DjangoRESTProject\venv\Lib\site-packages\django\core\handlers\exception.py", line 55, in inner
    response = get_response(request)
  File "C:\Users\Admin\Desktop\DjangoRESTProject\venv\Lib\site-packages\django\core\handlers\base.py", line 198, in _get_response
    response = wrapped_callback(request, *callback_args, **callback_kwargs)
  File "C:\Users\Admin\Desktop\DjangoRESTProject\venv\Lib\site-packages\django\views\decorators\csrf.py", line 65, in _view_wrapper
    return view_func(request, *args, **kwargs)
  File "C:\Users\Admin\Desktop\DjangoRESTProject\venv\Lib\site-packages\rest_framework\viewsets.py", line 125, in view
    return self.dispatch(request, *args, **kwargs)
           ~~~~~~~~~~~~~^^^^^^^^^^^^^^^^^^^^^^^^^^
  File "C:\Users\Admin\Desktop\DjangoRESTProject\venv\Lib\site-packages\rest_framework\views.py", line 515, in dispatch
    response = self.handle_exception(exc)
  File "C:\Users\Admin\Desktop\DjangoRESTProject\venv\Lib\site-packages\rest_framework\views.py", line 475, in handle_exception
    self.raise_uncaught_exception(exc)
    ~~~~~~~~~~~~~~~~~~~~~~~~~~~~~^^^^^
  File "C:\Users\Admin\Desktop\DjangoRESTProject\venv\Lib\site-packages\rest_framework\views.py", line 486, in raise_uncaught_exception
    raise exc
  File "C:\Users\Admin\Desktop\DjangoRESTProject\venv\Lib\site-packages\rest_framework\views.py", line 503, in dispatch
    self.initial(request, *args, **kwargs)
    ~~~~~~~~~~~~^^^^^^^^^^^^^^^^^^^^^^^^^^
  File "C:\Users\Admin\Desktop\DjangoRESTProject\venv\Lib\site-packages\rest_framework\views.py", line 422, in initial
    self.check_throttles(request)
    ~~~~~~~~~~~~~~~~~~~~^^^^^^^^^
  File "C:\Users\Admin\Desktop\DjangoRESTProject\venv\Lib\site-packages\rest_framework\views.py", line 365, in check_throttles
    if not throttle.allow_request(request, self):
           ~~~~~~~~~~~~~~~~~~~~~~^^^^^^^^^^^^^^^
  File "C:\Users\Admin\Desktop\DjangoRESTProject\venv\Lib\site-packages\rest_framework\throttling.py", line 123, in allow_request
    self.history = self.cache.get(self.key, [])
                   ~~~~~~~~~~~~~~^^^^^^^^^^^^^^
  File "C:\Users\Admin\Desktop\DjangoRESTProject\venv\Lib\site-packages\django\core\cache\backends\redis.py", line 188, in get
    return self._cache.get(key, default)
           ~~~~~~~~~~~~~~~^^^^^^^^^^^^^^
  File "C:\Users\Admin\Desktop\DjangoRESTProject\venv\Lib\site-packages\django\core\cache\backends\redis.py", line 100, in get
    value = client.get(key)
  File "C:\Users\Admin\Desktop\DjangoRESTProject\venv\Lib\site-packages\redis\commands\core.py", line 1829, in get
    return self.execute_command("GET", name, keys=[name])
           ~~~~~~~~~~~~~~~~~~~~^^^^^^^^^^^^^^^^^^^^^^^^^^
  File "C:\Users\Admin\Desktop\DjangoRESTProject\venv\Lib\site-packages\redis\client.py", line 621, in execute_command
    return self._execute_command(*args, **options)
           ~~~~~~~~~~~~~~~~~~~~~^^^^^^^^^^^^^^^^^^
  File "C:\Users\Admin\Desktop\DjangoRESTProject\venv\Lib\site-packages\redis\client.py", line 627, in _execute_command
    conn = self.connection or pool.get_connection()
                              ~~~~~~~~~~~~~~~~~~~^^
  File "C:\Users\Admin\Desktop\DjangoRESTProject\venv\Lib\site-packages\redis\utils.py", line 195, in wrapper
    return func(*args, **kwargs)
  File "C:\Users\Admin\Desktop\DjangoRESTProject\venv\Lib\site-packages\redis\connection.py", line 1533, in get_connection
    connection.connect()
    ~~~~~~~~~~~~~~~~~~^^
  File "C:\Users\Admin\Desktop\DjangoRESTProject\venv\Lib\site-packages\redis\connection.py", line 380, in connect
    self.connect_check_health(check_health=True)
    ~~~~~~~~~~~~~~~~~~~~~~~~~^^^^^^^^^^^^^^^^^^^
  File "C:\Users\Admin\Desktop\DjangoRESTProject\venv\Lib\site-packages\redis\connection.py", line 397, in connect_check_health
    raise ConnectionError(self._error_message(e))
redis.exceptions.ConnectionError: Error 10061 connecting to 127.0.0.1:6379. No connection could be made because the target machine actively refused it.
Internal Server Error: /api/rides/00000000-0000-0000-0000-000000000000/fare/
Traceback (most recent call last):
  File "C:\Users\Admin\Desktop\DjangoRESTProject\venv\Lib\site-packages\redis\connection.py", line 389, in connect_check_health
    sock = self.retry.call_with_retry(
        lambda: self._connect(), lambda error: self.disconnect(error)
    )
  File "C:\Users\Admin\Desktop\DjangoRESTProject\venv\Lib\site-packages\redis\retry.py", line 105, in call_with_retry
    return do()
  File "C:\Users\Admin\Desktop\DjangoRESTProject\venv\Lib\site-packages\redis\connection.py", line 390, in <lambda>
    lambda: self._connect(), lambda error: self.disconnect(error)
            ~~~~~~~~~~~~~^^
  File "C:\Users\Admin\Desktop\DjangoRESTProject\venv\Lib\site-packages\redis\connection.py", line 803, in _connect
    raise err
  File "C:\Users\Admin\Desktop\DjangoRESTProject\venv\Lib\site-packages\redis\connection.py", line 787, in _connect
    sock.connect(socket_address)
    ~~~~~~~~~~~~^^^^^^^^^^^^^^^^
ConnectionRefusedError: [WinError 10061] No connection could be made because the target machine actively refused it

During handling of the above exception, another exception occurred:

Traceback (most recent call last):
  File "C:\Users\Admin\Desktop\DjangoRESTProject\venv\Lib\site-packages\django\core\handlers\exception.py", line 55, in inner
    response = get_response(request)
  File "C:\Users\Admin\Desktop\DjangoRESTProject\venv\Lib\site-packages\django\core\handlers\base.py", line 198, in _get_response
    response = wrapped_callback(request, *callback_args, **callback_kwargs)
  File "C:\Users\Admin\Desktop\DjangoRESTProject\venv\Lib\site-packages\django\views\decorators\csrf.py", line 65, in _view_wrapper
    return view_func(request, *args, **kwargs)
  File "C:\Users\Admin\Desktop\DjangoRESTProject\venv\Lib\site-packages\rest_framework\viewsets.py", line 125, in view
    return self.dispatch(request, *args, **kwargs)
           ~~~~~~~~~~~~~^^^^^^^^^^^^^^^^^^^^^^^^^^
  File "C:\Users\Admin\Desktop\DjangoRESTProject\venv\Lib\site-packages\rest_framework\views.py", line 515, in dispatch
    response = self.handle_exception(exc)
  File "C:\Users\Admin\Desktop\DjangoRESTProject\venv\Lib\site-packages\rest_framework\views.py", line 475, in handle_exception
    self.raise_uncaught_exception(exc)
    ~~~~~~~~~~~~~~~~~~~~~~~~~~~~~^^^^^
  File "C:\Users\Admin\Desktop\DjangoRESTProject\venv\Lib\site-packages\rest_framework\views.py", line 486, in raise_uncaught_exception
    raise exc
  File "C:\Users\Admin\Desktop\DjangoRESTProject\venv\Lib\site-packages\rest_framework\views.py", line 503, in dispatch
    self.initial(request, *args, **kwargs)
    ~~~~~~~~~~~~^^^^^^^^^^^^^^^^^^^^^^^^^^
  File "C:\Users\Admin\Desktop\DjangoRESTProject\venv\Lib\site-packages\rest_framework\views.py", line 422, in initial
    self.check_throttles(request)
    ~~~~~~~~~~~~~~~~~~~~^^^^^^^^^
  File "C:\Users\Admin\Desktop\DjangoRESTProject\venv\Lib\site-packages\rest_framework\views.py", line 365, in check_throttles
    if not throttle.allow_request(request, self):
           ~~~~~~~~~~~~~~~~~~~~~~^^^^^^^^^^^^^^^
  File "C:\Users\Admin\Desktop\DjangoRESTProject\venv\Lib\site-packages\rest_framework\throttling.py", line 123, in allow_request
    self.history = self.cache.get(self.key, [])
                   ~~~~~~~~~~~~~~^^^^^^^^^^^^^^
  File "C:\Users\Admin\Desktop\DjangoRESTProject\venv\Lib\site-packages\django\core\cache\backends\redis.py", line 188, in get
    return self._cache.get(key, default)
           ~~~~~~~~~~~~~~~^^^^^^^^^^^^^^
  File "C:\Users\Admin\Desktop\DjangoRESTProject\venv\Lib\site-packages\django\core\cache\backends\redis.py", line 100, in get
    value = client.get(key)
  File "C:\Users\Admin\Desktop\DjangoRESTProject\venv\Lib\site-packages\redis\commands\core.py", line 1829, in get
    return self.execute_command("GET", name, keys=[name])
           ~~~~~~~~~~~~~~~~~~~~^^^^^^^^^^^^^^^^^^^^^^^^^^
  File "C:\Users\Admin\Desktop\DjangoRESTProject\venv\Lib\site-packages\redis\client.py", line 621, in execute_command
    return self._execute_command(*args, **options)
           ~~~~~~~~~~~~~~~~~~~~~^^^^^^^^^^^^^^^^^^
  File "C:\Users\Admin\Desktop\DjangoRESTProject\venv\Lib\site-packages\redis\client.py", line 627, in _execute_command
    conn = self.connection or pool.get_connection()
                              ~~~~~~~~~~~~~~~~~~~^^
  File "C:\Users\Admin\Desktop\DjangoRESTProject\venv\Lib\site-packages\redis\utils.py", line 195, in wrapper
    return func(*args, **kwargs)
  File "C:\Users\Admin\Desktop\DjangoRESTProject\venv\Lib\site-packages\redis\connection.py", line 1533, in get_connection
    connection.connect()
    ~~~~~~~~~~~~~~~~~~^^
  File "C:\Users\Admin\Desktop\DjangoRESTProject\venv\Lib\site-packages\redis\connection.py", line 380, in connect
    self.connect_check_health(check_health=True)
    ~~~~~~~~~~~~~~~~~~~~~~~~~^^^^^^^^^^^^^^^^^^^
  File "C:\Users\Admin\Desktop\DjangoRESTProject\venv\Lib\site-packages\redis\connection.py", line 397, in connect_check_health
    raise ConnectionError(self._error_message(e))
redis.exceptions.ConnectionError: Error 10061 connecting to 127.0.0.1:6379. No connection could be made because the target machine actively refused it.
Unauthorized: /api/rides/da7c1678-edff-4c17-a915-98f4655d71fd/fare/
Internal Server Error: /api/drivers/
Traceback (most recent call last):
  File "C:\Users\Admin\Desktop\DjangoRESTProject\venv\Lib\site-packages\redis\connection.py", line 389, in connect_check_health
    sock = self.retry.call_with_retry(
        lambda: self._connect(), lambda error: self.disconnect(error)
    )
  File "C:\Users\Admin\Desktop\DjangoRESTProject\venv\Lib\site-packages\redis\retry.py", line 105, in call_with_retry
    return do()
  File "C:\Users\Admin\Desktop\DjangoRESTProject\venv\Lib\site-packages\redis\connection.py", line 390, in <lambda>
    lambda: self._connect(), lambda error: self.disconnect(error)
            ~~~~~~~~~~~~~^^
  File "C:\Users\Admin\Desktop\DjangoRESTProject\venv\Lib\site-packages\redis\connection.py", line 803, in _connect
    raise err
  File "C:\Users\Admin\Desktop\DjangoRESTProject\venv\Lib\site-packages\redis\connection.py", line 787, in _connect
    sock.connect(socket_address)
    ~~~~~~~~~~~~^^^^^^^^^^^^^^^^
ConnectionRefusedError: [WinError 10061] No connection could be made because the target machine actively refused it

During handling of the above exception, another exception occurred:

Traceback (most recent call last):
  File "C:\Users\Admin\Desktop\DjangoRESTProject\venv\Lib\site-packages\django\core\handlers\exception.py", line 55, in inner
    response = get_response(request)
  File "C:\Users\Admin\Desktop\DjangoRESTProject\venv\Lib\site-packages\django\core\handlers\base.py", line 198, in _get_response
    response = wrapped_callback(request, *callback_args, **callback_kwargs)
  File "C:\Users\Admin\Desktop\DjangoRESTProject\venv\Lib\site-packages\django\views\decorators\csrf.py", line 65, in _view_wrapper
    return view_func(request, *args, **kwargs)
  File "C:\Users\Admin\Desktop\DjangoRESTProject\venv\Lib\site-packages\rest_framework\viewsets.py", line 125, in view
    return self.dispatch(request, *args, **kwargs)
           ~~~~~~~~~~~~~^^^^^^^^^^^^^^^^^^^^^^^^^^
  File "C:\Users\Admin\Desktop\DjangoRESTProject\venv\Lib\site-packages\rest_framework\views.py", line 515, in dispatch
    response = self.handle_exception(exc)
  File "C:\Users\Admin\Desktop\DjangoRESTProject\venv\Lib\site-packages\rest_framework\views.py", line 475, in handle_exception
    self.raise_uncaught_exception(exc)
    ~~~~~~~~~~~~~~~~~~~~~~~~~~~~~^^^^^
  File "C:\Users\Admin\Desktop\DjangoRESTProject\venv\Lib\site-packages\rest_framework\views.py", line 486, in raise_uncaught_exception
    raise exc
  File "C:\Users\Admin\Desktop\DjangoRESTProject\venv\Lib\site-packages\rest_framework\views.py", line 503, in dispatch
    self.initial(request, *args, **kwargs)
    ~~~~~~~~~~~~^^^^^^^^^^^^^^^^^^^^^^^^^^
  File "C:\Users\Admin\Desktop\DjangoRESTProject\venv\Lib\site-packages\rest_framework\views.py", line 422, in initial
    self.check_throttles(request)
    ~~~~~~~~~~~~~~~~~~~~^^^^^^^^^
  File "C:\Users\Admin\Desktop\DjangoRESTProject\venv\Lib\site-packages\rest_framework\views.py", line 365, in check_throttles
    if not throttle.allow_request(request, self):
           ~~~~~~~~~~~~~~~~~~~~~~^^^^^^^^^^^^^^^
  File "C:\Users\Admin\Desktop\DjangoRESTProject\venv\Lib\site-packages\rest_framework\throttling.py", line 123, in allow_request
    self.history = self.cache.get(self.key, [])
                   ~~~~~~~~~~~~~~^^^^^^^^^^^^^^
  File "C:\Users\Admin\Desktop\DjangoRESTProject\venv\Lib\site-packages\django\core\cache\backends\redis.py", line 188, in get
    return self._cache.get(key, default)
           ~~~~~~~~~~~~~~~^^^^^^^^^^^^^^
  File "C:\Users\Admin\Desktop\DjangoRESTProject\venv\Lib\site-packages\django\core\cache\backends\redis.py", line 100, in get
    value = client.get(key)
  File "C:\Users\Admin\Desktop\DjangoRESTProject\venv\Lib\site-packages\redis\commands\core.py", line 1829, in get
    return self.execute_command("GET", name, keys=[name])
           ~~~~~~~~~~~~~~~~~~~~^^^^^^^^^^^^^^^^^^^^^^^^^^
  File "C:\Users\Admin\Desktop\DjangoRESTProject\venv\Lib\site-packages\redis\client.py", line 621, in execute_command
    return self._execute_command(*args, **options)
           ~~~~~~~~~~~~~~~~~~~~~^^^^^^^^^^^^^^^^^^
  File "C:\Users\Admin\Desktop\DjangoRESTProject\venv\Lib\site-packages\redis\client.py", line 627, in _execute_command
    conn = self.connection or pool.get_connection()
                              ~~~~~~~~~~~~~~~~~~~^^
  File "C:\Users\Admin\Desktop\DjangoRESTProject\venv\Lib\site-packages\redis\utils.py", line 195, in wrapper
    return func(*args, **kwargs)
  File "C:\Users\Admin\Desktop\DjangoRESTProject\venv\Lib\site-packages\redis\connection.py", line 1533, in get_connection
    connection.connect()
    ~~~~~~~~~~~~~~~~~~^^
  File "C:\Users\Admin\Desktop\DjangoRESTProject\venv\Lib\site-packages\redis\connection.py", line 380, in connect
    self.connect_check_health(check_health=True)
    ~~~~~~~~~~~~~~~~~~~~~~~~~^^^^^^^^^^^^^^^^^^^
  File "C:\Users\Admin\Desktop\DjangoRESTProject\venv\Lib\site-packages\redis\connection.py", line 397, in connect_check_health
    raise ConnectionError(self._error_message(e))
redis.exceptions.ConnectionError: Error 10061 connecting to 127.0.0.1:6379. No connection could be made because the target machine actively refused it.
Internal Server Error: /api/drivers/
Traceback (most recent call last):
  File "C:\Users\Admin\Desktop\DjangoRESTProject\venv\Lib\site-packages\redis\connection.py", line 389, in connect_check_health
    sock = self.retry.call_with_retry(
        lambda: self._connect(), lambda error: self.disconnect(error)
    )
  File "C:\Users\Admin\Desktop\DjangoRESTProject\venv\Lib\site-packages\redis\retry.py", line 105, in call_with_retry
    return do()
  File "C:\Users\Admin\Desktop\DjangoRESTProject\venv\Lib\site-packages\redis\connection.py", line 390, in <lambda>
    lambda: self._connect(), lambda error: self.disconnect(error)
            ~~~~~~~~~~~~~^^
  File "C:\Users\Admin\Desktop\DjangoRESTProject\venv\Lib\site-packages\redis\connection.py", line 803, in _connect
    raise err
  File "C:\Users\Admin\Desktop\DjangoRESTProject\venv\Lib\site-packages\redis\connection.py", line 787, in _connect
    sock.connect(socket_address)
    ~~~~~~~~~~~~^^^^^^^^^^^^^^^^
ConnectionRefusedError: [WinError 10061] No connection could be made because the target machine actively refused it

During handling of the above exception, another exception occurred:

Traceback (most recent call last):
  File "C:\Users\Admin\Desktop\DjangoRESTProject\venv\Lib\site-packages\django\core\handlers\exception.py", line 55, in inner
    response = get_response(request)
  File "C:\Users\Admin\Desktop\DjangoRESTProject\venv\Lib\site-packages\django\core\handlers\base.py", line 198, in _get_response
    response = wrapped_callback(request, *callback_args, **callback_kwargs)
  File "C:\Users\Admin\Desktop\DjangoRESTProject\venv\Lib\site-packages\django\views\decorators\csrf.py", line 65, in _view_wrapper
    return view_func(request, *args, **kwargs)
  File "C:\Users\Admin\Desktop\DjangoRESTProject\venv\Lib\site-packages\rest_framework\viewsets.py", line 125, in view
    return self.dispatch(request, *args, **kwargs)
           ~~~~~~~~~~~~~^^^^^^^^^^^^^^^^^^^^^^^^^^
  File "C:\Users\Admin\Desktop\DjangoRESTProject\venv\Lib\site-packages\rest_framework\views.py", line 515, in dispatch
    response = self.handle_exception(exc)
  File "C:\Users\Admin\Desktop\DjangoRESTProject\venv\Lib\site-packages\rest_framework\views.py", line 475, in handle_exception
    self.raise_uncaught_exception(exc)
    ~~~~~~~~~~~~~~~~~~~~~~~~~~~~~^^^^^
  File "C:\Users\Admin\Desktop\DjangoRESTProject\venv\Lib\site-packages\rest_framework\views.py", line 486, in raise_uncaught_exception
    raise exc
  File "C:\Users\Admin\Desktop\DjangoRESTProject\venv\Lib\site-packages\rest_framework\views.py", line 503, in dispatch
    self.initial(request, *args, **kwargs)
    ~~~~~~~~~~~~^^^^^^^^^^^^^^^^^^^^^^^^^^
  File "C:\Users\Admin\Desktop\DjangoRESTProject\venv\Lib\site-packages\rest_framework\views.py", line 422, in initial
    self.check_throttles(request)
    ~~~~~~~~~~~~~~~~~~~~^^^^^^^^^
  File "C:\Users\Admin\Desktop\DjangoRESTProject\venv\Lib\site-packages\rest_framework\views.py", line 365, in check_throttles
    if not throttle.allow_request(request, self):
           ~~~~~~~~~~~~~~~~~~~~~~^^^^^^^^^^^^^^^
  File "C:\Users\Admin\Desktop\DjangoRESTProject\venv\Lib\site-packages\rest_framework\throttling.py", line 123, in allow_request
    self.history = self.cache.get(self.key, [])
                   ~~~~~~~~~~~~~~^^^^^^^^^^^^^^
  File "C:\Users\Admin\Desktop\DjangoRESTProject\venv\Lib\site-packages\django\core\cache\backends\redis.py", line 188, in get
    return self._cache.get(key, default)
           ~~~~~~~~~~~~~~~^^^^^^^^^^^^^^
  File "C:\Users\Admin\Desktop\DjangoRESTProject\venv\Lib\site-packages\django\core\cache\backends\redis.py", line 100, in get
    value = client.get(key)
  File "C:\Users\Admin\Desktop\DjangoRESTProject\venv\Lib\site-packages\redis\commands\core.py", line 1829, in get
    return self.execute_command("GET", name, keys=[name])
           ~~~~~~~~~~~~~~~~~~~~^^^^^^^^^^^^^^^^^^^^^^^^^^
  File "C:\Users\Admin\Desktop\DjangoRESTProject\venv\Lib\site-packages\redis\client.py", line 621, in execute_command
    return self._execute_command(*args, **options)
           ~~~~~~~~~~~~~~~~~~~~~^^^^^^^^^^^^^^^^^^
  File "C:\Users\Admin\Desktop\DjangoRESTProject\venv\Lib\site-packages\redis\client.py", line 627, in _execute_command
    conn = self.connection or pool.get_connection()
                              ~~~~~~~~~~~~~~~~~~~^^
  File "C:\Users\Admin\Desktop\DjangoRESTProject\venv\Lib\site-packages\redis\utils.py", line 195, in wrapper
    return func(*args, **kwargs)
  File "C:\Users\Admin\Desktop\DjangoRESTProject\venv\Lib\site-packages\redis\connection.py", line 1533, in get_connection
    connection.connect()
    ~~~~~~~~~~~~~~~~~~^^
  File "C:\Users\Admin\Desktop\DjangoRESTProject\venv\Lib\site-packages\redis\connection.py", line 380, in connect
    self.connect_check_health(check_health=True)
    ~~~~~~~~~~~~~~~~~~~~~~~~~^^^^^^^^^^^^^^^^^^^
  File "C:\Users\Admin\Desktop\DjangoRESTProject\venv\Lib\site-packages\redis\connection.py", line 397, in connect_check_health
    raise ConnectionError(self._error_message(e))
redis.exceptions.ConnectionError: Error 10061 connecting to 127.0.0.1:6379. No connection could be made because the target machine actively refused it.
Unauthorized: /api/drivers/location/
Internal Server Error: /api/rides/aggregations/
Traceback (most recent call last):
  File "C:\Users\Admin\Desktop\DjangoRESTProject\venv\Lib\site-packages\redis\connection.py", line 389, in connect_check_health
    sock = self.retry.call_with_retry(
        lambda: self._connect(), lambda error: self.disconnect(error)
    )
  File "C:\Users\Admin\Desktop\DjangoRESTProject\venv\Lib\site-packages\redis\retry.py", line 105, in call_with_retry
    return do()
  File "C:\Users\Admin\Desktop\DjangoRESTProject\venv\Lib\site-packages\redis\connection.py", line 390, in <lambda>
    lambda: self._connect(), lambda error: self.disconnect(error)
            ~~~~~~~~~~~~~^^
  File "C:\Users\Admin\Desktop\DjangoRESTProject\venv\Lib\site-packages\redis\connection.py", line 803, in _connect
    raise err
  File "C:\Users\Admin\Desktop\DjangoRESTProject\venv\Lib\site-packages\redis\connection.py", line 787, in _connect
    sock.connect(socket_address)
    ~~~~~~~~~~~~^^^^^^^^^^^^^^^^
ConnectionRefusedError: [WinError 10061] No connection could be made because the target machine actively refused it

During handling of the above exception, another exception occurred:

Traceback (most recent call last):
  File "C:\Users\Admin\Desktop\DjangoRESTProject\venv\Lib\site-packages\django\core\handlers\exception.py", line 55, in inner
    response = get_response(request)
  File "C:\Users\Admin\Desktop\DjangoRESTProject\venv\Lib\site-packages\django\core\handlers\base.py", line 198, in _get_response
    response = wrapped_callback(request, *callback_args, **callback_kwargs)
  File "C:\Users\Admin\Desktop\DjangoRESTProject\venv\Lib\site-packages\django\views\decorators\csrf.py", line 65, in _view_wrapper
    return view_func(request, *args, **kwargs)
  File "C:\Users\Admin\Desktop\DjangoRESTProject\venv\Lib\site-packages\django\views\generic\base.py", line 106, in view
    return self.dispatch(request, *args, **kwargs)
           ~~~~~~~~~~~~~^^^^^^^^^^^^^^^^^^^^^^^^^^
  File "C:\Users\Admin\Desktop\DjangoRESTProject\venv\Lib\site-packages\rest_framework\views.py", line 515, in dispatch
    response = self.handle_exception(exc)
  File "C:\Users\Admin\Desktop\DjangoRESTProject\venv\Lib\site-packages\rest_framework\views.py", line 475, in handle_exception
    self.raise_uncaught_exception(exc)
    ~~~~~~~~~~~~~~~~~~~~~~~~~~~~~^^^^^
  File "C:\Users\Admin\Desktop\DjangoRESTProject\venv\Lib\site-packages\rest_framework\views.py", line 486, in raise_uncaught_exception
    raise exc
  File "C:\Users\Admin\Desktop\DjangoRESTProject\venv\Lib\site-packages\rest_framework\views.py", line 503, in dispatch
    self.initial(request, *args, **kwargs)
    ~~~~~~~~~~~~^^^^^^^^^^^^^^^^^^^^^^^^^^
  File "C:\Users\Admin\Desktop\DjangoRESTProject\venv\Lib\site-packages\rest_framework\views.py", line 422, in initial
    self.check_throttles(request)
    ~~~~~~~~~~~~~~~~~~~~^^^^^^^^^
  File "C:\Users\Admin\Desktop\DjangoRESTProject\venv\Lib\site-packages\rest_framework\views.py", line 365, in check_throttles
    if not throttle.allow_request(request, self):
           ~~~~~~~~~~~~~~~~~~~~~~^^^^^^^^^^^^^^^
  File "C:\Users\Admin\Desktop\DjangoRESTProject\venv\Lib\site-packages\rest_framework\throttling.py", line 123, in allow_request
    self.history = self.cache.get(self.key, [])
                   ~~~~~~~~~~~~~~^^^^^^^^^^^^^^
  File "C:\Users\Admin\Desktop\DjangoRESTProject\venv\Lib\site-packages\django\core\cache\backends\redis.py", line 188, in get
    return self._cache.get(key, default)
           ~~~~~~~~~~~~~~~^^^^^^^^^^^^^^
  File "C:\Users\Admin\Desktop\DjangoRESTProject\venv\Lib\site-packages\django\core\cache\backends\redis.py", line 100, in get
    value = client.get(key)
  File "C:\Users\Admin\Desktop\DjangoRESTProject\venv\Lib\site-packages\redis\commands\core.py", line 1829, in get
    return self.execute_command("GET", name, keys=[name])
           ~~~~~~~~~~~~~~~~~~~~^^^^^^^^^^^^^^^^^^^^^^^^^^
  File "C:\Users\Admin\Desktop\DjangoRESTProject\venv\Lib\site-packages\redis\client.py", line 621, in execute_command
    return self._execute_command(*args, **options)
           ~~~~~~~~~~~~~~~~~~~~~^^^^^^^^^^^^^^^^^^
  File "C:\Users\Admin\Desktop\DjangoRESTProject\venv\Lib\site-packages\redis\client.py", line 627, in _execute_command
    conn = self.connection or pool.get_connection()
                              ~~~~~~~~~~~~~~~~~~~^^
  File "C:\Users\Admin\Desktop\DjangoRESTProject\venv\Lib\site-packages\redis\utils.py", line 195, in wrapper
    return func(*args, **kwargs)
  File "C:\Users\Admin\Desktop\DjangoRESTProject\venv\Lib\site-packages\redis\connection.py", line 1533, in get_connection
    connection.connect()
    ~~~~~~~~~~~~~~~~~~^^
  File "C:\Users\Admin\Desktop\DjangoRESTProject\venv\Lib\site-packages\redis\connection.py", line 380, in connect
    self.connect_check_health(check_health=True)
    ~~~~~~~~~~~~~~~~~~~~~~~~~^^^^^^^^^^^^^^^^^^^
  File "C:\Users\Admin\Desktop\DjangoRESTProject\venv\Lib\site-packages\redis\connection.py", line 397, in connect_check_health
    raise ConnectionError(self._error_message(e))
redis.exceptions.ConnectionError: Error 10061 connecting to 127.0.0.1:6379. No connection could be made because the target machine actively refused it.
Unauthorized: /api/rides/aggregations/
Internal Server Error: /api/rides/0598965e-3954-419f-8740-72e57a07be7d/accept/
Traceback (most recent call last):
  File "C:\Users\Admin\Desktop\DjangoRESTProject\venv\Lib\site-packages\redis\connection.py", line 389, in connect_check_health
    sock = self.retry.call_with_retry(
        lambda: self._connect(), lambda error: self.disconnect(error)
    )
  File "C:\Users\Admin\Desktop\DjangoRESTProject\venv\Lib\site-packages\redis\retry.py", line 105, in call_with_retry
    return do()
  File "C:\Users\Admin\Desktop\DjangoRESTProject\venv\Lib\site-packages\redis\connection.py", line 390, in <lambda>
    lambda: self._connect(), lambda error: self.disconnect(error)
            ~~~~~~~~~~~~~^^
  File "C:\Users\Admin\Desktop\DjangoRESTProject\venv\Lib\site-packages\redis\connection.py", line 803, in _connect
    raise err
  File "C:\Users\Admin\Desktop\DjangoRESTProject\venv\Lib\site-packages\redis\connection.py", line 787, in _connect
    sock.connect(socket_address)
    ~~~~~~~~~~~~^^^^^^^^^^^^^^^^
ConnectionRefusedError: [WinError 10061] No connection could be made because the target machine actively refused it

During handling of the above exception, another exception occurred:

Traceback (most recent call last):
  File "C:\Users\Admin\Desktop\DjangoRESTProject\venv\Lib\site-packages\django\core\handlers\exception.py", line 55, in inner
    response = get_response(request)
  File "C:\Users\Admin\Desktop\DjangoRESTProject\venv\Lib\site-packages\django\core\handlers\base.py", line 198, in _get_response
    response = wrapped_callback(request, *callback_args, **callback_kwargs)
  File "C:\Users\Admin\Desktop\DjangoRESTProject\venv\Lib\site-packages\django\views\decorators\csrf.py", line 65, in _view_wrapper
    return view_func(request, *args, **kwargs)
  File "C:\Users\Admin\Desktop\DjangoRESTProject\venv\Lib\site-packages\rest_framework\viewsets.py", line 125, in view
    return self.dispatch(request, *args, **kwargs)
           ~~~~~~~~~~~~~^^^^^^^^^^^^^^^^^^^^^^^^^^
  File "C:\Users\Admin\Desktop\DjangoRESTProject\venv\Lib\site-packages\rest_framework\views.py", line 515, in dispatch
    response = self.handle_exception(exc)
  File "C:\Users\Admin\Desktop\DjangoRESTProject\venv\Lib\site-packages\rest_framework\views.py", line 475, in handle_exception
    self.raise_uncaught_exception(exc)
    ~~~~~~~~~~~~~~~~~~~~~~~~~~~~~^^^^^
  File "C:\Users\Admin\Desktop\DjangoRESTProject\venv\Lib\site-packages\rest_framework\views.py", line 486, in raise_uncaught_exception
    raise exc
  File "C:\Users\Admin\Desktop\DjangoRESTProject\venv\Lib\site-packages\rest_framework\views.py", line 503, in dispatch
    self.initial(request, *args, **kwargs)
    ~~~~~~~~~~~~^^^^^^^^^^^^^^^^^^^^^^^^^^
  File "C:\Users\Admin\Desktop\DjangoRESTProject\venv\Lib\site-packages\rest_framework\views.py", line 422, in initial
    self.check_throttles(request)
    ~~~~~~~~~~~~~~~~~~~~^^^^^^^^^
  File "C:\Users\Admin\Desktop\DjangoRESTProject\venv\Lib\site-packages\rest_framework\views.py", line 365, in check_throttles
    if not throttle.allow_request(request, self):
           ~~~~~~~~~~~~~~~~~~~~~~^^^^^^^^^^^^^^^
  File "C:\Users\Admin\Desktop\DjangoRESTProject\venv\Lib\site-packages\rest_framework\throttling.py", line 123, in allow_request
    self.history = self.cache.get(self.key, [])
                   ~~~~~~~~~~~~~~^^^^^^^^^^^^^^
  File "C:\Users\Admin\Desktop\DjangoRESTProject\venv\Lib\site-packages\django\core\cache\backends\redis.py", line 188, in get
    return self._cache.get(key, default)
           ~~~~~~~~~~~~~~~^^^^^^^^^^^^^^
  File "C:\Users\Admin\Desktop\DjangoRESTProject\venv\Lib\site-packages\django\core\cache\backends\redis.py", line 100, in get
    value = client.get(key)
  File "C:\Users\Admin\Desktop\DjangoRESTProject\venv\Lib\site-packages\redis\commands\core.py", line 1829, in get
    return self.execute_command("GET", name, keys=[name])
           ~~~~~~~~~~~~~~~~~~~~^^^^^^^^^^^^^^^^^^^^^^^^^^
  File "C:\Users\Admin\Desktop\DjangoRESTProject\venv\Lib\site-packages\redis\client.py", line 621, in execute_command
    return self._execute_command(*args, **options)
           ~~~~~~~~~~~~~~~~~~~~~^^^^^^^^^^^^^^^^^^
  File "C:\Users\Admin\Desktop\DjangoRESTProject\venv\Lib\site-packages\redis\client.py", line 627, in _execute_command
    conn = self.connection or pool.get_connection()
                              ~~~~~~~~~~~~~~~~~~~^^
  File "C:\Users\Admin\Desktop\DjangoRESTProject\venv\Lib\site-packages\redis\utils.py", line 195, in wrapper
    return func(*args, **kwargs)
  File "C:\Users\Admin\Desktop\DjangoRESTProject\venv\Lib\site-packages\redis\connection.py", line 1533, in get_connection
    connection.connect()
    ~~~~~~~~~~~~~~~~~~^^
  File "C:\Users\Admin\Desktop\DjangoRESTProject\venv\Lib\site-packages\redis\connection.py", line 380, in connect
    self.connect_check_health(check_health=True)
    ~~~~~~~~~~~~~~~~~~~~~~~~~^^^^^^^^^^^^^^^^^^^
  File "C:\Users\Admin\Desktop\DjangoRESTProject\venv\Lib\site-packages\redis\connection.py", line 397, in connect_check_health
    raise ConnectionError(self._error_message(e))
redis.exceptions.ConnectionError: Error 10061 connecting to 127.0.0.1:6379. No connection could be made because the target machine actively refused it.
Internal Server Error: /api/rides/0aa613d3-a526-4bc1-9230-c46d1e535ae6/accept/
Traceback (most recent call last):
  File "C:\Users\Admin\Desktop\DjangoRESTProject\venv\Lib\site-packages\redis\connection.py", line 389, in connect_check_health
    sock = self.retry.call_with_retry(
        lambda: self._connect(), lambda error: self.disconnect(error)
    )
  File "C:\Users\Admin\Desktop\DjangoRESTProject\venv\Lib\site-packages\redis\retry.py", line 105, in call_with_retry
    return do()
  File "C:\Users\Admin\Desktop\DjangoRESTProject\venv\Lib\site-packages\redis\connection.py", line 390, in <lambda>
    lambda: self._connect(), lambda error: self.disconnect(error)
            ~~~~~~~~~~~~~^^
  File "C:\Users\Admin\Desktop\DjangoRESTProject\venv\Lib\site-packages\redis\connection.py", line 803, in _connect
    raise err
  File "C:\Users\Admin\Desktop\DjangoRESTProject\venv\Lib\site-packages\redis\connection.py", line 787, in _connect
    sock.connect(socket_address)
    ~~~~~~~~~~~~^^^^^^^^^^^^^^^^
ConnectionRefusedError: [WinError 10061] No connection could be made because the target machine actively refused it

During handling of the above exception, another exception occurred:

Traceback (most recent call last):
  File "C:\Users\Admin\Desktop\DjangoRESTProject\venv\Lib\site-packages\django\core\handlers\exception.py", line 55, in inner
    response = get_response(request)
  File "C:\Users\Admin\Desktop\DjangoRESTProject\venv\Lib\site-packages\django\core\handlers\base.py", line 198, in _get_response
    response = wrapped_callback(request, *callback_args, **callback_kwargs)
  File "C:\Users\Admin\Desktop\DjangoRESTProject\venv\Lib\site-packages\django\views\decorators\csrf.py", line 65, in _view_wrapper
    return view_func(request, *args, **kwargs)
  File "C:\Users\Admin\Desktop\DjangoRESTProject\venv\Lib\site-packages\rest_framework\viewsets.py", line 125, in view
    return self.dispatch(request, *args, **kwargs)
           ~~~~~~~~~~~~~^^^^^^^^^^^^^^^^^^^^^^^^^^
  File "C:\Users\Admin\Desktop\DjangoRESTProject\venv\Lib\site-packages\rest_framework\views.py", line 515, in dispatch
    response = self.handle_exception(exc)
  File "C:\Users\Admin\Desktop\DjangoRESTProject\venv\Lib\site-packages\rest_framework\views.py", line 475, in handle_exception
    self.raise_uncaught_exception(exc)
    ~~~~~~~~~~~~~~~~~~~~~~~~~~~~~^^^^^
  File "C:\Users\Admin\Desktop\DjangoRESTProject\venv\Lib\site-packages\rest_framework\views.py", line 486, in raise_uncaught_exception
    raise exc
  File "C:\Users\Admin\Desktop\DjangoRESTProject\venv\Lib\site-packages\rest_framework\views.py", line 503, in dispatch
    self.initial(request, *args, **kwargs)
    ~~~~~~~~~~~~^^^^^^^^^^^^^^^^^^^^^^^^^^
  File "C:\Users\Admin\Desktop\DjangoRESTProject\venv\Lib\site-packages\rest_framework\views.py", line 422, in initial
    self.check_throttles(request)
    ~~~~~~~~~~~~~~~~~~~~^^^^^^^^^
  File "C:\Users\Admin\Desktop\DjangoRESTProject\venv\Lib\site-packages\rest_framework\views.py", line 365, in check_throttles
    if not throttle.allow_request(request, self):
           ~~~~~~~~~~~~~~~~~~~~~~^^^^^^^^^^^^^^^
  File "C:\Users\Admin\Desktop\DjangoRESTProject\venv\Lib\site-packages\rest_framework\throttling.py", line 123, in allow_request
    self.history = self.cache.get(self.key, [])
                   ~~~~~~~~~~~~~~^^^^^^^^^^^^^^
  File "C:\Users\Admin\Desktop\DjangoRESTProject\venv\Lib\site-packages\django\core\cache\backends\redis.py", line 188, in get
    return self._cache.get(key, default)
           ~~~~~~~~~~~~~~~^^^^^^^^^^^^^^
  File "C:\Users\Admin\Desktop\DjangoRESTProject\venv\Lib\site-packages\django\core\cache\backends\redis.py", line 100, in get
    value = client.get(key)
  File "C:\Users\Admin\Desktop\DjangoRESTProject\venv\Lib\site-packages\redis\commands\core.py", line 1829, in get
    return self.execute_command("GET", name, keys=[name])
           ~~~~~~~~~~~~~~~~~~~~^^^^^^^^^^^^^^^^^^^^^^^^^^
  File "C:\Users\Admin\Desktop\DjangoRESTProject\venv\Lib\site-packages\redis\client.py", line 621, in execute_command
    return self._execute_command(*args, **options)
           ~~~~~~~~~~~~~~~~~~~~~^^^^^^^^^^^^^^^^^^
  File "C:\Users\Admin\Desktop\DjangoRESTProject\venv\Lib\site-packages\redis\client.py", line 627, in _execute_command
    conn = self.connection or pool.get_connection()
                              ~~~~~~~~~~~~~~~~~~~^^
  File "C:\Users\Admin\Desktop\DjangoRESTProject\venv\Lib\site-packages\redis\utils.py", line 195, in wrapper
    return func(*args, **kwargs)
  File "C:\Users\Admin\Desktop\DjangoRESTProject\venv\Lib\site-packages\redis\connection.py", line 1533, in get_connection
    connection.connect()
    ~~~~~~~~~~~~~~~~~~^^
  File "C:\Users\Admin\Desktop\DjangoRESTProject\venv\Lib\site-packages\redis\connection.py", line 380, in connect
    self.connect_check_health(check_health=True)
    ~~~~~~~~~~~~~~~~~~~~~~~~~^^^^^^^^^^^^^^^^^^^
  File "C:\Users\Admin\Desktop\DjangoRESTProject\venv\Lib\site-packages\redis\connection.py", line 397, in connect_check_health
    raise ConnectionError(self._error_message(e))
redis.exceptions.ConnectionError: Error 10061 connecting to 127.0.0.1:6379. No connection could be made because the target machine actively refused it.
Internal Server Error: /api/rides/18882a01-ac24-4c25-aefe-e3bd0dbb9dbf/cancel/
Traceback (most recent call last):
  File "C:\Users\Admin\Desktop\DjangoRESTProject\venv\Lib\site-packages\redis\connection.py", line 389, in connect_check_health
    sock = self.retry.call_with_retry(
        lambda: self._connect(), lambda error: self.disconnect(error)
    )
  File "C:\Users\Admin\Desktop\DjangoRESTProject\venv\Lib\site-packages\redis\retry.py", line 105, in call_with_retry
    return do()
  File "C:\Users\Admin\Desktop\DjangoRESTProject\venv\Lib\site-packages\redis\connection.py", line 390, in <lambda>
    lambda: self._connect(), lambda error: self.disconnect(error)
            ~~~~~~~~~~~~~^^
  File "C:\Users\Admin\Desktop\DjangoRESTProject\venv\Lib\site-packages\redis\connection.py", line 803, in _connect
    raise err
  File "C:\Users\Admin\Desktop\DjangoRESTProject\venv\Lib\site-packages\redis\connection.py", line 787, in _connect
    sock.connect(socket_address)
    ~~~~~~~~~~~~^^^^^^^^^^^^^^^^
ConnectionRefusedError: [WinError 10061] No connection could be made because the target machine actively refused it

During handling of the above exception, another exception occurred:

Traceback (most recent call last):
  File "C:\Users\Admin\Desktop\DjangoRESTProject\venv\Lib\site-packages\django\core\handlers\exception.py", line 55, in inner
    response = get_response(request)
  File "C:\Users\Admin\Desktop\DjangoRESTProject\venv\Lib\site-packages\django\core\handlers\base.py", line 198, in _get_response
    response = wrapped_callback(request, *callback_args, **callback_kwargs)
  File "C:\Users\Admin\Desktop\DjangoRESTProject\venv\Lib\site-packages\django\views\decorators\csrf.py", line 65, in _view_wrapper
    return view_func(request, *args, **kwargs)
  File "C:\Users\Admin\Desktop\DjangoRESTProject\venv\Lib\site-packages\rest_framework\viewsets.py", line 125, in view
    return self.dispatch(request, *args, **kwargs)
           ~~~~~~~~~~~~~^^^^^^^^^^^^^^^^^^^^^^^^^^
  File "C:\Users\Admin\Desktop\DjangoRESTProject\venv\Lib\site-packages\rest_framework\views.py", line 515, in dispatch
    response = self.handle_exception(exc)
  File "C:\Users\Admin\Desktop\DjangoRESTProject\venv\Lib\site-packages\rest_framework\views.py", line 475, in handle_exception
    self.raise_uncaught_exception(exc)
    ~~~~~~~~~~~~~~~~~~~~~~~~~~~~~^^^^^
  File "C:\Users\Admin\Desktop\DjangoRESTProject\venv\Lib\site-packages\rest_framework\views.py", line 486, in raise_uncaught_exception
    raise exc
  File "C:\Users\Admin\Desktop\DjangoRESTProject\venv\Lib\site-packages\rest_framework\views.py", line 503, in dispatch
    self.initial(request, *args, **kwargs)
    ~~~~~~~~~~~~^^^^^^^^^^^^^^^^^^^^^^^^^^
  File "C:\Users\Admin\Desktop\DjangoRESTProject\venv\Lib\site-packages\rest_framework\views.py", line 422, in initial
    self.check_throttles(request)
    ~~~~~~~~~~~~~~~~~~~~^^^^^^^^^
  File "C:\Users\Admin\Desktop\DjangoRESTProject\venv\Lib\site-packages\rest_framework\views.py", line 365, in check_throttles
    if not throttle.allow_request(request, self):
           ~~~~~~~~~~~~~~~~~~~~~~^^^^^^^^^^^^^^^
  File "C:\Users\Admin\Desktop\DjangoRESTProject\venv\Lib\site-packages\rest_framework\throttling.py", line 123, in allow_request
    self.history = self.cache.get(self.key, [])
                   ~~~~~~~~~~~~~~^^^^^^^^^^^^^^
  File "C:\Users\Admin\Desktop\DjangoRESTProject\venv\Lib\site-packages\django\core\cache\backends\redis.py", line 188, in get
    return self._cache.get(key, default)
           ~~~~~~~~~~~~~~~^^^^^^^^^^^^^^
  File "C:\Users\Admin\Desktop\DjangoRESTProject\venv\Lib\site-packages\django\core\cache\backends\redis.py", line 100, in get
    value = client.get(key)
  File "C:\Users\Admin\Desktop\DjangoRESTProject\venv\Lib\site-packages\redis\commands\core.py", line 1829, in get
    return self.execute_command("GET", name, keys=[name])
           ~~~~~~~~~~~~~~~~~~~~^^^^^^^^^^^^^^^^^^^^^^^^^^
  File "C:\Users\Admin\Desktop\DjangoRESTProject\venv\Lib\site-packages\redis\client.py", line 621, in execute_command
    return self._execute_command(*args, **options)
           ~~~~~~~~~~~~~~~~~~~~~^^^^^^^^^^^^^^^^^^
  File "C:\Users\Admin\Desktop\DjangoRESTProject\venv\Lib\site-packages\redis\client.py", line 627, in _execute_command
    conn = self.connection or pool.get_connection()
                              ~~~~~~~~~~~~~~~~~~~^^
  File "C:\Users\Admin\Desktop\DjangoRESTProject\venv\Lib\site-packages\redis\utils.py", line 195, in wrapper
    return func(*args, **kwargs)
  File "C:\Users\Admin\Desktop\DjangoRESTProject\venv\Lib\site-packages\redis\connection.py", line 1533, in get_connection
    connection.connect()
    ~~~~~~~~~~~~~~~~~~^^
  File "C:\Users\Admin\Desktop\DjangoRESTProject\venv\Lib\site-packages\redis\connection.py", line 380, in connect
    self.connect_check_health(check_health=True)
    ~~~~~~~~~~~~~~~~~~~~~~~~~^^^^^^^^^^^^^^^^^^^
  File "C:\Users\Admin\Desktop\DjangoRESTProject\venv\Lib\site-packages\redis\connection.py", line 397, in connect_check_health
    raise ConnectionError(self._error_message(e))
redis.exceptions.ConnectionError: Error 10061 connecting to 127.0.0.1:6379. No connection could be made because the target machine actively refused it.
Internal Server Error: /api/rides/885bf5f3-5d2e-43e2-8906-ff82e5881d35/accept/
Traceback (most recent call last):
  File "C:\Users\Admin\Desktop\DjangoRESTProject\venv\Lib\site-packages\redis\connection.py", line 389, in connect_check_health
    sock = self.retry.call_with_retry(
        lambda: self._connect(), lambda error: self.disconnect(error)
    )
  File "C:\Users\Admin\Desktop\DjangoRESTProject\venv\Lib\site-packages\redis\retry.py", line 105, in call_with_retry
    return do()
  File "C:\Users\Admin\Desktop\DjangoRESTProject\venv\Lib\site-packages\redis\connection.py", line 390, in <lambda>
    lambda: self._connect(), lambda error: self.disconnect(error)
            ~~~~~~~~~~~~~^^
  File "C:\Users\Admin\Desktop\DjangoRESTProject\venv\Lib\site-packages\redis\connection.py", line 803, in _connect
    raise err
  File "C:\Users\Admin\Desktop\DjangoRESTProject\venv\Lib\site-packages\redis\connection.py", line 787, in _connect
    sock.connect(socket_address)
    ~~~~~~~~~~~~^^^^^^^^^^^^^^^^
ConnectionRefusedError: [WinError 10061] No connection could be made because the target machine actively refused it

During handling of the above exception, another exception occurred:

Traceback (most recent call last):
  File "C:\Users\Admin\Desktop\DjangoRESTProject\venv\Lib\site-packages\django\core\handlers\exception.py", line 55, in inner
    response = get_response(request)
  File "C:\Users\Admin\Desktop\DjangoRESTProject\venv\Lib\site-packages\django\core\handlers\base.py", line 198, in _get_response
    response = wrapped_callback(request, *callback_args, **callback_kwargs)
  File "C:\Users\Admin\Desktop\DjangoRESTProject\venv\Lib\site-packages\django\views\decorators\csrf.py", line 65, in _view_wrapper
    return view_func(request, *args, **kwargs)
  File "C:\Users\Admin\Desktop\DjangoRESTProject\venv\Lib\site-packages\rest_framework\viewsets.py", line 125, in view
    return self.dispatch(request, *args, **kwargs)
           ~~~~~~~~~~~~~^^^^^^^^^^^^^^^^^^^^^^^^^^
  File "C:\Users\Admin\Desktop\DjangoRESTProject\venv\Lib\site-packages\rest_framework\views.py", line 515, in dispatch
    response = self.handle_exception(exc)
  File "C:\Users\Admin\Desktop\DjangoRESTProject\venv\Lib\site-packages\rest_framework\views.py", line 475, in handle_exception
    self.raise_uncaught_exception(exc)
    ~~~~~~~~~~~~~~~~~~~~~~~~~~~~~^^^^^
  File "C:\Users\Admin\Desktop\DjangoRESTProject\venv\Lib\site-packages\rest_framework\views.py", line 486, in raise_uncaught_exception
    raise exc
  File "C:\Users\Admin\Desktop\DjangoRESTProject\venv\Lib\site-packages\rest_framework\views.py", line 503, in dispatch
    self.initial(request, *args, **kwargs)
    ~~~~~~~~~~~~^^^^^^^^^^^^^^^^^^^^^^^^^^
  File "C:\Users\Admin\Desktop\DjangoRESTProject\venv\Lib\site-packages\rest_framework\views.py", line 422, in initial
    self.check_throttles(request)
    ~~~~~~~~~~~~~~~~~~~~^^^^^^^^^
  File "C:\Users\Admin\Desktop\DjangoRESTProject\venv\Lib\site-packages\rest_framework\views.py", line 365, in check_throttles
    if not throttle.allow_request(request, self):
           ~~~~~~~~~~~~~~~~~~~~~~^^^^^^^^^^^^^^^
  File "C:\Users\Admin\Desktop\DjangoRESTProject\venv\Lib\site-packages\rest_framework\throttling.py", line 123, in allow_request
    self.history = self.cache.get(self.key, [])
                   ~~~~~~~~~~~~~~^^^^^^^^^^^^^^
  File "C:\Users\Admin\Desktop\DjangoRESTProject\venv\Lib\site-packages\django\core\cache\backends\redis.py", line 188, in get
    return self._cache.get(key, default)
           ~~~~~~~~~~~~~~~^^^^^^^^^^^^^^
  File "C:\Users\Admin\Desktop\DjangoRESTProject\venv\Lib\site-packages\django\core\cache\backends\redis.py", line 100, in get
    value = client.get(key)
  File "C:\Users\Admin\Desktop\DjangoRESTProject\venv\Lib\site-packages\redis\commands\core.py", line 1829, in get
    return self.execute_command("GET", name, keys=[name])
           ~~~~~~~~~~~~~~~~~~~~^^^^^^^^^^^^^^^^^^^^^^^^^^
  File "C:\Users\Admin\Desktop\DjangoRESTProject\venv\Lib\site-packages\redis\client.py", line 621, in execute_command
    return self._execute_command(*args, **options)
           ~~~~~~~~~~~~~~~~~~~~~^^^^^^^^^^^^^^^^^^
  File "C:\Users\Admin\Desktop\DjangoRESTProject\venv\Lib\site-packages\redis\client.py", line 627, in _execute_command
    conn = self.connection or pool.get_connection()
                              ~~~~~~~~~~~~~~~~~~~^^
  File "C:\Users\Admin\Desktop\DjangoRESTProject\venv\Lib\site-packages\redis\utils.py", line 195, in wrapper
    return func(*args, **kwargs)
  File "C:\Users\Admin\Desktop\DjangoRESTProject\venv\Lib\site-packages\redis\connection.py", line 1533, in get_connection
    connection.connect()
    ~~~~~~~~~~~~~~~~~~^^
  File "C:\Users\Admin\Desktop\DjangoRESTProject\venv\Lib\site-packages\redis\connection.py", line 380, in connect
    self.connect_check_health(check_health=True)
    ~~~~~~~~~~~~~~~~~~~~~~~~~^^^^^^^^^^^^^^^^^^^
  File "C:\Users\Admin\Desktop\DjangoRESTProject\venv\Lib\site-packages\redis\connection.py", line 397, in connect_check_health
    raise ConnectionError(self._error_message(e))
redis.exceptions.ConnectionError: Error 10061 connecting to 127.0.0.1:6379. No connection could be made because the target machine actively refused it.
Internal Server Error: /api/rides/history/
Traceback (most recent call last):
  File "C:\Users\Admin\Desktop\DjangoRESTProject\venv\Lib\site-packages\redis\connection.py", line 389, in connect_check_health
    sock = self.retry.call_with_retry(
        lambda: self._connect(), lambda error: self.disconnect(error)
    )
  File "C:\Users\Admin\Desktop\DjangoRESTProject\venv\Lib\site-packages\redis\retry.py", line 105, in call_with_retry
    return do()
  File "C:\Users\Admin\Desktop\DjangoRESTProject\venv\Lib\site-packages\redis\connection.py", line 390, in <lambda>
    lambda: self._connect(), lambda error: self.disconnect(error)
            ~~~~~~~~~~~~~^^
  File "C:\Users\Admin\Desktop\DjangoRESTProject\venv\Lib\site-packages\redis\connection.py", line 803, in _connect
    raise err
  File "C:\Users\Admin\Desktop\DjangoRESTProject\venv\Lib\site-packages\redis\connection.py", line 787, in _connect
    sock.connect(socket_address)
    ~~~~~~~~~~~~^^^^^^^^^^^^^^^^
ConnectionRefusedError: [WinError 10061] No connection could be made because the target machine actively refused it

During handling of the above exception, another exception occurred:

Traceback (most recent call last):
  File "C:\Users\Admin\Desktop\DjangoRESTProject\venv\Lib\site-packages\django\core\handlers\exception.py", line 55, in inner
    response = get_response(request)
  File "C:\Users\Admin\Desktop\DjangoRESTProject\venv\Lib\site-packages\django\core\handlers\base.py", line 198, in _get_response
    response = wrapped_callback(request, *callback_args, **callback_kwargs)
  File "C:\Users\Admin\Desktop\DjangoRESTProject\venv\Lib\site-packages\django\views\decorators\csrf.py", line 65, in _view_wrapper
    return view_func(request, *args, **kwargs)
  File "C:\Users\Admin\Desktop\DjangoRESTProject\venv\Lib\site-packages\django\views\generic\base.py", line 106, in view
    return self.dispatch(request, *args, **kwargs)
           ~~~~~~~~~~~~~^^^^^^^^^^^^^^^^^^^^^^^^^^
  File "C:\Users\Admin\Desktop\DjangoRESTProject\venv\Lib\site-packages\rest_framework\views.py", line 515, in dispatch
    response = self.handle_exception(exc)
  File "C:\Users\Admin\Desktop\DjangoRESTProject\venv\Lib\site-packages\rest_framework\views.py", line 475, in handle_exception
    self.raise_uncaught_exception(exc)
    ~~~~~~~~~~~~~~~~~~~~~~~~~~~~~^^^^^
  File "C:\Users\Admin\Desktop\DjangoRESTProject\venv\Lib\site-packages\rest_framework\views.py", line 486, in raise_uncaught_exception
    raise exc
  File "C:\Users\Admin\Desktop\DjangoRESTProject\venv\Lib\site-packages\rest_framework\views.py", line 503, in dispatch
    self.initial(request, *args, **kwargs)
    ~~~~~~~~~~~~^^^^^^^^^^^^^^^^^^^^^^^^^^
  File "C:\Users\Admin\Desktop\DjangoRESTProject\venv\Lib\site-packages\rest_framework\views.py", line 422, in initial
    self.check_throttles(request)
    ~~~~~~~~~~~~~~~~~~~~^^^^^^^^^
  File "C:\Users\Admin\Desktop\DjangoRESTProject\venv\Lib\site-packages\rest_framework\views.py", line 365, in check_throttles
    if not throttle.allow_request(request, self):
           ~~~~~~~~~~~~~~~~~~~~~~^^^^^^^^^^^^^^^
  File "C:\Users\Admin\Desktop\DjangoRESTProject\venv\Lib\site-packages\rest_framework\throttling.py", line 123, in allow_request
    self.history = self.cache.get(self.key, [])
                   ~~~~~~~~~~~~~~^^^^^^^^^^^^^^
  File "C:\Users\Admin\Desktop\DjangoRESTProject\venv\Lib\site-packages\django\core\cache\backends\redis.py", line 188, in get
    return self._cache.get(key, default)
           ~~~~~~~~~~~~~~~^^^^^^^^^^^^^^
  File "C:\Users\Admin\Desktop\DjangoRESTProject\venv\Lib\site-packages\django\core\cache\backends\redis.py", line 100, in get
    value = client.get(key)
  File "C:\Users\Admin\Desktop\DjangoRESTProject\venv\Lib\site-packages\redis\commands\core.py", line 1829, in get
    return self.execute_command("GET", name, keys=[name])
           ~~~~~~~~~~~~~~~~~~~~^^^^^^^^^^^^^^^^^^^^^^^^^^
  File "C:\Users\Admin\Desktop\DjangoRESTProject\venv\Lib\site-packages\redis\client.py", line 621, in execute_command
    return self._execute_command(*args, **options)
           ~~~~~~~~~~~~~~~~~~~~~^^^^^^^^^^^^^^^^^^
  File "C:\Users\Admin\Desktop\DjangoRESTProject\venv\Lib\site-packages\redis\client.py", line 627, in _execute_command
    conn = self.connection or pool.get_connection()
                              ~~~~~~~~~~~~~~~~~~~^^
  File "C:\Users\Admin\Desktop\DjangoRESTProject\venv\Lib\site-packages\redis\utils.py", line 195, in wrapper
    return func(*args, **kwargs)
  File "C:\Users\Admin\Desktop\DjangoRESTProject\venv\Lib\site-packages\redis\connection.py", line 1533, in get_connection
    connection.connect()
    ~~~~~~~~~~~~~~~~~~^^
  File "C:\Users\Admin\Desktop\DjangoRESTProject\venv\Lib\site-packages\redis\connection.py", line 380, in connect
    self.connect_check_health(check_health=True)
    ~~~~~~~~~~~~~~~~~~~~~~~~~^^^^^^^^^^^^^^^^^^^
  File "C:\Users\Admin\Desktop\DjangoRESTProject\venv\Lib\site-packages\redis\connection.py", line 397, in connect_check_health
    raise ConnectionError(self._error_message(e))
redis.exceptions.ConnectionError: Error 10061 connecting to 127.0.0.1:6379. No connection could be made because the target machine actively refused it.
Internal Server Error: /api/rides/history/
Traceback (most recent call last):
  File "C:\Users\Admin\Desktop\DjangoRESTProject\venv\Lib\site-packages\redis\connection.py", line 389, in connect_check_health
    sock = self.retry.call_with_retry(
        lambda: self._connect(), lambda error: self.disconnect(error)
    )
  File "C:\Users\Admin\Desktop\DjangoRESTProject\venv\Lib\site-packages\redis\retry.py", line 105, in call_with_retry
    return do()
  File "C:\Users\Admin\Desktop\DjangoRESTProject\venv\Lib\site-packages\redis\connection.py", line 390, in <lambda>
    lambda: self._connect(), lambda error: self.disconnect(error)
            ~~~~~~~~~~~~~^^
  File "C:\Users\Admin\Desktop\DjangoRESTProject\venv\Lib\site-packages\redis\connection.py", line 803, in _connect
    raise err
  File "C:\Users\Admin\Desktop\DjangoRESTProject\venv\Lib\site-packages\redis\connection.py", line 787, in _connect
    sock.connect(socket_address)
    ~~~~~~~~~~~~^^^^^^^^^^^^^^^^
ConnectionRefusedError: [WinError 10061] No connection could be made because the target machine actively refused it

During handling of the above exception, another exception occurred:

Traceback (most recent call last):
  File "C:\Users\Admin\Desktop\DjangoRESTProject\venv\Lib\site-packages\django\core\handlers\exception.py", line 55, in inner
    response = get_response(request)
  File "C:\Users\Admin\Desktop\DjangoRESTProject\venv\Lib\site-packages\django\core\handlers\base.py", line 198, in _get_response
    response = wrapped_callback(request, *callback_args, **callback_kwargs)
  File "C:\Users\Admin\Desktop\DjangoRESTProject\venv\Lib\site-packages\django\views\decorators\csrf.py", line 65, in _view_wrapper
    return view_func(request, *args, **kwargs)
  File "C:\Users\Admin\Desktop\DjangoRESTProject\venv\Lib\site-packages\django\views\generic\base.py", line 106, in view
    return self.dispatch(request, *args, **kwargs)
           ~~~~~~~~~~~~~^^^^^^^^^^^^^^^^^^^^^^^^^^
  File "C:\Users\Admin\Desktop\DjangoRESTProject\venv\Lib\site-packages\rest_framework\views.py", line 515, in dispatch
    response = self.handle_exception(exc)
  File "C:\Users\Admin\Desktop\DjangoRESTProject\venv\Lib\site-packages\rest_framework\views.py", line 475, in handle_exception
    self.raise_uncaught_exception(exc)
    ~~~~~~~~~~~~~~~~~~~~~~~~~~~~~^^^^^
  File "C:\Users\Admin\Desktop\DjangoRESTProject\venv\Lib\site-packages\rest_framework\views.py", line 486, in raise_uncaught_exception
    raise exc
  File "C:\Users\Admin\Desktop\DjangoRESTProject\venv\Lib\site-packages\rest_framework\views.py", line 503, in dispatch
    self.initial(request, *args, **kwargs)
    ~~~~~~~~~~~~^^^^^^^^^^^^^^^^^^^^^^^^^^
  File "C:\Users\Admin\Desktop\DjangoRESTProject\venv\Lib\site-packages\rest_framework\views.py", line 422, in initial
    self.check_throttles(request)
    ~~~~~~~~~~~~~~~~~~~~^^^^^^^^^
  File "C:\Users\Admin\Desktop\DjangoRESTProject\venv\Lib\site-packages\rest_framework\views.py", line 365, in check_throttles
    if not throttle.allow_request(request, self):
           ~~~~~~~~~~~~~~~~~~~~~~^^^^^^^^^^^^^^^
  File "C:\Users\Admin\Desktop\DjangoRESTProject\venv\Lib\site-packages\rest_framework\throttling.py", line 123, in allow_request
    self.history = self.cache.get(self.key, [])
                   ~~~~~~~~~~~~~~^^^^^^^^^^^^^^
  File "C:\Users\Admin\Desktop\DjangoRESTProject\venv\Lib\site-packages\django\core\cache\backends\redis.py", line 188, in get
    return self._cache.get(key, default)
           ~~~~~~~~~~~~~~~^^^^^^^^^^^^^^
  File "C:\Users\Admin\Desktop\DjangoRESTProject\venv\Lib\site-packages\django\core\cache\backends\redis.py", line 100, in get
    value = client.get(key)
  File "C:\Users\Admin\Desktop\DjangoRESTProject\venv\Lib\site-packages\redis\commands\core.py", line 1829, in get
    return self.execute_command("GET", name, keys=[name])
           ~~~~~~~~~~~~~~~~~~~~^^^^^^^^^^^^^^^^^^^^^^^^^^
  File "C:\Users\Admin\Desktop\DjangoRESTProject\venv\Lib\site-packages\redis\client.py", line 621, in execute_command
    return self._execute_command(*args, **options)
           ~~~~~~~~~~~~~~~~~~~~~^^^^^^^^^^^^^^^^^^
  File "C:\Users\Admin\Desktop\DjangoRESTProject\venv\Lib\site-packages\redis\client.py", line 627, in _execute_command
    conn = self.connection or pool.get_connection()
                              ~~~~~~~~~~~~~~~~~~~^^
  File "C:\Users\Admin\Desktop\DjangoRESTProject\venv\Lib\site-packages\redis\utils.py", line 195, in wrapper
    return func(*args, **kwargs)
  File "C:\Users\Admin\Desktop\DjangoRESTProject\venv\Lib\site-packages\redis\connection.py", line 1533, in get_connection
    connection.connect()
    ~~~~~~~~~~~~~~~~~~^^
  File "C:\Users\Admin\Desktop\DjangoRESTProject\venv\Lib\site-packages\redis\connection.py", line 380, in connect
    self.connect_check_health(check_health=True)
    ~~~~~~~~~~~~~~~~~~~~~~~~~^^^^^^^^^^^^^^^^^^^
  File "C:\Users\Admin\Desktop\DjangoRESTProject\venv\Lib\site-packages\redis\connection.py", line 397, in connect_check_health
    raise ConnectionError(self._error_message(e))
redis.exceptions.ConnectionError: Error 10061 connecting to 127.0.0.1:6379. No connection could be made because the target machine actively refused it.
Internal Server Error: /api/rides/history/
Traceback (most recent call last):
  File "C:\Users\Admin\Desktop\DjangoRESTProject\venv\Lib\site-packages\redis\connection.py", line 389, in connect_check_health
    sock = self.retry.call_with_retry(
        lambda: self._connect(), lambda error: self.disconnect(error)
    )
  File "C:\Users\Admin\Desktop\DjangoRESTProject\venv\Lib\site-packages\redis\retry.py", line 105, in call_with_retry
    return do()
  File "C:\Users\Admin\Desktop\DjangoRESTProject\venv\Lib\site-packages\redis\connection.py", line 390, in <lambda>
    lambda: self._connect(), lambda error: self.disconnect(error)
            ~~~~~~~~~~~~~^^
  File "C:\Users\Admin\Desktop\DjangoRESTProject\venv\Lib\site-packages\redis\connection.py", line 803, in _connect
    raise err
  File "C:\Users\Admin\Desktop\DjangoRESTProject\venv\Lib\site-packages\redis\connection.py", line 787, in _connect
    sock.connect(socket_address)
    ~~~~~~~~~~~~^^^^^^^^^^^^^^^^
ConnectionRefusedError: [WinError 10061] No connection could be made because the target machine actively refused it

During handling of the above exception, another exception occurred:

Traceback (most recent call last):
  File "C:\Users\Admin\Desktop\DjangoRESTProject\venv\Lib\site-packages\django\core\handlers\exception.py", line 55, in inner
    response = get_response(request)
  File "C:\Users\Admin\Desktop\DjangoRESTProject\venv\Lib\site-packages\django\core\handlers\base.py", line 198, in _get_response
    response = wrapped_callback(request, *callback_args, **callback_kwargs)
  File "C:\Users\Admin\Desktop\DjangoRESTProject\venv\Lib\site-packages\django\views\decorators\csrf.py", line 65, in _view_wrapper
    return view_func(request, *args, **kwargs)
  File "C:\Users\Admin\Desktop\DjangoRESTProject\venv\Lib\site-packages\django\views\generic\base.py", line 106, in view
    return self.dispatch(request, *args, **kwargs)
           ~~~~~~~~~~~~~^^^^^^^^^^^^^^^^^^^^^^^^^^
  File "C:\Users\Admin\Desktop\DjangoRESTProject\venv\Lib\site-packages\rest_framework\views.py", line 515, in dispatch
    response = self.handle_exception(exc)
  File "C:\Users\Admin\Desktop\DjangoRESTProject\venv\Lib\site-packages\rest_framework\views.py", line 475, in handle_exception
    self.raise_uncaught_exception(exc)
    ~~~~~~~~~~~~~~~~~~~~~~~~~~~~~^^^^^
  File "C:\Users\Admin\Desktop\DjangoRESTProject\venv\Lib\site-packages\rest_framework\views.py", line 486, in raise_uncaught_exception
    raise exc
  File "C:\Users\Admin\Desktop\DjangoRESTProject\venv\Lib\site-packages\rest_framework\views.py", line 503, in dispatch
    self.initial(request, *args, **kwargs)
    ~~~~~~~~~~~~^^^^^^^^^^^^^^^^^^^^^^^^^^
  File "C:\Users\Admin\Desktop\DjangoRESTProject\venv\Lib\site-packages\rest_framework\views.py", line 422, in initial
    self.check_throttles(request)
    ~~~~~~~~~~~~~~~~~~~~^^^^^^^^^
  File "C:\Users\Admin\Desktop\DjangoRESTProject\venv\Lib\site-packages\rest_framework\views.py", line 365, in check_throttles
    if not throttle.allow_request(request, self):
           ~~~~~~~~~~~~~~~~~~~~~~^^^^^^^^^^^^^^^
  File "C:\Users\Admin\Desktop\DjangoRESTProject\venv\Lib\site-packages\rest_framework\throttling.py", line 123, in allow_request
    self.history = self.cache.get(self.key, [])
                   ~~~~~~~~~~~~~~^^^^^^^^^^^^^^
  File "C:\Users\Admin\Desktop\DjangoRESTProject\venv\Lib\site-packages\django\core\cache\backends\redis.py", line 188, in get
    return self._cache.get(key, default)
           ~~~~~~~~~~~~~~~^^^^^^^^^^^^^^
  File "C:\Users\Admin\Desktop\DjangoRESTProject\venv\Lib\site-packages\django\core\cache\backends\redis.py", line 100, in get
    value = client.get(key)
  File "C:\Users\Admin\Desktop\DjangoRESTProject\venv\Lib\site-packages\redis\commands\core.py", line 1829, in get
    return self.execute_command("GET", name, keys=[name])
           ~~~~~~~~~~~~~~~~~~~~^^^^^^^^^^^^^^^^^^^^^^^^^^
  File "C:\Users\Admin\Desktop\DjangoRESTProject\venv\Lib\site-packages\redis\client.py", line 621, in execute_command
    return self._execute_command(*args, **options)
           ~~~~~~~~~~~~~~~~~~~~~^^^^^^^^^^^^^^^^^^
  File "C:\Users\Admin\Desktop\DjangoRESTProject\venv\Lib\site-packages\redis\client.py", line 627, in _execute_command
    conn = self.connection or pool.get_connection()
                              ~~~~~~~~~~~~~~~~~~~^^
  File "C:\Users\Admin\Desktop\DjangoRESTProject\venv\Lib\site-packages\redis\utils.py", line 195, in wrapper
    return func(*args, **kwargs)
  File "C:\Users\Admin\Desktop\DjangoRESTProject\venv\Lib\site-packages\redis\connection.py", line 1533, in get_connection
    connection.connect()
    ~~~~~~~~~~~~~~~~~~^^
  File "C:\Users\Admin\Desktop\DjangoRESTProject\venv\Lib\site-packages\redis\connection.py", line 380, in connect
    self.connect_check_health(check_health=True)
    ~~~~~~~~~~~~~~~~~~~~~~~~~^^^^^^^^^^^^^^^^^^^
  File "C:\Users\Admin\Desktop\DjangoRESTProject\venv\Lib\site-packages\redis\connection.py", line 397, in connect_check_health
    raise ConnectionError(self._error_message(e))
redis.exceptions.ConnectionError: Error 10061 connecting to 127.0.0.1:6379. No connection could be made because the target machine actively refused it.
Internal Server Error: /api/rides/history/
Traceback (most recent call last):
  File "C:\Users\Admin\Desktop\DjangoRESTProject\venv\Lib\site-packages\redis\connection.py", line 389, in connect_check_health
    sock = self.retry.call_with_retry(
        lambda: self._connect(), lambda error: self.disconnect(error)
    )
  File "C:\Users\Admin\Desktop\DjangoRESTProject\venv\Lib\site-packages\redis\retry.py", line 105, in call_with_retry
    return do()
  File "C:\Users\Admin\Desktop\DjangoRESTProject\venv\Lib\site-packages\redis\connection.py", line 390, in <lambda>
    lambda: self._connect(), lambda error: self.disconnect(error)
            ~~~~~~~~~~~~~^^
  File "C:\Users\Admin\Desktop\DjangoRESTProject\venv\Lib\site-packages\redis\connection.py", line 803, in _connect
    raise err
  File "C:\Users\Admin\Desktop\DjangoRESTProject\venv\Lib\site-packages\redis\connection.py", line 787, in _connect
    sock.connect(socket_address)
    ~~~~~~~~~~~~^^^^^^^^^^^^^^^^
ConnectionRefusedError: [WinError 10061] No connection could be made because the target machine actively refused it

During handling of the above exception, another exception occurred:

Traceback (most recent call last):
  File "C:\Users\Admin\Desktop\DjangoRESTProject\venv\Lib\site-packages\django\core\handlers\exception.py", line 55, in inner
    response = get_response(request)
  File "C:\Users\Admin\Desktop\DjangoRESTProject\venv\Lib\site-packages\django\core\handlers\base.py", line 198, in _get_response
    response = wrapped_callback(request, *callback_args, **callback_kwargs)
  File "C:\Users\Admin\Desktop\DjangoRESTProject\venv\Lib\site-packages\django\views\decorators\csrf.py", line 65, in _view_wrapper
    return view_func(request, *args, **kwargs)
  File "C:\Users\Admin\Desktop\DjangoRESTProject\venv\Lib\site-packages\django\views\generic\base.py", line 106, in view
    return self.dispatch(request, *args, **kwargs)
           ~~~~~~~~~~~~~^^^^^^^^^^^^^^^^^^^^^^^^^^
  File "C:\Users\Admin\Desktop\DjangoRESTProject\venv\Lib\site-packages\rest_framework\views.py", line 515, in dispatch
    response = self.handle_exception(exc)
  File "C:\Users\Admin\Desktop\DjangoRESTProject\venv\Lib\site-packages\rest_framework\views.py", line 475, in handle_exception
    self.raise_uncaught_exception(exc)
    ~~~~~~~~~~~~~~~~~~~~~~~~~~~~~^^^^^
  File "C:\Users\Admin\Desktop\DjangoRESTProject\venv\Lib\site-packages\rest_framework\views.py", line 486, in raise_uncaught_exception
    raise exc
  File "C:\Users\Admin\Desktop\DjangoRESTProject\venv\Lib\site-packages\rest_framework\views.py", line 503, in dispatch
    self.initial(request, *args, **kwargs)
    ~~~~~~~~~~~~^^^^^^^^^^^^^^^^^^^^^^^^^^
  File "C:\Users\Admin\Desktop\DjangoRESTProject\venv\Lib\site-packages\rest_framework\views.py", line 422, in initial
    self.check_throttles(request)
    ~~~~~~~~~~~~~~~~~~~~^^^^^^^^^
  File "C:\Users\Admin\Desktop\DjangoRESTProject\venv\Lib\site-packages\rest_framework\views.py", line 365, in check_throttles
    if not throttle.allow_request(request, self):
           ~~~~~~~~~~~~~~~~~~~~~~^^^^^^^^^^^^^^^
  File "C:\Users\Admin\Desktop\DjangoRESTProject\venv\Lib\site-packages\rest_framework\throttling.py", line 123, in allow_request
    self.history = self.cache.get(self.key, [])
                   ~~~~~~~~~~~~~~^^^^^^^^^^^^^^
  File "C:\Users\Admin\Desktop\DjangoRESTProject\venv\Lib\site-packages\django\core\cache\backends\redis.py", line 188, in get
    return self._cache.get(key, default)
           ~~~~~~~~~~~~~~~^^^^^^^^^^^^^^
  File "C:\Users\Admin\Desktop\DjangoRESTProject\venv\Lib\site-packages\django\core\cache\backends\redis.py", line 100, in get
    value = client.get(key)
  File "C:\Users\Admin\Desktop\DjangoRESTProject\venv\Lib\site-packages\redis\commands\core.py", line 1829, in get
    return self.execute_command("GET", name, keys=[name])
           ~~~~~~~~~~~~~~~~~~~~^^^^^^^^^^^^^^^^^^^^^^^^^^
  File "C:\Users\Admin\Desktop\DjangoRESTProject\venv\Lib\site-packages\redis\client.py", line 621, in execute_command
    return self._execute_command(*args, **options)
           ~~~~~~~~~~~~~~~~~~~~~^^^^^^^^^^^^^^^^^^
  File "C:\Users\Admin\Desktop\DjangoRESTProject\venv\Lib\site-packages\redis\client.py", line 627, in _execute_command
    conn = self.connection or pool.get_connection()
                              ~~~~~~~~~~~~~~~~~~~^^
  File "C:\Users\Admin\Desktop\DjangoRESTProject\venv\Lib\site-packages\redis\utils.py", line 195, in wrapper
    return func(*args, **kwargs)
  File "C:\Users\Admin\Desktop\DjangoRESTProject\venv\Lib\site-packages\redis\connection.py", line 1533, in get_connection
    connection.connect()
    ~~~~~~~~~~~~~~~~~~^^
  File "C:\Users\Admin\Desktop\DjangoRESTProject\venv\Lib\site-packages\redis\connection.py", line 380, in connect
    self.connect_check_health(check_health=True)
    ~~~~~~~~~~~~~~~~~~~~~~~~~^^^^^^^^^^^^^^^^^^^
  File "C:\Users\Admin\Desktop\DjangoRESTProject\venv\Lib\site-packages\redis\connection.py", line 397, in connect_check_health
    raise ConnectionError(self._error_message(e))
redis.exceptions.ConnectionError: Error 10061 connecting to 127.0.0.1:6379. No connection could be made because the target machine actively refused it.
Internal Server Error: /api/rides/history/
Traceback (most recent call last):
  File "C:\Users\Admin\Desktop\DjangoRESTProject\venv\Lib\site-packages\redis\connection.py", line 389, in connect_check_health
    sock = self.retry.call_with_retry(
        lambda: self._connect(), lambda error: self.disconnect(error)
    )
  File "C:\Users\Admin\Desktop\DjangoRESTProject\venv\Lib\site-packages\redis\retry.py", line 105, in call_with_retry
    return do()
  File "C:\Users\Admin\Desktop\DjangoRESTProject\venv\Lib\site-packages\redis\connection.py", line 390, in <lambda>
    lambda: self._connect(), lambda error: self.disconnect(error)
            ~~~~~~~~~~~~~^^
  File "C:\Users\Admin\Desktop\DjangoRESTProject\venv\Lib\site-packages\redis\connection.py", line 803, in _connect
    raise err
  File "C:\Users\Admin\Desktop\DjangoRESTProject\venv\Lib\site-packages\redis\connection.py", line 787, in _connect
    sock.connect(socket_address)
    ~~~~~~~~~~~~^^^^^^^^^^^^^^^^
ConnectionRefusedError: [WinError 10061] No connection could be made because the target machine actively refused it

During handling of the above exception, another exception occurred:

Traceback (most recent call last):
  File "C:\Users\Admin\Desktop\DjangoRESTProject\venv\Lib\site-packages\django\core\handlers\exception.py", line 55, in inner
    response = get_response(request)
  File "C:\Users\Admin\Desktop\DjangoRESTProject\venv\Lib\site-packages\django\core\handlers\base.py", line 198, in _get_response
    response = wrapped_callback(request, *callback_args, **callback_kwargs)
  File "C:\Users\Admin\Desktop\DjangoRESTProject\venv\Lib\site-packages\django\views\decorators\csrf.py", line 65, in _view_wrapper
    return view_func(request, *args, **kwargs)
  File "C:\Users\Admin\Desktop\DjangoRESTProject\venv\Lib\site-packages\django\views\generic\base.py", line 106, in view
    return self.dispatch(request, *args, **kwargs)
           ~~~~~~~~~~~~~^^^^^^^^^^^^^^^^^^^^^^^^^^
  File "C:\Users\Admin\Desktop\DjangoRESTProject\venv\Lib\site-packages\rest_framework\views.py", line 515, in dispatch
    response = self.handle_exception(exc)
  File "C:\Users\Admin\Desktop\DjangoRESTProject\venv\Lib\site-packages\rest_framework\views.py", line 475, in handle_exception
    self.raise_uncaught_exception(exc)
    ~~~~~~~~~~~~~~~~~~~~~~~~~~~~~^^^^^
  File "C:\Users\Admin\Desktop\DjangoRESTProject\venv\Lib\site-packages\rest_framework\views.py", line 486, in raise_uncaught_exception
    raise exc
  File "C:\Users\Admin\Desktop\DjangoRESTProject\venv\Lib\site-packages\rest_framework\views.py", line 503, in dispatch
    self.initial(request, *args, **kwargs)
    ~~~~~~~~~~~~^^^^^^^^^^^^^^^^^^^^^^^^^^
  File "C:\Users\Admin\Desktop\DjangoRESTProject\venv\Lib\site-packages\rest_framework\views.py", line 422, in initial
    self.check_throttles(request)
    ~~~~~~~~~~~~~~~~~~~~^^^^^^^^^
  File "C:\Users\Admin\Desktop\DjangoRESTProject\venv\Lib\site-packages\rest_framework\views.py", line 365, in check_throttles
    if not throttle.allow_request(request, self):
           ~~~~~~~~~~~~~~~~~~~~~~^^^^^^^^^^^^^^^
  File "C:\Users\Admin\Desktop\DjangoRESTProject\venv\Lib\site-packages\rest_framework\throttling.py", line 123, in allow_request
    self.history = self.cache.get(self.key, [])
                   ~~~~~~~~~~~~~~^^^^^^^^^^^^^^
  File "C:\Users\Admin\Desktop\DjangoRESTProject\venv\Lib\site-packages\django\core\cache\backends\redis.py", line 188, in get
    return self._cache.get(key, default)
           ~~~~~~~~~~~~~~~^^^^^^^^^^^^^^
  File "C:\Users\Admin\Desktop\DjangoRESTProject\venv\Lib\site-packages\django\core\cache\backends\redis.py", line 100, in get
    value = client.get(key)
  File "C:\Users\Admin\Desktop\DjangoRESTProject\venv\Lib\site-packages\redis\commands\core.py", line 1829, in get
    return self.execute_command("GET", name, keys=[name])
           ~~~~~~~~~~~~~~~~~~~~^^^^^^^^^^^^^^^^^^^^^^^^^^
  File "C:\Users\Admin\Desktop\DjangoRESTProject\venv\Lib\site-packages\redis\client.py", line 621, in execute_command
    return self._execute_command(*args, **options)
           ~~~~~~~~~~~~~~~~~~~~~^^^^^^^^^^^^^^^^^^
  File "C:\Users\Admin\Desktop\DjangoRESTProject\venv\Lib\site-packages\redis\client.py", line 627, in _execute_command
    conn = self.connection or pool.get_connection()
                              ~~~~~~~~~~~~~~~~~~~^^
  File "C:\Users\Admin\Desktop\DjangoRESTProject\venv\Lib\site-packages\redis\utils.py", line 195, in wrapper
    return func(*args, **kwargs)
  File "C:\Users\Admin\Desktop\DjangoRESTProject\venv\Lib\site-packages\redis\connection.py", line 1533, in get_connection
    connection.connect()
    ~~~~~~~~~~~~~~~~~~^^
  File "C:\Users\Admin\Desktop\DjangoRESTProject\venv\Lib\site-packages\redis\connection.py", line 380, in connect
    self.connect_check_health(check_health=True)
    ~~~~~~~~~~~~~~~~~~~~~~~~~^^^^^^^^^^^^^^^^^^^
  File "C:\Users\Admin\Desktop\DjangoRESTProject\venv\Lib\site-packages\redis\connection.py", line 397, in connect_check_health
    raise ConnectionError(self._error_message(e))
redis.exceptions.ConnectionError: Error 10061 connecting to 127.0.0.1:6379. No connection could be made because the target machine actively refused it.
Unauthorized: /api/rides/history/
Internal Server Error: /api/rides/history/
Traceback (most recent call last):
  File "C:\Users\Admin\Desktop\DjangoRESTProject\venv\Lib\site-packages\redis\connection.py", line 389, in connect_check_health
    sock = self.retry.call_with_retry(
        lambda: self._connect(), lambda error: self.disconnect(error)
    )
  File "C:\Users\Admin\Desktop\DjangoRESTProject\venv\Lib\site-packages\redis\retry.py", line 105, in call_with_retry
    return do()
  File "C:\Users\Admin\Desktop\DjangoRESTProject\venv\Lib\site-packages\redis\connection.py", line 390, in <lambda>
    lambda: self._connect(), lambda error: self.disconnect(error)
            ~~~~~~~~~~~~~^^
  File "C:\Users\Admin\Desktop\DjangoRESTProject\venv\Lib\site-packages\redis\connection.py", line 803, in _connect
    raise err
  File "C:\Users\Admin\Desktop\DjangoRESTProject\venv\Lib\site-packages\redis\connection.py", line 787, in _connect
    sock.connect(socket_address)
    ~~~~~~~~~~~~^^^^^^^^^^^^^^^^
ConnectionRefusedError: [WinError 10061] No connection could be made because the target machine actively refused it

During handling of the above exception, another exception occurred:

Traceback (most recent call last):
  File "C:\Users\Admin\Desktop\DjangoRESTProject\venv\Lib\site-packages\django\core\handlers\exception.py", line 55, in inner
    response = get_response(request)
  File "C:\Users\Admin\Desktop\DjangoRESTProject\venv\Lib\site-packages\django\core\handlers\base.py", line 198, in _get_response
    response = wrapped_callback(request, *callback_args, **callback_kwargs)
  File "C:\Users\Admin\Desktop\DjangoRESTProject\venv\Lib\site-packages\django\views\decorators\csrf.py", line 65, in _view_wrapper
    return view_func(request, *args, **kwargs)
  File "C:\Users\Admin\Desktop\DjangoRESTProject\venv\Lib\site-packages\django\views\generic\base.py", line 106, in view
    return self.dispatch(request, *args, **kwargs)
           ~~~~~~~~~~~~~^^^^^^^^^^^^^^^^^^^^^^^^^^
  File "C:\Users\Admin\Desktop\DjangoRESTProject\venv\Lib\site-packages\rest_framework\views.py", line 515, in dispatch
    response = self.handle_exception(exc)
  File "C:\Users\Admin\Desktop\DjangoRESTProject\venv\Lib\site-packages\rest_framework\views.py", line 475, in handle_exception
    self.raise_uncaught_exception(exc)
    ~~~~~~~~~~~~~~~~~~~~~~~~~~~~~^^^^^
  File "C:\Users\Admin\Desktop\DjangoRESTProject\venv\Lib\site-packages\rest_framework\views.py", line 486, in raise_uncaught_exception
    raise exc
  File "C:\Users\Admin\Desktop\DjangoRESTProject\venv\Lib\site-packages\rest_framework\views.py", line 503, in dispatch
    self.initial(request, *args, **kwargs)
    ~~~~~~~~~~~~^^^^^^^^^^^^^^^^^^^^^^^^^^
  File "C:\Users\Admin\Desktop\DjangoRESTProject\venv\Lib\site-packages\rest_framework\views.py", line 422, in initial
    self.check_throttles(request)
    ~~~~~~~~~~~~~~~~~~~~^^^^^^^^^
  File "C:\Users\Admin\Desktop\DjangoRESTProject\venv\Lib\site-packages\rest_framework\views.py", line 365, in check_throttles
    if not throttle.allow_request(request, self):
           ~~~~~~~~~~~~~~~~~~~~~~^^^^^^^^^^^^^^^
  File "C:\Users\Admin\Desktop\DjangoRESTProject\venv\Lib\site-packages\rest_framework\throttling.py", line 123, in allow_request
    self.history = self.cache.get(self.key, [])
                   ~~~~~~~~~~~~~~^^^^^^^^^^^^^^
  File "C:\Users\Admin\Desktop\DjangoRESTProject\venv\Lib\site-packages\django\core\cache\backends\redis.py", line 188, in get
    return self._cache.get(key, default)
           ~~~~~~~~~~~~~~~^^^^^^^^^^^^^^
  File "C:\Users\Admin\Desktop\DjangoRESTProject\venv\Lib\site-packages\django\core\cache\backends\redis.py", line 100, in get
    value = client.get(key)
  File "C:\Users\Admin\Desktop\DjangoRESTProject\venv\Lib\site-packages\redis\commands\core.py", line 1829, in get
    return self.execute_command("GET", name, keys=[name])
           ~~~~~~~~~~~~~~~~~~~~^^^^^^^^^^^^^^^^^^^^^^^^^^
  File "C:\Users\Admin\Desktop\DjangoRESTProject\venv\Lib\site-packages\redis\client.py", line 621, in execute_command
    return self._execute_command(*args, **options)
           ~~~~~~~~~~~~~~~~~~~~~^^^^^^^^^^^^^^^^^^
  File "C:\Users\Admin\Desktop\DjangoRESTProject\venv\Lib\site-packages\redis\client.py", line 627, in _execute_command
    conn = self.connection or pool.get_connection()
                              ~~~~~~~~~~~~~~~~~~~^^
  File "C:\Users\Admin\Desktop\DjangoRESTProject\venv\Lib\site-packages\redis\utils.py", line 195, in wrapper
    return func(*args, **kwargs)
  File "C:\Users\Admin\Desktop\DjangoRESTProject\venv\Lib\site-packages\redis\connection.py", line 1533, in get_connection
    connection.connect()
    ~~~~~~~~~~~~~~~~~~^^
  File "C:\Users\Admin\Desktop\DjangoRESTProject\venv\Lib\site-packages\redis\connection.py", line 380, in connect
    self.connect_check_health(check_health=True)
    ~~~~~~~~~~~~~~~~~~~~~~~~~^^^^^^^^^^^^^^^^^^^
  File "C:\Users\Admin\Desktop\DjangoRESTProject\venv\Lib\site-packages\redis\connection.py", line 397, in connect_check_health
    raise ConnectionError(self._error_message(e))
redis.exceptions.ConnectionError: Error 10061 connecting to 127.0.0.1:6379. No connection could be made because the target machine actively refused it.
Internal Server Error: /api/rides/history/
Traceback (most recent call last):
  File "C:\Users\Admin\Desktop\DjangoRESTProject\venv\Lib\site-packages\redis\connection.py", line 389, in connect_check_health
    sock = self.retry.call_with_retry(
        lambda: self._connect(), lambda error: self.disconnect(error)
    )
  File "C:\Users\Admin\Desktop\DjangoRESTProject\venv\Lib\site-packages\redis\retry.py", line 105, in call_with_retry
    return do()
  File "C:\Users\Admin\Desktop\DjangoRESTProject\venv\Lib\site-packages\redis\connection.py", line 390, in <lambda>
    lambda: self._connect(), lambda error: self.disconnect(error)
            ~~~~~~~~~~~~~^^
  File "C:\Users\Admin\Desktop\DjangoRESTProject\venv\Lib\site-packages\redis\connection.py", line 803, in _connect
    raise err
  File "C:\Users\Admin\Desktop\DjangoRESTProject\venv\Lib\site-packages\redis\connection.py", line 787, in _connect
    sock.connect(socket_address)
    ~~~~~~~~~~~~^^^^^^^^^^^^^^^^
ConnectionRefusedError: [WinError 10061] No connection could be made because the target machine actively refused it

During handling of the above exception, another exception occurred:

Traceback (most recent call last):
  File "C:\Users\Admin\Desktop\DjangoRESTProject\venv\Lib\site-packages\django\core\handlers\exception.py", line 55, in inner
    response = get_response(request)
  File "C:\Users\Admin\Desktop\DjangoRESTProject\venv\Lib\site-packages\django\core\handlers\base.py", line 198, in _get_response
    response = wrapped_callback(request, *callback_args, **callback_kwargs)
  File "C:\Users\Admin\Desktop\DjangoRESTProject\venv\Lib\site-packages\django\views\decorators\csrf.py", line 65, in _view_wrapper
    return view_func(request, *args, **kwargs)
  File "C:\Users\Admin\Desktop\DjangoRESTProject\venv\Lib\site-packages\django\views\generic\base.py", line 106, in view
    return self.dispatch(request, *args, **kwargs)
           ~~~~~~~~~~~~~^^^^^^^^^^^^^^^^^^^^^^^^^^
  File "C:\Users\Admin\Desktop\DjangoRESTProject\venv\Lib\site-packages\rest_framework\views.py", line 515, in dispatch
    response = self.handle_exception(exc)
  File "C:\Users\Admin\Desktop\DjangoRESTProject\venv\Lib\site-packages\rest_framework\views.py", line 475, in handle_exception
    self.raise_uncaught_exception(exc)
    ~~~~~~~~~~~~~~~~~~~~~~~~~~~~~^^^^^
  File "C:\Users\Admin\Desktop\DjangoRESTProject\venv\Lib\site-packages\rest_framework\views.py", line 486, in raise_uncaught_exception
    raise exc
  File "C:\Users\Admin\Desktop\DjangoRESTProject\venv\Lib\site-packages\rest_framework\views.py", line 503, in dispatch
    self.initial(request, *args, **kwargs)
    ~~~~~~~~~~~~^^^^^^^^^^^^^^^^^^^^^^^^^^
  File "C:\Users\Admin\Desktop\DjangoRESTProject\venv\Lib\site-packages\rest_framework\views.py", line 422, in initial
    self.check_throttles(request)
    ~~~~~~~~~~~~~~~~~~~~^^^^^^^^^
  File "C:\Users\Admin\Desktop\DjangoRESTProject\venv\Lib\site-packages\rest_framework\views.py", line 365, in check_throttles
    if not throttle.allow_request(request, self):
           ~~~~~~~~~~~~~~~~~~~~~~^^^^^^^^^^^^^^^
  File "C:\Users\Admin\Desktop\DjangoRESTProject\venv\Lib\site-packages\rest_framework\throttling.py", line 123, in allow_request
    self.history = self.cache.get(self.key, [])
                   ~~~~~~~~~~~~~~^^^^^^^^^^^^^^
  File "C:\Users\Admin\Desktop\DjangoRESTProject\venv\Lib\site-packages\django\core\cache\backends\redis.py", line 188, in get
    return self._cache.get(key, default)
           ~~~~~~~~~~~~~~~^^^^^^^^^^^^^^
  File "C:\Users\Admin\Desktop\DjangoRESTProject\venv\Lib\site-packages\django\core\cache\backends\redis.py", line 100, in get
    value = client.get(key)
  File "C:\Users\Admin\Desktop\DjangoRESTProject\venv\Lib\site-packages\redis\commands\core.py", line 1829, in get
    return self.execute_command("GET", name, keys=[name])
           ~~~~~~~~~~~~~~~~~~~~^^^^^^^^^^^^^^^^^^^^^^^^^^
  File "C:\Users\Admin\Desktop\DjangoRESTProject\venv\Lib\site-packages\redis\client.py", line 621, in execute_command
    return self._execute_command(*args, **options)
           ~~~~~~~~~~~~~~~~~~~~~^^^^^^^^^^^^^^^^^^
  File "C:\Users\Admin\Desktop\DjangoRESTProject\venv\Lib\site-packages\redis\client.py", line 627, in _execute_command
    conn = self.connection or pool.get_connection()
                              ~~~~~~~~~~~~~~~~~~~^^
  File "C:\Users\Admin\Desktop\DjangoRESTProject\venv\Lib\site-packages\redis\utils.py", line 195, in wrapper
    return func(*args, **kwargs)
  File "C:\Users\Admin\Desktop\DjangoRESTProject\venv\Lib\site-packages\redis\connection.py", line 1533, in get_connection
    connection.connect()
    ~~~~~~~~~~~~~~~~~~^^
  File "C:\Users\Admin\Desktop\DjangoRESTProject\venv\Lib\site-packages\redis\connection.py", line 380, in connect
    self.connect_check_health(check_health=True)
    ~~~~~~~~~~~~~~~~~~~~~~~~~^^^^^^^^^^^^^^^^^^^
  File "C:\Users\Admin\Desktop\DjangoRESTProject\venv\Lib\site-packages\redis\connection.py", line 397, in connect_check_health
    raise ConnectionError(self._error_message(e))
redis.exceptions.ConnectionError: Error 10061 connecting to 127.0.0.1:6379. No connection could be made because the target machine actively refused it.
Internal Server Error: /api/drivers/b5169535-b0d2-4005-83b0-a8144315ab41/
Traceback (most recent call last):
  File "C:\Users\Admin\Desktop\DjangoRESTProject\venv\Lib\site-packages\redis\connection.py", line 389, in connect_check_health
    sock = self.retry.call_with_retry(
        lambda: self._connect(), lambda error: self.disconnect(error)
    )
  File "C:\Users\Admin\Desktop\DjangoRESTProject\venv\Lib\site-packages\redis\retry.py", line 105, in call_with_retry
    return do()
  File "C:\Users\Admin\Desktop\DjangoRESTProject\venv\Lib\site-packages\redis\connection.py", line 390, in <lambda>
    lambda: self._connect(), lambda error: self.disconnect(error)
            ~~~~~~~~~~~~~^^
  File "C:\Users\Admin\Desktop\DjangoRESTProject\venv\Lib\site-packages\redis\connection.py", line 803, in _connect
    raise err
  File "C:\Users\Admin\Desktop\DjangoRESTProject\venv\Lib\site-packages\redis\connection.py", line 787, in _connect
    sock.connect(socket_address)
    ~~~~~~~~~~~~^^^^^^^^^^^^^^^^
ConnectionRefusedError: [WinError 10061] No connection could be made because the target machine actively refused it

During handling of the above exception, another exception occurred:

Traceback (most recent call last):
  File "C:\Users\Admin\Desktop\DjangoRESTProject\venv\Lib\site-packages\django\core\handlers\exception.py", line 55, in inner
    response = get_response(request)
  File "C:\Users\Admin\Desktop\DjangoRESTProject\venv\Lib\site-packages\django\core\handlers\base.py", line 198, in _get_response
    response = wrapped_callback(request, *callback_args, **callback_kwargs)
  File "C:\Users\Admin\Desktop\DjangoRESTProject\venv\Lib\site-packages\django\views\decorators\csrf.py", line 65, in _view_wrapper
    return view_func(request, *args, **kwargs)
  File "C:\Users\Admin\Desktop\DjangoRESTProject\venv\Lib\site-packages\rest_framework\viewsets.py", line 125, in view
    return self.dispatch(request, *args, **kwargs)
           ~~~~~~~~~~~~~^^^^^^^^^^^^^^^^^^^^^^^^^^
  File "C:\Users\Admin\Desktop\DjangoRESTProject\venv\Lib\site-packages\rest_framework\views.py", line 515, in dispatch
    response = self.handle_exception(exc)
  File "C:\Users\Admin\Desktop\DjangoRESTProject\venv\Lib\site-packages\rest_framework\views.py", line 475, in handle_exception
    self.raise_uncaught_exception(exc)
    ~~~~~~~~~~~~~~~~~~~~~~~~~~~~~^^^^^
  File "C:\Users\Admin\Desktop\DjangoRESTProject\venv\Lib\site-packages\rest_framework\views.py", line 486, in raise_uncaught_exception
    raise exc
  File "C:\Users\Admin\Desktop\DjangoRESTProject\venv\Lib\site-packages\rest_framework\views.py", line 503, in dispatch
    self.initial(request, *args, **kwargs)
    ~~~~~~~~~~~~^^^^^^^^^^^^^^^^^^^^^^^^^^
  File "C:\Users\Admin\Desktop\DjangoRESTProject\venv\Lib\site-packages\rest_framework\views.py", line 422, in initial
    self.check_throttles(request)
    ~~~~~~~~~~~~~~~~~~~~^^^^^^^^^
  File "C:\Users\Admin\Desktop\DjangoRESTProject\venv\Lib\site-packages\rest_framework\views.py", line 365, in check_throttles
    if not throttle.allow_request(request, self):
           ~~~~~~~~~~~~~~~~~~~~~~^^^^^^^^^^^^^^^
  File "C:\Users\Admin\Desktop\DjangoRESTProject\venv\Lib\site-packages\rest_framework\throttling.py", line 123, in allow_request
    self.history = self.cache.get(self.key, [])
                   ~~~~~~~~~~~~~~^^^^^^^^^^^^^^
  File "C:\Users\Admin\Desktop\DjangoRESTProject\venv\Lib\site-packages\django\core\cache\backends\redis.py", line 188, in get
    return self._cache.get(key, default)
           ~~~~~~~~~~~~~~~^^^^^^^^^^^^^^
  File "C:\Users\Admin\Desktop\DjangoRESTProject\venv\Lib\site-packages\django\core\cache\backends\redis.py", line 100, in get
    value = client.get(key)
  File "C:\Users\Admin\Desktop\DjangoRESTProject\venv\Lib\site-packages\redis\commands\core.py", line 1829, in get
    return self.execute_command("GET", name, keys=[name])
           ~~~~~~~~~~~~~~~~~~~~^^^^^^^^^^^^^^^^^^^^^^^^^^
  File "C:\Users\Admin\Desktop\DjangoRESTProject\venv\Lib\site-packages\redis\client.py", line 621, in execute_command
    return self._execute_command(*args, **options)
           ~~~~~~~~~~~~~~~~~~~~~^^^^^^^^^^^^^^^^^^
  File "C:\Users\Admin\Desktop\DjangoRESTProject\venv\Lib\site-packages\redis\client.py", line 627, in _execute_command
    conn = self.connection or pool.get_connection()
                              ~~~~~~~~~~~~~~~~~~~^^
  File "C:\Users\Admin\Desktop\DjangoRESTProject\venv\Lib\site-packages\redis\utils.py", line 195, in wrapper
    return func(*args, **kwargs)
  File "C:\Users\Admin\Desktop\DjangoRESTProject\venv\Lib\site-packages\redis\connection.py", line 1533, in get_connection
    connection.connect()
    ~~~~~~~~~~~~~~~~~~^^
  File "C:\Users\Admin\Desktop\DjangoRESTProject\venv\Lib\site-packages\redis\connection.py", line 380, in connect
    self.connect_check_health(check_health=True)
    ~~~~~~~~~~~~~~~~~~~~~~~~~^^^^^^^^^^^^^^^^^^^
  File "C:\Users\Admin\Desktop\DjangoRESTProject\venv\Lib\site-packages\redis\connection.py", line 397, in connect_check_health
    raise ConnectionError(self._error_message(e))
redis.exceptions.ConnectionError: Error 10061 connecting to 127.0.0.1:6379. No connection could be made because the target machine actively refused it.
Internal Server Error: /api/drivers/
Traceback (most recent call last):
  File "C:\Users\Admin\Desktop\DjangoRESTProject\venv\Lib\site-packages\redis\connection.py", line 389, in connect_check_health
    sock = self.retry.call_with_retry(
        lambda: self._connect(), lambda error: self.disconnect(error)
    )
  File "C:\Users\Admin\Desktop\DjangoRESTProject\venv\Lib\site-packages\redis\retry.py", line 105, in call_with_retry
    return do()
  File "C:\Users\Admin\Desktop\DjangoRESTProject\venv\Lib\site-packages\redis\connection.py", line 390, in <lambda>
    lambda: self._connect(), lambda error: self.disconnect(error)
            ~~~~~~~~~~~~~^^
  File "C:\Users\Admin\Desktop\DjangoRESTProject\venv\Lib\site-packages\redis\connection.py", line 803, in _connect
    raise err
  File "C:\Users\Admin\Desktop\DjangoRESTProject\venv\Lib\site-packages\redis\connection.py", line 787, in _connect
    sock.connect(socket_address)
    ~~~~~~~~~~~~^^^^^^^^^^^^^^^^
ConnectionRefusedError: [WinError 10061] No connection could be made because the target machine actively refused it

During handling of the above exception, another exception occurred:

Traceback (most recent call last):
  File "C:\Users\Admin\Desktop\DjangoRESTProject\venv\Lib\site-packages\django\core\handlers\exception.py", line 55, in inner
    response = get_response(request)
  File "C:\Users\Admin\Desktop\DjangoRESTProject\venv\Lib\site-packages\django\core\handlers\base.py", line 198, in _get_response
    response = wrapped_callback(request, *callback_args, **callback_kwargs)
  File "C:\Users\Admin\Desktop\DjangoRESTProject\venv\Lib\site-packages\django\views\decorators\csrf.py", line 65, in _view_wrapper
    return view_func(request, *args, **kwargs)
  File "C:\Users\Admin\Desktop\DjangoRESTProject\venv\Lib\site-packages\rest_framework\viewsets.py", line 125, in view
    return self.dispatch(request, *args, **kwargs)
           ~~~~~~~~~~~~~^^^^^^^^^^^^^^^^^^^^^^^^^^
  File "C:\Users\Admin\Desktop\DjangoRESTProject\venv\Lib\site-packages\rest_framework\views.py", line 515, in dispatch
    response = self.handle_exception(exc)
  File "C:\Users\Admin\Desktop\DjangoRESTProject\venv\Lib\site-packages\rest_framework\views.py", line 475, in handle_exception
    self.raise_uncaught_exception(exc)
    ~~~~~~~~~~~~~~~~~~~~~~~~~~~~~^^^^^
  File "C:\Users\Admin\Desktop\DjangoRESTProject\venv\Lib\site-packages\rest_framework\views.py", line 486, in raise_uncaught_exception
    raise exc
  File "C:\Users\Admin\Desktop\DjangoRESTProject\venv\Lib\site-packages\rest_framework\views.py", line 503, in dispatch
    self.initial(request, *args, **kwargs)
    ~~~~~~~~~~~~^^^^^^^^^^^^^^^^^^^^^^^^^^
  File "C:\Users\Admin\Desktop\DjangoRESTProject\venv\Lib\site-packages\rest_framework\views.py", line 422, in initial
    self.check_throttles(request)
    ~~~~~~~~~~~~~~~~~~~~^^^^^^^^^
  File "C:\Users\Admin\Desktop\DjangoRESTProject\venv\Lib\site-packages\rest_framework\views.py", line 365, in check_throttles
    if not throttle.allow_request(request, self):
           ~~~~~~~~~~~~~~~~~~~~~~^^^^^^^^^^^^^^^
  File "C:\Users\Admin\Desktop\DjangoRESTProject\venv\Lib\site-packages\rest_framework\throttling.py", line 123, in allow_request
    self.history = self.cache.get(self.key, [])
                   ~~~~~~~~~~~~~~^^^^^^^^^^^^^^
  File "C:\Users\Admin\Desktop\DjangoRESTProject\venv\Lib\site-packages\django\core\cache\backends\redis.py", line 188, in get
    return self._cache.get(key, default)
           ~~~~~~~~~~~~~~~^^^^^^^^^^^^^^
  File "C:\Users\Admin\Desktop\DjangoRESTProject\venv\Lib\site-packages\django\core\cache\backends\redis.py", line 100, in get
    value = client.get(key)
  File "C:\Users\Admin\Desktop\DjangoRESTProject\venv\Lib\site-packages\redis\commands\core.py", line 1829, in get
    return self.execute_command("GET", name, keys=[name])
           ~~~~~~~~~~~~~~~~~~~~^^^^^^^^^^^^^^^^^^^^^^^^^^
  File "C:\Users\Admin\Desktop\DjangoRESTProject\venv\Lib\site-packages\redis\client.py", line 621, in execute_command
    return self._execute_command(*args, **options)
           ~~~~~~~~~~~~~~~~~~~~~^^^^^^^^^^^^^^^^^^
  File "C:\Users\Admin\Desktop\DjangoRESTProject\venv\Lib\site-packages\redis\client.py", line 627, in _execute_command
    conn = self.connection or pool.get_connection()
                              ~~~~~~~~~~~~~~~~~~~^^
  File "C:\Users\Admin\Desktop\DjangoRESTProject\venv\Lib\site-packages\redis\utils.py", line 195, in wrapper
    return func(*args, **kwargs)
  File "C:\Users\Admin\Desktop\DjangoRESTProject\venv\Lib\site-packages\redis\connection.py", line 1533, in get_connection
    connection.connect()
    ~~~~~~~~~~~~~~~~~~^^
  File "C:\Users\Admin\Desktop\DjangoRESTProject\venv\Lib\site-packages\redis\connection.py", line 380, in connect
    self.connect_check_health(check_health=True)
    ~~~~~~~~~~~~~~~~~~~~~~~~~^^^^^^^^^^^^^^^^^^^
  File "C:\Users\Admin\Desktop\DjangoRESTProject\venv\Lib\site-packages\redis\connection.py", line 397, in connect_check_health
    raise ConnectionError(self._error_message(e))
redis.exceptions.ConnectionError: Error 10061 connecting to 127.0.0.1:6379. No connection could be made because the target machine actively refused it.
Unauthorized: /api/drivers/
Internal Server Error: /api/rides/
Traceback (most recent call last):
  File "C:\Users\Admin\Desktop\DjangoRESTProject\venv\Lib\site-packages\redis\connection.py", line 389, in connect_check_health
    sock = self.retry.call_with_retry(
        lambda: self._connect(), lambda error: self.disconnect(error)
    )
  File "C:\Users\Admin\Desktop\DjangoRESTProject\venv\Lib\site-packages\redis\retry.py", line 105, in call_with_retry
    return do()
  File "C:\Users\Admin\Desktop\DjangoRESTProject\venv\Lib\site-packages\redis\connection.py", line 390, in <lambda>
    lambda: self._connect(), lambda error: self.disconnect(error)
            ~~~~~~~~~~~~~^^
  File "C:\Users\Admin\Desktop\DjangoRESTProject\venv\Lib\site-packages\redis\connection.py", line 803, in _connect
    raise err
  File "C:\Users\Admin\Desktop\DjangoRESTProject\venv\Lib\site-packages\redis\connection.py", line 787, in _connect
    sock.connect(socket_address)
    ~~~~~~~~~~~~^^^^^^^^^^^^^^^^
ConnectionRefusedError: [WinError 10061] No connection could be made because the target machine actively refused it

During handling of the above exception, another exception occurred:

Traceback (most recent call last):
  File "C:\Users\Admin\Desktop\DjangoRESTProject\venv\Lib\site-packages\django\core\handlers\exception.py", line 55, in inner
    response = get_response(request)
  File "C:\Users\Admin\Desktop\DjangoRESTProject\venv\Lib\site-packages\django\core\handlers\base.py", line 198, in _get_response
    response = wrapped_callback(request, *callback_args, **callback_kwargs)
  File "C:\Users\Admin\Desktop\DjangoRESTProject\venv\Lib\site-packages\django\views\decorators\csrf.py", line 65, in _view_wrapper
    return view_func(request, *args, **kwargs)
  File "C:\Users\Admin\Desktop\DjangoRESTProject\venv\Lib\site-packages\rest_framework\viewsets.py", line 125, in view
    return self.dispatch(request, *args, **kwargs)
           ~~~~~~~~~~~~~^^^^^^^^^^^^^^^^^^^^^^^^^^
  File "C:\Users\Admin\Desktop\DjangoRESTProject\venv\Lib\site-packages\rest_framework\views.py", line 515, in dispatch
    response = self.handle_exception(exc)
  File "C:\Users\Admin\Desktop\DjangoRESTProject\venv\Lib\site-packages\rest_framework\views.py", line 475, in handle_exception
    self.raise_uncaught_exception(exc)
    ~~~~~~~~~~~~~~~~~~~~~~~~~~~~~^^^^^
  File "C:\Users\Admin\Desktop\DjangoRESTProject\venv\Lib\site-packages\rest_framework\views.py", line 486, in raise_uncaught_exception
    raise exc
  File "C:\Users\Admin\Desktop\DjangoRESTProject\venv\Lib\site-packages\rest_framework\views.py", line 503, in dispatch
    self.initial(request, *args, **kwargs)
    ~~~~~~~~~~~~^^^^^^^^^^^^^^^^^^^^^^^^^^
  File "C:\Users\Admin\Desktop\DjangoRESTProject\venv\Lib\site-packages\rest_framework\views.py", line 422, in initial
    self.check_throttles(request)
    ~~~~~~~~~~~~~~~~~~~~^^^^^^^^^
  File "C:\Users\Admin\Desktop\DjangoRESTProject\venv\Lib\site-packages\rest_framework\views.py", line 365, in check_throttles
    if not throttle.allow_request(request, self):
           ~~~~~~~~~~~~~~~~~~~~~~^^^^^^^^^^^^^^^
  File "C:\Users\Admin\Desktop\DjangoRESTProject\venv\Lib\site-packages\rest_framework\throttling.py", line 123, in allow_request
    self.history = self.cache.get(self.key, [])
                   ~~~~~~~~~~~~~~^^^^^^^^^^^^^^
  File "C:\Users\Admin\Desktop\DjangoRESTProject\venv\Lib\site-packages\django\core\cache\backends\redis.py", line 188, in get
    return self._cache.get(key, default)
           ~~~~~~~~~~~~~~~^^^^^^^^^^^^^^
  File "C:\Users\Admin\Desktop\DjangoRESTProject\venv\Lib\site-packages\django\core\cache\backends\redis.py", line 100, in get
    value = client.get(key)
  File "C:\Users\Admin\Desktop\DjangoRESTProject\venv\Lib\site-packages\redis\commands\core.py", line 1829, in get
    return self.execute_command("GET", name, keys=[name])
           ~~~~~~~~~~~~~~~~~~~~^^^^^^^^^^^^^^^^^^^^^^^^^^
  File "C:\Users\Admin\Desktop\DjangoRESTProject\venv\Lib\site-packages\redis\client.py", line 621, in execute_command
    return self._execute_command(*args, **options)
           ~~~~~~~~~~~~~~~~~~~~~^^^^^^^^^^^^^^^^^^
  File "C:\Users\Admin\Desktop\DjangoRESTProject\venv\Lib\site-packages\redis\client.py", line 627, in _execute_command
    conn = self.connection or pool.get_connection()
                              ~~~~~~~~~~~~~~~~~~~^^
  File "C:\Users\Admin\Desktop\DjangoRESTProject\venv\Lib\site-packages\redis\utils.py", line 195, in wrapper
    return func(*args, **kwargs)
  File "C:\Users\Admin\Desktop\DjangoRESTProject\venv\Lib\site-packages\redis\connection.py", line 1533, in get_connection
    connection.connect()
    ~~~~~~~~~~~~~~~~~~^^
  File "C:\Users\Admin\Desktop\DjangoRESTProject\venv\Lib\site-packages\redis\connection.py", line 380, in connect
    self.connect_check_health(check_health=True)
    ~~~~~~~~~~~~~~~~~~~~~~~~~^^^^^^^^^^^^^^^^^^^
  File "C:\Users\Admin\Desktop\DjangoRESTProject\venv\Lib\site-packages\redis\connection.py", line 397, in connect_check_health
    raise ConnectionError(self._error_message(e))
redis.exceptions.ConnectionError: Error 10061 connecting to 127.0.0.1:6379. No connection could be made because the target machine actively refused it.
Unauthorized: /api/rides/
Unauthorized: /api/drivers/
Internal Server Error: /api/rides/58b4b833-40dc-48e0-afa9-a818280c52b1/
Traceback (most recent call last):
  File "C:\Users\Admin\Desktop\DjangoRESTProject\venv\Lib\site-packages\redis\connection.py", line 389, in connect_check_health
    sock = self.retry.call_with_retry(
        lambda: self._connect(), lambda error: self.disconnect(error)
    )
  File "C:\Users\Admin\Desktop\DjangoRESTProject\venv\Lib\site-packages\redis\retry.py", line 105, in call_with_retry
    return do()
  File "C:\Users\Admin\Desktop\DjangoRESTProject\venv\Lib\site-packages\redis\connection.py", line 390, in <lambda>
    lambda: self._connect(), lambda error: self.disconnect(error)
            ~~~~~~~~~~~~~^^
  File "C:\Users\Admin\Desktop\DjangoRESTProject\venv\Lib\site-packages\redis\connection.py", line 803, in _connect
    raise err
  File "C:\Users\Admin\Desktop\DjangoRESTProject\venv\Lib\site-packages\redis\connection.py", line 787, in _connect
    sock.connect(socket_address)
    ~~~~~~~~~~~~^^^^^^^^^^^^^^^^
ConnectionRefusedError: [WinError 10061] No connection could be made because the target machine actively refused it

During handling of the above exception, another exception occurred:

Traceback (most recent call last):
  File "C:\Users\Admin\Desktop\DjangoRESTProject\venv\Lib\site-packages\django\core\handlers\exception.py", line 55, in inner
    response = get_response(request)
  File "C:\Users\Admin\Desktop\DjangoRESTProject\venv\Lib\site-packages\django\core\handlers\base.py", line 198, in _get_response
    response = wrapped_callback(request, *callback_args, **callback_kwargs)
  File "C:\Users\Admin\Desktop\DjangoRESTProject\venv\Lib\site-packages\django\views\decorators\csrf.py", line 65, in _view_wrapper
    return view_func(request, *args, **kwargs)
  File "C:\Users\Admin\Desktop\DjangoRESTProject\venv\Lib\site-packages\rest_framework\viewsets.py", line 125, in view
    return self.dispatch(request, *args, **kwargs)
           ~~~~~~~~~~~~~^^^^^^^^^^^^^^^^^^^^^^^^^^
  File "C:\Users\Admin\Desktop\DjangoRESTProject\venv\Lib\site-packages\rest_framework\views.py", line 515, in dispatch
    response = self.handle_exception(exc)
  File "C:\Users\Admin\Desktop\DjangoRESTProject\venv\Lib\site-packages\rest_framework\views.py", line 475, in handle_exception
    self.raise_uncaught_exception(exc)
    ~~~~~~~~~~~~~~~~~~~~~~~~~~~~~^^^^^
  File "C:\Users\Admin\Desktop\DjangoRESTProject\venv\Lib\site-packages\rest_framework\views.py", line 486, in raise_uncaught_exception
    raise exc
  File "C:\Users\Admin\Desktop\DjangoRESTProject\venv\Lib\site-packages\rest_framework\views.py", line 503, in dispatch
    self.initial(request, *args, **kwargs)
    ~~~~~~~~~~~~^^^^^^^^^^^^^^^^^^^^^^^^^^
  File "C:\Users\Admin\Desktop\DjangoRESTProject\venv\Lib\site-packages\rest_framework\views.py", line 422, in initial
    self.check_throttles(request)
    ~~~~~~~~~~~~~~~~~~~~^^^^^^^^^
  File "C:\Users\Admin\Desktop\DjangoRESTProject\venv\Lib\site-packages\rest_framework\views.py", line 365, in check_throttles
    if not throttle.allow_request(request, self):
           ~~~~~~~~~~~~~~~~~~~~~~^^^^^^^^^^^^^^^
  File "C:\Users\Admin\Desktop\DjangoRESTProject\venv\Lib\site-packages\rest_framework\throttling.py", line 123, in allow_request
    self.history = self.cache.get(self.key, [])
                   ~~~~~~~~~~~~~~^^^^^^^^^^^^^^
  File "C:\Users\Admin\Desktop\DjangoRESTProject\venv\Lib\site-packages\django\core\cache\backends\redis.py", line 188, in get
    return self._cache.get(key, default)
           ~~~~~~~~~~~~~~~^^^^^^^^^^^^^^
  File "C:\Users\Admin\Desktop\DjangoRESTProject\venv\Lib\site-packages\django\core\cache\backends\redis.py", line 100, in get
    value = client.get(key)
  File "C:\Users\Admin\Desktop\DjangoRESTProject\venv\Lib\site-packages\redis\commands\core.py", line 1829, in get
    return self.execute_command("GET", name, keys=[name])
           ~~~~~~~~~~~~~~~~~~~~^^^^^^^^^^^^^^^^^^^^^^^^^^
  File "C:\Users\Admin\Desktop\DjangoRESTProject\venv\Lib\site-packages\redis\client.py", line 621, in execute_command
    return self._execute_command(*args, **options)
           ~~~~~~~~~~~~~~~~~~~~~^^^^^^^^^^^^^^^^^^
  File "C:\Users\Admin\Desktop\DjangoRESTProject\venv\Lib\site-packages\redis\client.py", line 627, in _execute_command
    conn = self.connection or pool.get_connection()
                              ~~~~~~~~~~~~~~~~~~~^^
  File "C:\Users\Admin\Desktop\DjangoRESTProject\venv\Lib\site-packages\redis\utils.py", line 195, in wrapper
    return func(*args, **kwargs)
  File "C:\Users\Admin\Desktop\DjangoRESTProject\venv\Lib\site-packages\redis\connection.py", line 1533, in get_connection
    connection.connect()
    ~~~~~~~~~~~~~~~~~~^^
  File "C:\Users\Admin\Desktop\DjangoRESTProject\venv\Lib\site-packages\redis\connection.py", line 380, in connect
    self.connect_check_health(check_health=True)
    ~~~~~~~~~~~~~~~~~~~~~~~~~^^^^^^^^^^^^^^^^^^^
  File "C:\Users\Admin\Desktop\DjangoRESTProject\venv\Lib\site-packages\redis\connection.py", line 397, in connect_check_health
    raise ConnectionError(self._error_message(e))
redis.exceptions.ConnectionError: Error 10061 connecting to 127.0.0.1:6379. No connection could be made because the target machine actively refused it.
Internal Server Error: /api/vehicles/
Traceback (most recent call last):
  File "C:\Users\Admin\Desktop\DjangoRESTProject\venv\Lib\site-packages\redis\connection.py", line 389, in connect_check_health
    sock = self.retry.call_with_retry(
        lambda: self._connect(), lambda error: self.disconnect(error)
    )
  File "C:\Users\Admin\Desktop\DjangoRESTProject\venv\Lib\site-packages\redis\retry.py", line 105, in call_with_retry
    return do()
  File "C:\Users\Admin\Desktop\DjangoRESTProject\venv\Lib\site-packages\redis\connection.py", line 390, in <lambda>
    lambda: self._connect(), lambda error: self.disconnect(error)
            ~~~~~~~~~~~~~^^
  File "C:\Users\Admin\Desktop\DjangoRESTProject\venv\Lib\site-packages\redis\connection.py", line 803, in _connect
    raise err
  File "C:\Users\Admin\Desktop\DjangoRESTProject\venv\Lib\site-packages\redis\connection.py", line 787, in _connect
    sock.connect(socket_address)
    ~~~~~~~~~~~~^^^^^^^^^^^^^^^^
ConnectionRefusedError: [WinError 10061] No connection could be made because the target machine actively refused it

During handling of the above exception, another exception occurred:

Traceback (most recent call last):
  File "C:\Users\Admin\Desktop\DjangoRESTProject\venv\Lib\site-packages\django\core\handlers\exception.py", line 55, in inner
    response = get_response(request)
  File "C:\Users\Admin\Desktop\DjangoRESTProject\venv\Lib\site-packages\django\core\handlers\base.py", line 198, in _get_response
    response = wrapped_callback(request, *callback_args, **callback_kwargs)
  File "C:\Users\Admin\Desktop\DjangoRESTProject\venv\Lib\site-packages\django\views\decorators\csrf.py", line 65, in _view_wrapper
    return view_func(request, *args, **kwargs)
  File "C:\Users\Admin\Desktop\DjangoRESTProject\venv\Lib\site-packages\rest_framework\viewsets.py", line 125, in view
    return self.dispatch(request, *args, **kwargs)
           ~~~~~~~~~~~~~^^^^^^^^^^^^^^^^^^^^^^^^^^
  File "C:\Users\Admin\Desktop\DjangoRESTProject\venv\Lib\site-packages\rest_framework\views.py", line 515, in dispatch
    response = self.handle_exception(exc)
  File "C:\Users\Admin\Desktop\DjangoRESTProject\venv\Lib\site-packages\rest_framework\views.py", line 475, in handle_exception
    self.raise_uncaught_exception(exc)
    ~~~~~~~~~~~~~~~~~~~~~~~~~~~~~^^^^^
  File "C:\Users\Admin\Desktop\DjangoRESTProject\venv\Lib\site-packages\rest_framework\views.py", line 486, in raise_uncaught_exception
    raise exc
  File "C:\Users\Admin\Desktop\DjangoRESTProject\venv\Lib\site-packages\rest_framework\views.py", line 503, in dispatch
    self.initial(request, *args, **kwargs)
    ~~~~~~~~~~~~^^^^^^^^^^^^^^^^^^^^^^^^^^
  File "C:\Users\Admin\Desktop\DjangoRESTProject\venv\Lib\site-packages\rest_framework\views.py", line 422, in initial
    self.check_throttles(request)
    ~~~~~~~~~~~~~~~~~~~~^^^^^^^^^
  File "C:\Users\Admin\Desktop\DjangoRESTProject\venv\Lib\site-packages\rest_framework\views.py", line 365, in check_throttles
    if not throttle.allow_request(request, self):
           ~~~~~~~~~~~~~~~~~~~~~~^^^^^^^^^^^^^^^
  File "C:\Users\Admin\Desktop\DjangoRESTProject\venv\Lib\site-packages\rest_framework\throttling.py", line 123, in allow_request
    self.history = self.cache.get(self.key, [])
                   ~~~~~~~~~~~~~~^^^^^^^^^^^^^^
  File "C:\Users\Admin\Desktop\DjangoRESTProject\venv\Lib\site-packages\django\core\cache\backends\redis.py", line 188, in get
    return self._cache.get(key, default)
           ~~~~~~~~~~~~~~~^^^^^^^^^^^^^^
  File "C:\Users\Admin\Desktop\DjangoRESTProject\venv\Lib\site-packages\django\core\cache\backends\redis.py", line 100, in get
    value = client.get(key)
  File "C:\Users\Admin\Desktop\DjangoRESTProject\venv\Lib\site-packages\redis\commands\core.py", line 1829, in get
    return self.execute_command("GET", name, keys=[name])
           ~~~~~~~~~~~~~~~~~~~~^^^^^^^^^^^^^^^^^^^^^^^^^^
  File "C:\Users\Admin\Desktop\DjangoRESTProject\venv\Lib\site-packages\redis\client.py", line 621, in execute_command
    return self._execute_command(*args, **options)
           ~~~~~~~~~~~~~~~~~~~~~^^^^^^^^^^^^^^^^^^
  File "C:\Users\Admin\Desktop\DjangoRESTProject\venv\Lib\site-packages\redis\client.py", line 627, in _execute_command
    conn = self.connection or pool.get_connection()
                              ~~~~~~~~~~~~~~~~~~~^^
  File "C:\Users\Admin\Desktop\DjangoRESTProject\venv\Lib\site-packages\redis\utils.py", line 195, in wrapper
    return func(*args, **kwargs)
  File "C:\Users\Admin\Desktop\DjangoRESTProject\venv\Lib\site-packages\redis\connection.py", line 1533, in get_connection
    connection.connect()
    ~~~~~~~~~~~~~~~~~~^^
  File "C:\Users\Admin\Desktop\DjangoRESTProject\venv\Lib\site-packages\redis\connection.py", line 380, in connect
    self.connect_check_health(check_health=True)
    ~~~~~~~~~~~~~~~~~~~~~~~~~^^^^^^^^^^^^^^^^^^^
  File "C:\Users\Admin\Desktop\DjangoRESTProject\venv\Lib\site-packages\redis\connection.py", line 397, in connect_check_health
    raise ConnectionError(self._error_message(e))
redis.exceptions.ConnectionError: Error 10061 connecting to 127.0.0.1:6379. No connection could be made because the target machine actively refused it.
Unauthorized: /api/vehicles/
Internal Server Error: /api/vehicles/060e451f-c187-4e09-9dc4-76dc2172e041/
Traceback (most recent call last):
  File "C:\Users\Admin\Desktop\DjangoRESTProject\venv\Lib\site-packages\redis\connection.py", line 389, in connect_check_health
    sock = self.retry.call_with_retry(
        lambda: self._connect(), lambda error: self.disconnect(error)
    )
  File "C:\Users\Admin\Desktop\DjangoRESTProject\venv\Lib\site-packages\redis\retry.py", line 105, in call_with_retry
    return do()
  File "C:\Users\Admin\Desktop\DjangoRESTProject\venv\Lib\site-packages\redis\connection.py", line 390, in <lambda>
    lambda: self._connect(), lambda error: self.disconnect(error)
            ~~~~~~~~~~~~~^^
  File "C:\Users\Admin\Desktop\DjangoRESTProject\venv\Lib\site-packages\redis\connection.py", line 803, in _connect
    raise err
  File "C:\Users\Admin\Desktop\DjangoRESTProject\venv\Lib\site-packages\redis\connection.py", line 787, in _connect
    sock.connect(socket_address)
    ~~~~~~~~~~~~^^^^^^^^^^^^^^^^
ConnectionRefusedError: [WinError 10061] No connection could be made because the target machine actively refused it

During handling of the above exception, another exception occurred:

Traceback (most recent call last):
  File "C:\Users\Admin\Desktop\DjangoRESTProject\venv\Lib\site-packages\django\core\handlers\exception.py", line 55, in inner
    response = get_response(request)
  File "C:\Users\Admin\Desktop\DjangoRESTProject\venv\Lib\site-packages\django\core\handlers\base.py", line 198, in _get_response
    response = wrapped_callback(request, *callback_args, **callback_kwargs)
  File "C:\Users\Admin\Desktop\DjangoRESTProject\venv\Lib\site-packages\django\views\decorators\csrf.py", line 65, in _view_wrapper
    return view_func(request, *args, **kwargs)
  File "C:\Users\Admin\Desktop\DjangoRESTProject\venv\Lib\site-packages\rest_framework\viewsets.py", line 125, in view
    return self.dispatch(request, *args, **kwargs)
           ~~~~~~~~~~~~~^^^^^^^^^^^^^^^^^^^^^^^^^^
  File "C:\Users\Admin\Desktop\DjangoRESTProject\venv\Lib\site-packages\rest_framework\views.py", line 515, in dispatch
    response = self.handle_exception(exc)
  File "C:\Users\Admin\Desktop\DjangoRESTProject\venv\Lib\site-packages\rest_framework\views.py", line 475, in handle_exception
    self.raise_uncaught_exception(exc)
    ~~~~~~~~~~~~~~~~~~~~~~~~~~~~~^^^^^
  File "C:\Users\Admin\Desktop\DjangoRESTProject\venv\Lib\site-packages\rest_framework\views.py", line 486, in raise_uncaught_exception
    raise exc
  File "C:\Users\Admin\Desktop\DjangoRESTProject\venv\Lib\site-packages\rest_framework\views.py", line 503, in dispatch
    self.initial(request, *args, **kwargs)
    ~~~~~~~~~~~~^^^^^^^^^^^^^^^^^^^^^^^^^^
  File "C:\Users\Admin\Desktop\DjangoRESTProject\venv\Lib\site-packages\rest_framework\views.py", line 422, in initial
    self.check_throttles(request)
    ~~~~~~~~~~~~~~~~~~~~^^^^^^^^^
  File "C:\Users\Admin\Desktop\DjangoRESTProject\venv\Lib\site-packages\rest_framework\views.py", line 365, in check_throttles
    if not throttle.allow_request(request, self):
           ~~~~~~~~~~~~~~~~~~~~~~^^^^^^^^^^^^^^^
  File "C:\Users\Admin\Desktop\DjangoRESTProject\venv\Lib\site-packages\rest_framework\throttling.py", line 123, in allow_request
    self.history = self.cache.get(self.key, [])
                   ~~~~~~~~~~~~~~^^^^^^^^^^^^^^
  File "C:\Users\Admin\Desktop\DjangoRESTProject\venv\Lib\site-packages\django\core\cache\backends\redis.py", line 188, in get
    return self._cache.get(key, default)
           ~~~~~~~~~~~~~~~^^^^^^^^^^^^^^
  File "C:\Users\Admin\Desktop\DjangoRESTProject\venv\Lib\site-packages\django\core\cache\backends\redis.py", line 100, in get
    value = client.get(key)
  File "C:\Users\Admin\Desktop\DjangoRESTProject\venv\Lib\site-packages\redis\commands\core.py", line 1829, in get
    return self.execute_command("GET", name, keys=[name])
           ~~~~~~~~~~~~~~~~~~~~^^^^^^^^^^^^^^^^^^^^^^^^^^
  File "C:\Users\Admin\Desktop\DjangoRESTProject\venv\Lib\site-packages\redis\client.py", line 621, in execute_command
    return self._execute_command(*args, **options)
           ~~~~~~~~~~~~~~~~~~~~~^^^^^^^^^^^^^^^^^^
  File "C:\Users\Admin\Desktop\DjangoRESTProject\venv\Lib\site-packages\redis\client.py", line 627, in _execute_command
    conn = self.connection or pool.get_connection()
                              ~~~~~~~~~~~~~~~~~~~^^
  File "C:\Users\Admin\Desktop\DjangoRESTProject\venv\Lib\site-packages\redis\utils.py", line 195, in wrapper
    return func(*args, **kwargs)
  File "C:\Users\Admin\Desktop\DjangoRESTProject\venv\Lib\site-packages\redis\connection.py", line 1533, in get_connection
    connection.connect()
    ~~~~~~~~~~~~~~~~~~^^
  File "C:\Users\Admin\Desktop\DjangoRESTProject\venv\Lib\site-packages\redis\connection.py", line 380, in connect
    self.connect_check_health(check_health=True)
    ~~~~~~~~~~~~~~~~~~~~~~~~~^^^^^^^^^^^^^^^^^^^
  File "C:\Users\Admin\Desktop\DjangoRESTProject\venv\Lib\site-packages\redis\connection.py", line 397, in connect_check_health
    raise ConnectionError(self._error_message(e))
redis.exceptions.ConnectionError: Error 10061 connecting to 127.0.0.1:6379. No connection could be made because the target machine actively refused it.
Internal Server Error: /api/vehicles/
Traceback (most recent call last):
  File "C:\Users\Admin\Desktop\DjangoRESTProject\venv\Lib\site-packages\redis\connection.py", line 389, in connect_check_health
    sock = self.retry.call_with_retry(
        lambda: self._connect(), lambda error: self.disconnect(error)
    )
  File "C:\Users\Admin\Desktop\DjangoRESTProject\venv\Lib\site-packages\redis\retry.py", line 105, in call_with_retry
    return do()
  File "C:\Users\Admin\Desktop\DjangoRESTProject\venv\Lib\site-packages\redis\connection.py", line 390, in <lambda>
    lambda: self._connect(), lambda error: self.disconnect(error)
            ~~~~~~~~~~~~~^^
  File "C:\Users\Admin\Desktop\DjangoRESTProject\venv\Lib\site-packages\redis\connection.py", line 803, in _connect
    raise err
  File "C:\Users\Admin\Desktop\DjangoRESTProject\venv\Lib\site-packages\redis\connection.py", line 787, in _connect
    sock.connect(socket_address)
    ~~~~~~~~~~~~^^^^^^^^^^^^^^^^
ConnectionRefusedError: [WinError 10061] No connection could be made because the target machine actively refused it

During handling of the above exception, another exception occurred:

Traceback (most recent call last):
  File "C:\Users\Admin\Desktop\DjangoRESTProject\venv\Lib\site-packages\django\core\handlers\exception.py", line 55, in inner
    response = get_response(request)
  File "C:\Users\Admin\Desktop\DjangoRESTProject\venv\Lib\site-packages\django\core\handlers\base.py", line 198, in _get_response
    response = wrapped_callback(request, *callback_args, **callback_kwargs)
  File "C:\Users\Admin\Desktop\DjangoRESTProject\venv\Lib\site-packages\django\views\decorators\csrf.py", line 65, in _view_wrapper
    return view_func(request, *args, **kwargs)
  File "C:\Users\Admin\Desktop\DjangoRESTProject\venv\Lib\site-packages\rest_framework\viewsets.py", line 125, in view
    return self.dispatch(request, *args, **kwargs)
           ~~~~~~~~~~~~~^^^^^^^^^^^^^^^^^^^^^^^^^^
  File "C:\Users\Admin\Desktop\DjangoRESTProject\venv\Lib\site-packages\rest_framework\views.py", line 515, in dispatch
    response = self.handle_exception(exc)
  File "C:\Users\Admin\Desktop\DjangoRESTProject\venv\Lib\site-packages\rest_framework\views.py", line 475, in handle_exception
    self.raise_uncaught_exception(exc)
    ~~~~~~~~~~~~~~~~~~~~~~~~~~~~~^^^^^
  File "C:\Users\Admin\Desktop\DjangoRESTProject\venv\Lib\site-packages\rest_framework\views.py", line 486, in raise_uncaught_exception
    raise exc
  File "C:\Users\Admin\Desktop\DjangoRESTProject\venv\Lib\site-packages\rest_framework\views.py", line 503, in dispatch
    self.initial(request, *args, **kwargs)
    ~~~~~~~~~~~~^^^^^^^^^^^^^^^^^^^^^^^^^^
  File "C:\Users\Admin\Desktop\DjangoRESTProject\venv\Lib\site-packages\rest_framework\views.py", line 422, in initial
    self.check_throttles(request)
    ~~~~~~~~~~~~~~~~~~~~^^^^^^^^^
  File "C:\Users\Admin\Desktop\DjangoRESTProject\venv\Lib\site-packages\rest_framework\views.py", line 365, in check_throttles
    if not throttle.allow_request(request, self):
           ~~~~~~~~~~~~~~~~~~~~~~^^^^^^^^^^^^^^^
  File "C:\Users\Admin\Desktop\DjangoRESTProject\venv\Lib\site-packages\rest_framework\throttling.py", line 123, in allow_request
    self.history = self.cache.get(self.key, [])
                   ~~~~~~~~~~~~~~^^^^^^^^^^^^^^
  File "C:\Users\Admin\Desktop\DjangoRESTProject\venv\Lib\site-packages\django\core\cache\backends\redis.py", line 188, in get
    return self._cache.get(key, default)
           ~~~~~~~~~~~~~~~^^^^^^^^^^^^^^
  File "C:\Users\Admin\Desktop\DjangoRESTProject\venv\Lib\site-packages\django\core\cache\backends\redis.py", line 100, in get
    value = client.get(key)
  File "C:\Users\Admin\Desktop\DjangoRESTProject\venv\Lib\site-packages\redis\commands\core.py", line 1829, in get
    return self.execute_command("GET", name, keys=[name])
           ~~~~~~~~~~~~~~~~~~~~^^^^^^^^^^^^^^^^^^^^^^^^^^
  File "C:\Users\Admin\Desktop\DjangoRESTProject\venv\Lib\site-packages\redis\client.py", line 621, in execute_command
    return self._execute_command(*args, **options)
           ~~~~~~~~~~~~~~~~~~~~~^^^^^^^^^^^^^^^^^^
  File "C:\Users\Admin\Desktop\DjangoRESTProject\venv\Lib\site-packages\redis\client.py", line 627, in _execute_command
    conn = self.connection or pool.get_connection()
                              ~~~~~~~~~~~~~~~~~~~^^
  File "C:\Users\Admin\Desktop\DjangoRESTProject\venv\Lib\site-packages\redis\utils.py", line 195, in wrapper
    return func(*args, **kwargs)
  File "C:\Users\Admin\Desktop\DjangoRESTProject\venv\Lib\site-packages\redis\connection.py", line 1533, in get_connection
    connection.connect()
    ~~~~~~~~~~~~~~~~~~^^
  File "C:\Users\Admin\Desktop\DjangoRESTProject\venv\Lib\site-packages\redis\connection.py", line 380, in connect
    self.connect_check_health(check_health=True)
    ~~~~~~~~~~~~~~~~~~~~~~~~~^^^^^^^^^^^^^^^^^^^
  File "C:\Users\Admin\Desktop\DjangoRESTProject\venv\Lib\site-packages\redis\connection.py", line 397, in connect_check_health
    raise ConnectionError(self._error_message(e))
redis.exceptions.ConnectionError: Error 10061 connecting to 127.0.0.1:6379. No connection could be made because the target machine actively refused it.
Unauthorized: /api/drivers/location/
Bad Request: /api/drivers/
Not Found: /api/rides/00000000-0000-0000-0000-000000000000/fare/
Unauthorized: /api/rides/0a11e261-0b95-4b94-b343-b11c436e2afc/fare/
Unauthorized: /api/drivers/location/
Unauthorized: /api/rides/aggregations/
Bad Request: /api/rides/657f887a-4797-400b-b0f3-bc5713fbb845/accept/
Bad Request: /api/rides/5186463c-f1a4-41e8-85f7-4cb9e51f587f/accept/
Unauthorized: /api/rides/history/
Forbidden: /api/drivers/fa98140d-2ba2-48e2-a181-9cf676651ec1/
Too Many Requests: /api/drivers/
Too Many Requests: /api/drivers/
Too Many Requests: /api/drivers/
Too Many Requests: /api/drivers/
Too Many Requests: /api/drivers/
Unauthorized: /api/drivers/
Bad Request: /api/rides/
Unauthorized: /api/rides/
Unauthorized: /api/drivers/
Forbidden: /api/rides/804531a2-b58b-42c6-ab1f-6a86235b771f/
Unauthorized: /api/vehicles/
Bad Request: /api/vehicles/79c23b06-e5c9-477c-b54c-7e55b022aa0a/
Bad Request: /api/vehicles/
Unauthorized: /api/drivers/location/
Bad Request: /api/drivers/
Not Found: /api/rides/00000000-0000-0000-0000-000000000000/fare/
Unauthorized: /api/rides/35e262f6-682b-47a5-964d-56e834415917/fare/
Unauthorized: /api/drivers/location/
Unauthorized: /api/rides/aggregations/
Bad Request: /api/rides/e6b3efd8-b5e4-47b7-a7fb-69d4eb78b5cb/accept/
Bad Request: /api/rides/f5060912-f4dd-4d79-a7df-77aa7ceaf68a/accept/
Unauthorized: /api/rides/history/
Forbidden: /api/drivers/75653b62-9ffa-4e3a-84bd-d8949a27cb60/
Too Many Requests: /api/drivers/
Too Many Requests: /api/drivers/
Too Many Requests: /api/drivers/
Too Many Requests: /api/drivers/
Too Many Requests: /api/drivers/
Unauthorized: /api/drivers/
Bad Request: /api/rides/
Unauthorized: /api/rides/
Unauthorized: /api/drivers/
Forbidden: /api/rides/1242855a-78ed-4916-9284-6c361970886b/
Unauthorized: /api/vehicles/
Bad Request: /api/vehicles/5f86184d-171d-474b-82ca-b55fde0f19e5/
Bad Request: /api/vehicles/
Unauthorized: /api/drivers/location/
Bad Request: /api/drivers/
Not Found: /api/rides/00000000-0000-0000-0000-000000000000/fare/
Unauthorized: /api/rides/8d458046-7283-4372-96dc-664e8d6674d5/fare/
Unauthorized: /api/drivers/location/
Unauthorized: /api/rides/aggregations/
Bad Request: /api/rides/de1d6cc0-3d0f-487d-ae06-8635ec530506/accept/
Bad Request: /api/rides/cf10ecaf-5d23-4386-aa1e-7ac935b948bb/accept/
Unauthorized: /api/rides/history/
Forbidden: /api/drivers/b339d658-a870-4920-a001-18bd4e50d678/
Too Many Requests: /api/drivers/
Too Many Requests: /api/drivers/
Too Many Requests: /api/drivers/
Too Many Requests: /api/drivers/
Too Many Requests: /api/drivers/
Unauthorized: /api/drivers/
Bad Request: /api/rides/
Unauthorized: /api/rides/
Unauthorized: /api/drivers/
Forbidden: /api/rides/0e6150c0-f594-4691-b8a6-6083abdc5a10/
Unauthorized: /api/vehicles/
Bad Request: /api/vehicles/f335be44-a121-40b8-b632-21fc361f9862/
Bad Request: /api/vehicles/
Unauthorized: /api/drivers/location/
Bad Request: /api/drivers/
Not Found: /api/rides/00000000-0000-0000-0000-000000000000/fare/
Unauthorized: /api/rides/5e4b13be-2eeb-4a80-9880-1895485792f1/fare/
Unauthorized: /api/drivers/location/
Unauthorized: /api/rides/aggregations/
Bad Request: /api/rides/d082cb77-f079-4909-9175-a2f7bf2ad410/accept/
Bad Request: /api/rides/4ecaea15-5b75-4005-87f6-b3c7423f2c00/accept/
Unauthorized: /api/rides/history/
Forbidden: /api/drivers/9af01095-ef85-4e52-ae36-35f9b4471658/
Too Many Requests: /api/drivers/
Too Many Requests: /api/drivers/
Too Many Requests: /api/drivers/
Too Many Requests: /api/drivers/
Too Many Requests: /api/drivers/
Unauthorized: /api/drivers/
Bad Request: /api/rides/
Unauthorized: /api/rides/
Unauthorized: /api/drivers/
Forbidden: /api/rides/95713936-88b0-4ba1-9f41-67501271174d/
Unauthorized: /api/vehicles/
Bad Request: /api/vehicles/77d60f5d-c493-4ddd-ad58-43d8ff12ae39/
Bad Request: /api/vehicles/
Unauthorized: /api/drivers/location/
Bad Request: /api/drivers/
Not Found: /api/rides/00000000-0000-0000-0000-000000000000/fare/
Unauthorized: /api/rides/ab791330-4191-4ea2-a100-4aa739fffaa4/fare/
Unauthorized: /api/drivers/location/
Unauthorized: /api/rides/aggregations/
Bad Request: /api/rides/cc71a3fa-ab01-4539-81f3-075f13b04afa/accept/
Bad Request: /api/rides/9594a1cb-72cf-4747-abb9-4fc5546d4e4e/accept/
Unauthorized: /api/rides/history/
Forbidden: /api/drivers/1d4c2748-9f25-487e-96a3-0845f430f74d/
Too Many Requests: /api/drivers/
Too Many Requests: /api/drivers/
Too Many Requests: /api/drivers/
Too Many Requests: /api/drivers/
Too Many Requests: /api/drivers/
Unauthorized: /api/drivers/
Bad Request: /api/rides/
Unauthorized: /api/rides/
Unauthorized: /api/drivers/
Forbidden: /api/rides/0b622b7b-a28d-4bb3-b78e-77cfa972eaf3/
Unauthorized: /api/vehicles/
Bad Request: /api/vehicles/1e33a990-ea04-473b-86b1-7c355bb385da/
Bad Request: /api/vehicles/
Unauthorized: /api/drivers/location/
Bad Request: /api/drivers/
Not Found: /api/rides/00000000-0000-0000-0000-000000000000/fare/
Unauthorized: /api/rides/0c9cb1e3-787f-422e-8591-d56b2ecbb182/fare/
Unauthorized: /api/drivers/location/
Unauthorized: /api/rides/aggregations/
Bad Request: /api/rides/19c89b45-b198-40da-8443-9c6cffc076a7/accept/
Bad Request: /api/rides/bccd5634-39c1-46fa-b397-d5c429c15607/accept/
Unauthorized: /api/rides/history/
Forbidden: /api/drivers/b39826e6-6e39-4982-876d-b272946d9ce0/
Too Many Requests: /api/drivers/
Too Many Requests: /api/drivers/
Too Many Requests: /api/drivers/
Too Many Requests: /api/drivers/
Too Many Requests: /api/drivers/
Unauthorized: /api/drivers/
Bad Request: /api/rides/
Unauthorized: /api/rides/
Unauthorized: /api/drivers/
Forbidden: /api/rides/07e842ba-3beb-42a8-b0e7-63f7605c0567/
Unauthorized: /api/vehicles/
Bad Request: /api/vehicles/4d6e7184-d935-48a8-a79d-3e538078168d/
Bad Request: /api/vehicles/
Unauthorized: /api/drivers/location/
Bad Request: /api/drivers/
Not Found: /api/rides/00000000-0000-0000-0000-000000000000/fare/
Unauthorized: /api/rides/6cf5c3d3-bebf-487b-ab6b-f1b5ae19798a/fare/
Unauthorized: /api/drivers/location/
Unauthorized: /api/rides/aggregations/
Bad Request: /api/rides/5f34c1a8-2863-442f-b26d-b96d0f3e3960/accept/
Bad Request: /api/rides/896c59dc-cac2-474c-ae4d-99ec873dc212/accept/
Unauthorized: /api/rides/history/
Forbidden: /api/drivers/b013d8d8-eafc-43cd-95ee-39b0bde531df/
Too Many Requests: /api/drivers/
Too Many Requests: /api/drivers/
Too Many Requests: /api/drivers/
Too Many Requests: /api/drivers/
Too Many Requests: /api/drivers/
Unauthorized: /api/drivers/
Bad Request: /api/rides/
Unauthorized: /api/rides/
Unauthorized: /api/drivers/
Forbidden: /api/rides/fdf52ffe-6a1c-4ffa-b0dc-a019b9a3461f/
Unauthorized: /api/vehicles/
Bad Request: /api/vehicles/d202279d-ca24-4cfa-b9ee-293126eb6994/
Bad Request: /api/vehicles/
Unauthorized: /api/drivers/location/
Bad Request: /api/drivers/
Not Found: /api/rides/00000000-0000-0000-0000-000000000000/fare/
Unauthorized: /api/rides/5e5fde28-bbee-4059-a6be-b7bd7cd4cf78/fare/
Unauthorized: /api/drivers/location/
Unauthorized: /api/rides/aggregations/
Bad Request: /api/rides/417cae39-617f-4c22-bc17-8a17d8b4de56/accept/
Bad Request: /api/rides/447320a1-4d3a-4044-a0e4-dd765b896360/accept/
Unauthorized: /api/rides/history/
Forbidden: /api/drivers/801c7f1b-3de9-459c-ab11-0e8619051358/
Too Many Requests: /api/drivers/
Too Many Requests: /api/drivers/
Too Many Requests: /api/drivers/
Too Many Requests: /api/drivers/
Too Many Requests: /api/drivers/
Unauthorized: /api/drivers/
Bad Request: /api/rides/
Unauthorized: /api/rides/
Unauthorized: /api/drivers/
Forbidden: /api/rides/43786b64-a5a1-47c3-a822-407921d33a3f/
Unauthorized: /api/vehicles/
Bad Request: /api/vehicles/fbdebdeb-87e4-4c2f-8658-587acbe250eb/
Bad Request: /api/vehicles/
Unauthorized: /api/v1/drivers/location/
Bad Request: /api/v1/drivers/
Not Found: /api/v1/rides/00000000-0000-0000-0000-000000000000/fare/
Unauthorized: /api/v1/rides/c534e972-a47f-43ec-bb30-bd97009b5a0e/fare/
Unauthorized: /api/v1/drivers/location/
Unauthorized: /api/rides/aggregations/
Bad Request: /api/rides/acce2376-f611-4c50-8372-b8fcb1f0030c/accept/
Bad Request: /api/rides/4d3013ea-8aac-421e-a581-9bdafbd35e74/accept/
Unauthorized: /api/rides/history/
Forbidden: /api/drivers/94b25a6a-dafd-43ed-a2ea-316cc5b1e2b1/
Too Many Requests: /api/drivers/
Too Many Requests: /api/drivers/
Too Many Requests: /api/drivers/
Too Many Requests: /api/drivers/
Too Many Requests: /api/drivers/
Unauthorized: /api/drivers/
Bad Request: /api/rides/
Unauthorized: /api/rides/
Unauthorized: /api/drivers/
Forbidden: /api/rides/36e77966-6a8f-453f-b256-9c8120199141/
Unauthorized: /api/vehicles/
Bad Request: /api/vehicles/decb28c8-50a4-4f52-a068-151ce01f967e/
Bad Request: /api/vehicles/
Bad Request: /api/v1/accounts/login/
Bad Request: /api/v1/accounts/register/
Bad Request: /api/v1/accounts/register/
Bad Request: /api/v1/accounts/profile-crud/
Unauthorized: /api/v1/accounts/profile-crud/
Unauthorized: /api/v1/drivers/location/
Bad Request: /api/v1/drivers/
Not Found: /api/v1/rides/00000000-0000-0000-0000-000000000000/fare/
Unauthorized: /api/v1/rides/780640d9-ef55-4f11-8fc8-6cf5f3dff426/fare/
Unauthorized: /api/v1/drivers/location/
Unauthorized: /api/rides/aggregations/
Bad Request: /api/rides/f3e926bb-6921-41ec-a670-bd2ff670a476/accept/
Bad Request: /api/rides/dcf02f26-e6e0-497a-bc0f-807b1480e1d8/accept/
Unauthorized: /api/rides/history/
Forbidden: /api/drivers/3a87053c-f83e-4ef6-a10d-5eb7dd083b67/
Too Many Requests: /api/drivers/
Too Many Requests: /api/drivers/
Too Many Requests: /api/drivers/
Too Many Requests: /api/drivers/
Too Many Requests: /api/drivers/
Unauthorized: /api/drivers/
Bad Request: /api/rides/
Unauthorized: /api/rides/
Unauthorized: /api/drivers/
Forbidden: /api/rides/72fb2b06-7911-4d93-ba0b-9748c1252a69/
Unauthorized: /api/vehicles/
Bad Request: /api/vehicles/6ae613e2-e5d7-4768-89f4-1fe986a1cd95/
Bad Request: /api/vehicles/
Bad Request: /api/v1/accounts/login/
Bad Request: /api/v1/accounts/register/
Bad Request: /api/v1/accounts/register/
Bad Request: /api/v1/accounts/profile-crud/
Unauthorized: /api/v1/accounts/profile-crud/
Unauthorized: /api/v1/drivers/location/
Bad Request: /api/v1/drivers/
Not Found: /api/v1/rides/00000000-0000-0000-0000-000000000000/fare/
Unauthorized: /api/v1/rides/41208665-c2f1-40e0-86b9-4b8ad942ecf0/fare/
Unauthorized: /api/v1/drivers/location/
Unauthorized: /api/rides/aggregations/
Bad Request: /api/rides/ff40903a-f46d-49c9-8a32-ae48b7df867a/accept/
Bad Request: /api/rides/9a287744-b69a-496e-8264-c466e118ed11/accept/
Unauthorized: /api/rides/history/
Forbidden: /api/drivers/70c48dab-81fb-4591-a1af-6f802230e6fd/
Too Many Requests: /api/drivers/
Too Many Requests: /api/drivers/
Too Many Requests: /api/drivers/
Too Many Requests: /api/drivers/
Too Many Requests: /api/drivers/
Unauthorized: /api/drivers/
Bad Request: /api/rides/
Unauthorized: /api/rides/
Unauthorized: /api/drivers/
Forbidden: /api/rides/1ee3cc97-3e61-4d85-a846-d8f419fa0556/
Unauthorized: /api/vehicles/
Bad Request: /api/vehicles/aa4a646f-16e9-4c43-820e-ca606452d161/
Bad Request: /api/vehicles/
